IncidentID,num_vehicles_involved,eCollisionManner,Longitude,Latitude,InjurySeverity,eIntersectionType,eCollisionManner,city_name,IncidentDateTime,cyclist_citations,driver_citations
2279899,2,OTHER_97,-111.917481521905,33.4943600601756,3,NOT_AT_INTERSECTION_0,OTHER_97,SCOTTSDALE,2009-03-15 08:14:00,OTHER_97,NO_IMPROPER_ACTION
2279905,2,ANGLE_FRONT_TO_SIDE,-111.926119671513,33.4949417874104,3,FOUR_WAY_INTERSECTION,ANGLE_FRONT_TO_SIDE,SCOTTSDALE,2009-03-19 21:42:00,NO_IMPROPER_ACTION,FAILED_TO_YIELD_RIGHT_OF_WAY_103
2279916,2,ANGLE_FRONT_TO_SIDE,-111.909125953561,33.3929708870323,2,FOUR_WAY_INTERSECTION,ANGLE_FRONT_TO_SIDE,TEMPE,2009-03-19 20:01:00,DROVE_RODE_IN_OPPOSING_TRAFFIC_LANE,NOT_APPLICABLE_MINUS_1+NO_IMPROPER_ACTION
2279919,2,OTHER_97,-111.8070565526,33.3643485459298,2,FOUR_WAY_INTERSECTION,OTHER_97,GILBERT,2009-03-26 17:43:00,FAILED_TO_YIELD_RIGHT_OF_WAY_103,NO_IMPROPER_ACTION
2279958,2,ANGLE_FRONT_TO_SIDE,-111.72084742733,33.2852293647961,1,FOUR_WAY_INTERSECTION,ANGLE_FRONT_TO_SIDE,GILBERT,2009-03-20 17:30:00,NO_IMPROPER_ACTION,FAILED_TO_YIELD_RIGHT_OF_WAY_103
2280085,2,ANGLE_FRONT_TO_SIDE,-111.857148600637,33.3967304821428,3,FOUR_WAY_INTERSECTION,ANGLE_FRONT_TO_SIDE,MESA,2009-03-03 19:20:00,OTHER_97,FAILED_TO_YIELD_RIGHT_OF_WAY_103+NOT_APPLICABLE_MINUS_1+NOT_APPLICABLE_MINUS_1
2280176,2,ANGLE_FRONT_TO_SIDE,-112.456966226924,34.599082161669,2,NOT_AT_INTERSECTION_0,ANGLE_FRONT_TO_SIDE,PRESCOTT,2009-03-26 09:30:00,DROVE_RODE_IN_OPPOSING_TRAFFIC_LANE,NO_IMPROPER_ACTION
2280280,2,ANGLE_FRONT_TO_SIDE,-111.842991763027,33.4223409592785,2,T_INTERSECTION,ANGLE_FRONT_TO_SIDE,MESA,2009-03-11 14:28:00,DROVE_RODE_IN_OPPOSING_TRAFFIC_LANE+NOT_APPLICABLE_MINUS_1,NO_IMPROPER_ACTION
2280325,2,ANGLE_FRONT_TO_SIDE,-111.868833010044,33.3786472147692,3,FOUR_WAY_INTERSECTION,ANGLE_FRONT_TO_SIDE,MESA,2009-03-31 16:31:00,NO_IMPROPER_ACTION,DISREGARDED_TRAFFIC_SIGNAL
2280392,2,OTHER_97,-111.620566780541,33.4078308565392,3,T_INTERSECTION,OTHER_97,UNSPECIFIED_999,2009-03-02 12:40:00,DROVE_RODE_IN_OPPOSING_TRAFFIC_LANE,NO_IMPROPER_ACTION+NOT_APPLICABLE_MINUS_1
2280394,2,ANGLE_FRONT_TO_SIDE,-111.580595596486,33.4150866284872,1,FOUR_WAY_INTERSECTION,ANGLE_FRONT_TO_SIDE,UNSPECIFIED_999,2009-03-24 15:13:00,OTHER_97,NO_IMPROPER_ACTION
2280504,2,ANGLE_FRONT_TO_SIDE,-112.291869030227,33.4721986504175,1,NOT_AT_INTERSECTION_0,ANGLE_FRONT_TO_SIDE,AVONDALE,2009-03-29 17:00:00,FAILED_TO_YIELD_RIGHT_OF_WAY_103,NO_IMPROPER_ACTION
2280555,2,ANGLE_FRONT_TO_SIDE,-111.877598955092,33.626547280762,3,NOT_AT_INTERSECTION_0,ANGLE_FRONT_TO_SIDE,SCOTTSDALE,2009-03-20 16:43:00,FAILED_TO_YIELD_RIGHT_OF_WAY_103,NO_IMPROPER_ACTION
2280582,2,LEFT_TURN,-110.970192920936,32.227705888319,3,T_INTERSECTION,LEFT_TURN,TUCSON,2009-01-23 15:22:00,NO_IMPROPER_ACTION,UNKNOWN_99
2280635,2,OTHER_97,-111.917694244108,33.4075295314405,2,FOUR_WAY_INTERSECTION,OTHER_97,TEMPE,2009-03-20 22:32:00,KNOWINGLY_OPERATED_WITH_FAULTY_MISSING_EQUIPMENT,NO_IMPROPER_ACTION
2280650,2,SIDESWIPE_SAME_DIRECTION,-111.604879681086,35.2099431043285,3,FOUR_WAY_INTERSECTION,SIDESWIPE_SAME_DIRECTION,FLAGSTAFF,2009-03-24 16:42:00,FAILED_TO_YIELD_RIGHT_OF_WAY_103,NO_IMPROPER_ACTION
2280678,2,ANGLE_FRONT_TO_SIDE,-111.958246444976,33.3648393350989,3,FOUR_WAY_INTERSECTION,ANGLE_FRONT_TO_SIDE,GUADALUPE,2009-03-12 10:23:00,NO_IMPROPER_ACTION,RAN_STOP_SIGN
2280687,2,ANGLE_FRONT_TO_SIDE,-111.717351566663,33.6229589339033,2,T_INTERSECTION,ANGLE_FRONT_TO_SIDE,FOUNTAIN HILLS,2009-03-02 08:19:00,NO_IMPROPER_ACTION,FAILED_TO_YIELD_RIGHT_OF_WAY_103
2280788,2,OTHER_97,-111.736630859938,33.389092137627,2,T_INTERSECTION,OTHER_97,MESA,2009-03-20 16:11:00,DROVE_RODE_IN_OPPOSING_TRAFFIC_LANE,NO_IMPROPER_ACTION
2280829,2,OTHER_97,0,0,1,T_INTERSECTION,OTHER_97,FLAGSTAFF,2009-03-31 10:08:00,OTHER_97,NO_IMPROPER_ACTION
2280876,2,REAR_END,0,0,3,FOUR_WAY_INTERSECTION,REAR_END,SCOTTSDALE,2009-03-27 02:15:00,NO_IMPROPER_ACTION+NOT_APPLICABLE_MINUS_1+NOT_APPLICABLE_MINUS_1,UNKNOWN_99
2280895,2,ANGLE_FRONT_TO_SIDE,-111.943443458107,33.581986303092,2,FOUR_WAY_INTERSECTION,ANGLE_FRONT_TO_SIDE,PHOENIX,2009-03-24 18:07:00,NO_IMPROPER_ACTION,DISREGARDED_TRAFFIC_SIGNAL
2280953,2,OTHER_97,-111.848042855078,33.3968524051265,2,T_INTERSECTION,OTHER_97,MESA,2009-03-11 07:33:00,RAN_STOP_SIGN,NO_IMPROPER_ACTION
2280955,2,ANGLE_FRONT_TO_SIDE,-111.947867889286,33.4072341878671,2,FOUR_WAY_INTERSECTION,ANGLE_FRONT_TO_SIDE,TEMPE,2009-03-19 10:21:00,FAILED_TO_YIELD_RIGHT_OF_WAY_103,NO_IMPROPER_ACTION
2280989,2,ANGLE_FRONT_TO_SIDE,-111.755695337674,33.335677842515,3,FOUR_WAY_INTERSECTION,ANGLE_FRONT_TO_SIDE,GILBERT,2009-03-26 08:44:00,OTHER_97,UNKNOWN_99
2281032,2,ANGLE_FRONT_TO_SIDE,-111.024964288576,32.1392943654443,4,FOUR_WAY_INTERSECTION,ANGLE_FRONT_TO_SIDE,UNSPECIFIED_999,2009-03-23 07:49:00,UNKNOWN_99,NO_IMPROPER_ACTION+NOT_APPLICABLE_MINUS_1
2281077,2,ANGLE_FRONT_TO_SIDE,-111.908503168566,33.5093766451512,1,FOUR_WAY_INTERSECTION,ANGLE_FRONT_TO_SIDE,SCOTTSDALE,2009-04-23 16:06:00,OTHER_97,NOT_APPLICABLE_MINUS_1+NO_IMPROPER_ACTION+NOT_APPLICABLE_MINUS_1
2281207,2,ANGLE_FRONT_TO_SIDE,-111.912902028449,33.4657845696948,4,NOT_AT_INTERSECTION_0,ANGLE_FRONT_TO_SIDE,SCOTTSDALE,2009-03-21 10:52:00,NO_IMPROPER_ACTION,FAILED_TO_YIELD_RIGHT_OF_WAY_103
2281291,2,ANGLE_FRONT_TO_SIDE,-111.852046518379,33.378767240677,3,T_INTERSECTION,ANGLE_FRONT_TO_SIDE,MESA,2009-03-28 12:00:00,OTHER_97,NO_IMPROPER_ACTION
2281360,2,ANGLE_FRONT_TO_SIDE,-111.926362892886,33.395590066942,3,NOT_AT_INTERSECTION_0,ANGLE_FRONT_TO_SIDE,TEMPE,2009-03-28 12:41:00,FAILED_TO_YIELD_RIGHT_OF_WAY_103,NOT_APPLICABLE_MINUS_1+NOT_APPLICABLE_MINUS_1+NO_IMPROPER_ACTION
2281413,2,ANGLE_FRONT_TO_SIDE,-111.926193985345,33.4002319897918,3,FOUR_WAY_INTERSECTION,ANGLE_FRONT_TO_SIDE,TEMPE,2009-03-20 16:33:00,FAILED_TO_YIELD_RIGHT_OF_WAY_103,NO_IMPROPER_ACTION
2281424,2,HEAD_ON,-111.94786900672,33.4073852718905,1,FOUR_WAY_INTERSECTION,HEAD_ON,TEMPE,2009-03-28 11:44:00,MADE_IMPROPER_TURN,NO_IMPROPER_ACTION+NOT_APPLICABLE_MINUS_1
2281497,2,ANGLE_FRONT_TO_SIDE,-111.926300017737,33.4109531942484,3,NOT_AT_INTERSECTION_0,ANGLE_FRONT_TO_SIDE,TEMPE,2009-03-20 13:53:00,OTHER_97,NO_IMPROPER_ACTION
2281511,2,ANGLE_FRONT_TO_SIDE,-112.24107582776,33.6473462639244,3,T_INTERSECTION,ANGLE_FRONT_TO_SIDE,PEORIA,2009-03-30 07:48:00,FAILED_TO_YIELD_RIGHT_OF_WAY_103,UNKNOWN_99+NOT_APPLICABLE_MINUS_1
2281551,2,SIDESWIPE_SAME_DIRECTION,-111.658422278313,33.5267425098222,1,NOT_AT_INTERSECTION_0,SIDESWIPE_SAME_DIRECTION,UNSPECIFIED_999,2009-03-21 08:40:00,NO_IMPROPER_ACTION,UNSAFE_LANE_CHANGE
2281691,2,OTHER_97,-110.93529352713,32.2576061424194,1,FOUR_WAY_INTERSECTION,OTHER_97,TUCSON,2009-03-02 11:55:00,FAILED_TO_YIELD_RIGHT_OF_WAY_103,UNKNOWN_99
2281725,2,OTHER_97,-110.968617641705,32.2220232985728,3,FOUR_WAY_INTERSECTION,OTHER_97,TUCSON,2009-03-05 16:56:00,NO_IMPROPER_ACTION,NO_IMPROPER_ACTION+NOT_APPLICABLE_MINUS_1
2281740,2,SIDESWIPE_SAME_DIRECTION,-110.943781120088,32.2648448007061,3,FOUR_WAY_INTERSECTION,SIDESWIPE_SAME_DIRECTION,TUCSON,2009-03-03 07:30:00,FOLLOWED_TOO_CLOSELY,NO_IMPROPER_ACTION
2281777,2,ANGLE_FRONT_TO_SIDE,-110.87081418099,32.2011095915369,1,FOUR_WAY_INTERSECTION,ANGLE_FRONT_TO_SIDE,TUCSON,2009-03-05 21:23:00,NO_IMPROPER_ACTION,RAN_STOP_SIGN
2281843,2,SIDESWIPE_SAME_DIRECTION,-110.892552710889,32.2340103198642,3,T_INTERSECTION,SIDESWIPE_SAME_DIRECTION,TUCSON,2009-03-03 15:12:00,NO_IMPROPER_ACTION,NOT_APPLICABLE_MINUS_1+FAILED_TO_YIELD_RIGHT_OF_WAY_103
2281888,2,ANGLE_FRONT_TO_SIDE,-110.959455314534,32.2264573993311,1,T_INTERSECTION,ANGLE_FRONT_TO_SIDE,TUCSON,2009-03-10 22:26:00,DROVE_RODE_IN_OPPOSING_TRAFFIC_LANE,INATTENTION_DISTRACTION
2281920,2,OTHER_97,-112.20278171741,33.523825450768,2,NOT_AT_INTERSECTION_0,OTHER_97,GLENDALE,2009-03-09 17:50:00,FAILED_TO_YIELD_RIGHT_OF_WAY_103,NO_IMPROPER_ACTION
2281989,2,REAR_END,-112.1713717512,33.6155381280969,3,NOT_AT_INTERSECTION_0,REAR_END,GLENDALE,2009-03-07 17:46:00,INATTENTION_DISTRACTION,NOT_APPLICABLE_MINUS_1+NO_IMPROPER_ACTION+NOT_APPLICABLE_MINUS_1
2282044,2,OTHER_97,-110.952523054066,32.2498572248115,3,FOUR_WAY_INTERSECTION,OTHER_97,TUCSON,2009-03-08 16:22:00,NO_IMPROPER_ACTION,MADE_IMPROPER_TURN
2282063,2,ANGLE_FRONT_TO_SIDE,-110.786243346992,32.2354346041462,3,FOUR_WAY_INTERSECTION,ANGLE_FRONT_TO_SIDE,TUCSON,2009-03-09 18:10:00,NO_IMPROPER_ACTION,FAILED_TO_YIELD_RIGHT_OF_WAY_103
2282101,2,ANGLE_FRONT_TO_SIDE,-111.913256625574,33.6777815764713,2,FOUR_WAY_INTERSECTION,ANGLE_FRONT_TO_SIDE,SCOTTSDALE,2009-03-26 15:30:00,FAILED_TO_YIELD_RIGHT_OF_WAY_103,NO_IMPROPER_ACTION
2282184,2,ANGLE_FRONT_TO_SIDE,-112.211693368887,33.6898084340903,1,NOT_AT_INTERSECTION_0,ANGLE_FRONT_TO_SIDE,GLENDALE,2009-03-04 11:44:00,FAILED_TO_KEEP_IN_PROPER_LANE,NO_IMPROPER_ACTION
2282195,2,SIDESWIPE_OPPOSITE_DIRECTION,-110.911987837547,32.2578467539361,1,FOUR_WAY_INTERSECTION,SIDESWIPE_OPPOSITE_DIRECTION,TUCSON,2009-03-01 16:54:00,DROVE_RODE_IN_OPPOSING_TRAFFIC_LANE,NO_IMPROPER_ACTION
2282281,2,SIDESWIPE_OPPOSITE_DIRECTION,-111.805354137144,33.4079222696528,3,FOUR_WAY_INTERSECTION,SIDESWIPE_OPPOSITE_DIRECTION,MESA,2009-03-17 16:48:00,DISREGARDED_TRAFFIC_SIGNAL,NO_IMPROPER_ACTION
2282314,2,ANGLE_FRONT_TO_SIDE,-112.186282377027,33.5639104405117,3,T_INTERSECTION,ANGLE_FRONT_TO_SIDE,GLENDALE,2009-03-04 08:02:00,DROVE_RODE_IN_OPPOSING_TRAFFIC_LANE,NO_IMPROPER_ACTION
2282501,2,OTHER_97,-111.934908572354,33.3928985396716,2,FOUR_WAY_INTERSECTION,OTHER_97,TEMPE,2009-03-30 16:22:00,NO_IMPROPER_ACTION,OTHER_97
2282531,2,OTHER_97,-112.168734417162,33.5240150188834,2,FOUR_WAY_INTERSECTION,OTHER_97,GLENDALE,2009-03-08 19:55:00,REQUIRED_MOTORCYCLE_SAFETY_EQUIPMENT_NOT_USED,NO_IMPROPER_ACTION+NOT_APPLICABLE_MINUS_1
2282631,2,SIDESWIPE_SAME_DIRECTION,-110.909722044023,32.2506125257014,3,FOUR_WAY_INTERSECTION,SIDESWIPE_SAME_DIRECTION,TUCSON,2009-03-14 13:12:00,NO_IMPROPER_ACTION,FAILED_TO_YIELD_RIGHT_OF_WAY_103
2282656,2,ANGLE_FRONT_TO_SIDE,-110.874439269768,32.2289289041841,3,NOT_AT_INTERSECTION_0,ANGLE_FRONT_TO_SIDE,TUCSON,2009-03-17 08:36:00,OTHER_97,NO_IMPROPER_ACTION
2282659,2,ANGLE_FRONT_TO_SIDE,-110.875181383732,32.2434581746912,2,NOT_AT_INTERSECTION_0,ANGLE_FRONT_TO_SIDE,TUCSON,2009-03-17 16:34:00,NO_IMPROPER_ACTION,FAILED_TO_YIELD_RIGHT_OF_WAY_103
2283570,2,SIDESWIPE_SAME_DIRECTION,-110.892639530312,32.2361974793206,3,NOT_AT_INTERSECTION_0,SIDESWIPE_SAME_DIRECTION,TUCSON,2009-03-18 13:29:00,NO_IMPROPER_ACTION,FAILED_TO_YIELD_RIGHT_OF_WAY_103
2283681,2,OTHER_97,-112.203136082038,33.7122017646515,3,FOUR_WAY_INTERSECTION,OTHER_97,PHOENIX,2009-03-08 19:53:00,DISREGARDED_TRAFFIC_SIGNAL,NO_IMPROPER_ACTION
2283734,2,LEFT_TURN,-110.76950667636,32.1137690782477,3,T_INTERSECTION,LEFT_TURN,TUCSON,2009-03-19 14:23:00,MADE_IMPROPER_TURN,NO_IMPROPER_ACTION+NOT_APPLICABLE_MINUS_1+NOT_APPLICABLE_MINUS_1
2283797,2,OTHER_97,-112.07933648523,33.4370747915949,3,FOUR_WAY_INTERSECTION,OTHER_97,PHOENIX,2009-03-17 16:58:00,RAN_STOP_SIGN,NO_IMPROPER_ACTION
2283808,2,OTHER_97,-112.052092410093,33.6475644070619,2,NOT_AT_INTERSECTION_0,OTHER_97,PHOENIX,2009-03-18 17:48:00,NO_IMPROPER_ACTION,NOT_APPLICABLE_MINUS_1+FAILED_TO_YIELD_RIGHT_OF_WAY_103+NOT_APPLICABLE_MINUS_1
2283832,2,LEFT_TURN,-112.099666326344,33.5569427587079,2,NOT_AT_INTERSECTION_0,LEFT_TURN,PHOENIX,2009-03-02 19:41:00,FAILED_TO_KEEP_IN_PROPER_LANE,UNKNOWN_99
2283843,2,OTHER_97,0,0,3,T_INTERSECTION,OTHER_97,PHOENIX,2009-03-06 18:27:00,NO_IMPROPER_ACTION,INATTENTION_DISTRACTION
2283972,2,LEFT_TURN,-112.030251408473,33.4585652082886,3,FOUR_WAY_INTERSECTION,LEFT_TURN,PHOENIX,2009-03-14 15:19:00,DROVE_RODE_IN_OPPOSING_TRAFFIC_LANE,NO_IMPROPER_ACTION
2284006,2,ANGLE_FRONT_TO_SIDE,0,0,3,FOUR_WAY_INTERSECTION,ANGLE_FRONT_TO_SIDE,PHOENIX,2009-03-05 14:44:00,DROVE_RODE_IN_OPPOSING_TRAFFIC_LANE,NO_IMPROPER_ACTION+NOT_APPLICABLE_MINUS_1+NOT_APPLICABLE_MINUS_1
2284018,2,UNKNOWN_99,-112.110822914213,33.4361555560514,4,UNKNOWN_99,UNKNOWN_99,PHOENIX,2009-03-16 10:35:00,UNKNOWN_99,SPEED_TOO_FAST_FOR_CONDITIONS
2284066,2,LEFT_TURN,-112.134533634297,33.442358079353,3,FOUR_WAY_INTERSECTION,LEFT_TURN,PHOENIX,2009-03-17 18:55:00,NO_IMPROPER_ACTION,FAILED_TO_YIELD_RIGHT_OF_WAY_103
2284079,2,ANGLE_FRONT_TO_SIDE,-111.975029167837,33.3626850296602,2,FOUR_WAY_INTERSECTION,ANGLE_FRONT_TO_SIDE,PHOENIX,2009-03-21 13:26:00,OTHER_97,FAILED_TO_YIELD_RIGHT_OF_WAY_103
2284130,2,OTHER_97,-112.203227834339,33.4911781105523,4,FOUR_WAY_INTERSECTION,OTHER_97,PHOENIX,2009-03-21 22:48:00,EXCEEDED_LAWFUL_SPEED,FAILED_TO_YIELD_RIGHT_OF_WAY_103
2284384,2,ANGLE_FRONT_TO_SIDE,-112.143300646931,33.5457460667219,2,NOT_AT_INTERSECTION_0,ANGLE_FRONT_TO_SIDE,PHOENIX,2009-03-11 21:30:00,DID_NOT_USE_CROSSWALK,INATTENTION_DISTRACTION+NOT_APPLICABLE_MINUS_1
2284405,2,HEAD_ON,-110.977494438683,32.1666853109744,4,NOT_AT_INTERSECTION_0,HEAD_ON,TUCSON,2009-03-12 16:40:00,NO_IMPROPER_ACTION,FAILED_TO_YIELD_RIGHT_OF_WAY_103
2284411,2,ANGLE_FRONT_TO_SIDE,-111.978472159309,33.4656565599332,3,FOUR_WAY_INTERSECTION,ANGLE_FRONT_TO_SIDE,PHOENIX,2009-03-20 06:45:00,OTHER_97,FAILED_TO_YIELD_RIGHT_OF_WAY_103+NOT_APPLICABLE_MINUS_1
2284441,2,REAR_END,-111.035869629909,32.3271643707603,3,T_INTERSECTION,REAR_END,UNSPECIFIED_999,2009-03-24 18:02:00,NO_IMPROPER_ACTION,NO_IMPROPER_ACTION
2284532,2,LEFT_TURN,-110.896522167189,32.206962197899,3,T_INTERSECTION,LEFT_TURN,TUCSON,2009-03-13 08:06:00,OTHER_97,FAILED_TO_YIELD_RIGHT_OF_WAY_103
2284571,2,ANGLE_FRONT_TO_SIDE,-111.875827451367,33.2180829541342,3,FOUR_WAY_INTERSECTION,ANGLE_FRONT_TO_SIDE,UNSPECIFIED_999,2009-03-23 18:13:00,NO_IMPROPER_ACTION,FAILED_TO_YIELD_RIGHT_OF_WAY_103
2284592,2,OTHER_97,-112.047777455695,33.4390803915148,4,T_INTERSECTION,OTHER_97,PHOENIX,2009-03-03 12:42:00,OTHER_97,NO_IMPROPER_ACTION
2284652,2,LEFT_TURN,-110.943842122836,32.2252250481677,3,NOT_AT_INTERSECTION_0,LEFT_TURN,TUCSON,2009-03-20 21:46:00,OTHER_97,NO_IMPROPER_ACTION
2284758,2,OTHER_97,-112.040134777778,33.4929487496446,2,NOT_AT_INTERSECTION_0,OTHER_97,PHOENIX,2009-03-25 16:11:00,FAILED_TO_YIELD_RIGHT_OF_WAY_103,NO_IMPROPER_ACTION+NOT_APPLICABLE_MINUS_1
2284786,2,ANGLE_FRONT_TO_SIDE,-112.119538946071,33.5093811153094,3,FOUR_WAY_INTERSECTION,ANGLE_FRONT_TO_SIDE,PHOENIX,2009-03-24 11:27:00,NO_IMPROPER_ACTION,FAILED_TO_YIELD_RIGHT_OF_WAY_103+NOT_APPLICABLE_MINUS_1
2284884,2,ANGLE_FRONT_TO_SIDE,-111.872038510286,33.3059897573938,1,FOUR_WAY_INTERSECTION,ANGLE_FRONT_TO_SIDE,CHANDLER,2009-03-04 13:16:00,NO_IMPROPER_ACTION,DISREGARDED_TRAFFIC_SIGNAL
2284937,2,ANGLE_FRONT_TO_SIDE,-112.014499165695,33.2977877758072,4,NOT_AT_INTERSECTION_0,ANGLE_FRONT_TO_SIDE,PHOENIX,2009-03-02 08:40:00,FAILED_TO_YIELD_RIGHT_OF_WAY_103,NO_IMPROPER_ACTION+NOT_APPLICABLE_MINUS_1+NOT_APPLICABLE_MINUS_1
2284968,2,ANGLE_FRONT_TO_SIDE,-110.973236846264,32.1612944874019,3,T_INTERSECTION,ANGLE_FRONT_TO_SIDE,TUCSON,2009-03-20 08:08:00,NO_IMPROPER_ACTION,FAILED_TO_YIELD_RIGHT_OF_WAY_103+NOT_APPLICABLE_MINUS_1
2284976,2,ANGLE_FRONT_TO_SIDE,-111.876413813342,33.3494652366893,1,FOUR_WAY_INTERSECTION,ANGLE_FRONT_TO_SIDE,CHANDLER,2009-03-05 15:39:00,NO_IMPROPER_ACTION,NO_IMPROPER_ACTION
2284992,3,SIDESWIPE_SAME_DIRECTION,0,0,4,NOT_AT_INTERSECTION_0,SIDESWIPE_SAME_DIRECTION,GILBERT,2009-03-25 07:05:00,NO_IMPROPER_ACTION,OTHER_97+OTHER_97
2285065,2,ANGLE_FRONT_TO_SIDE,-111.982922327514,33.5020923164627,3,FOUR_WAY_INTERSECTION,ANGLE_FRONT_TO_SIDE,PHOENIX,2009-03-24 17:41:00,INATTENTION_DISTRACTION,INATTENTION_DISTRACTION
2285108,2,OTHER_97,-112.040486101472,33.60412270177,3,NOT_AT_INTERSECTION_0,OTHER_97,PHOENIX,2009-03-29 11:03:00,RAN_STOP_SIGN,NO_IMPROPER_ACTION
2285110,2,ANGLE_FRONT_TO_SIDE,-112.065465815318,33.6415800553458,3,NOT_AT_INTERSECTION_0,ANGLE_FRONT_TO_SIDE,PHOENIX,2009-03-29 11:17:00,DROVE_RODE_IN_OPPOSING_TRAFFIC_LANE,NO_IMPROPER_ACTION+NOT_APPLICABLE_MINUS_1
2285292,2,OTHER_97,-110.901221673342,32.24846335777,3,FOUR_WAY_INTERSECTION,OTHER_97,TUCSON,2009-03-20 14:39:00,DROVE_RODE_IN_OPPOSING_TRAFFIC_LANE,FAILED_TO_YIELD_RIGHT_OF_WAY_103
2285423,2,LEFT_TURN,-111.986358199162,33.5086569510258,3,NOT_AT_INTERSECTION_0,LEFT_TURN,PHOENIX,2009-03-13 10:27:00,NO_IMPROPER_ACTION,MADE_IMPROPER_TURN
2285462,2,ANGLE_FRONT_TO_SIDE,-112.012465266433,33.4512631908671,2,NOT_AT_INTERSECTION_0,ANGLE_FRONT_TO_SIDE,PHOENIX,2009-03-24 15:50:00,OTHER_97,NO_IMPROPER_ACTION
2285568,2,SIDESWIPE_SAME_DIRECTION,-111.824251111794,33.2952954614018,3,T_INTERSECTION,SIDESWIPE_SAME_DIRECTION,CHANDLER,2009-03-06 19:39:00,FAILED_TO_YIELD_RIGHT_OF_WAY_103,NO_IMPROPER_ACTION
2285575,2,SIDESWIPE_SAME_DIRECTION,-111.874854716586,33.3539479332035,3,NOT_AT_INTERSECTION_0,SIDESWIPE_SAME_DIRECTION,CHANDLER,2009-03-13 16:10:00,NO_IMPROPER_ACTION,NO_IMPROPER_ACTION+NOT_APPLICABLE_MINUS_1+NOT_APPLICABLE_MINUS_1+NOT_APPLICABLE_MINUS_1
2285618,2,ANGLE_FRONT_TO_SIDE,-111.859141659818,33.316969144866,1,T_INTERSECTION,ANGLE_FRONT_TO_SIDE,CHANDLER,2009-03-17 11:25:00,DROVE_RODE_IN_OPPOSING_TRAFFIC_LANE,INATTENTION_DISTRACTION
2285715,2,OTHER_97,-112.262900674845,33.5085633322386,1,NOT_AT_INTERSECTION_0,OTHER_97,GLENDALE,2009-03-04 14:19:00,FAILED_TO_YIELD_RIGHT_OF_WAY_103,INATTENTION_DISTRACTION
2285744,2,ANGLE_FRONT_TO_SIDE,-112.134236426025,33.5003827035358,2,T_INTERSECTION,ANGLE_FRONT_TO_SIDE,PHOENIX,2009-03-28 15:32:00,NO_IMPROPER_ACTION,UNKNOWN_99
2285806,2,ANGLE_FRONT_TO_SIDE,-110.978136347908,32.2752197089561,1,NOT_AT_INTERSECTION_0,ANGLE_FRONT_TO_SIDE,TUCSON,2009-03-29 17:23:00,FAILED_TO_YIELD_RIGHT_OF_WAY_103,NO_IMPROPER_ACTION
2285829,2,LEFT_TURN,-110.978139858862,32.2778608763364,2,NOT_AT_INTERSECTION_0,LEFT_TURN,TUCSON,2009-03-31 12:25:00,DROVE_RODE_IN_OPPOSING_TRAFFIC_LANE,NO_IMPROPER_ACTION
2287128,2,ANGLE_FRONT_TO_SIDE,-110.959420464913,32.2213558668164,3,FOUR_WAY_INTERSECTION,ANGLE_FRONT_TO_SIDE,TUCSON,2009-03-21 19:52:00,DISREGARDED_PAVEMENT_MARKINGS,NO_IMPROPER_ACTION
2287196,2,ANGLE_FRONT_TO_SIDE,-111.908953609941,33.418980441528,1,T_INTERSECTION,ANGLE_FRONT_TO_SIDE,TEMPE,2009-04-07 08:09:00,DROVE_RODE_IN_OPPOSING_TRAFFIC_LANE,NO_IMPROPER_ACTION
2287268,2,OTHER_97,-112.222698013521,33.5687048137959,2,NOT_AT_INTERSECTION_0,OTHER_97,PEORIA,2009-04-04 20:00:00,UNKNOWN_99,UNKNOWN_99
2287323,2,SIDESWIPE_SAME_DIRECTION,-110.956149838045,33.362177221255,3,NOT_AT_INTERSECTION_0,SIDESWIPE_SAME_DIRECTION,UNSPECIFIED_999,2009-03-30 13:35:00,UNKNOWN_99,UNKNOWN_99
2287356,2,LEFT_TURN,-110.905307242585,32.2506388169166,3,T_INTERSECTION,LEFT_TURN,TUCSON,2009-03-22 17:12:00,OTHER_97,INATTENTION_DISTRACTION
2287357,2,ANGLE_FRONT_TO_SIDE,-110.88837110438,32.2434195311122,2,FOUR_WAY_INTERSECTION,ANGLE_FRONT_TO_SIDE,TUCSON,2009-03-26 15:42:00,NOT_APPLICABLE_MINUS_1+DROVE_RODE_IN_OPPOSING_TRAFFIC_LANE,NO_IMPROPER_ACTION
2287396,2,ANGLE_FRONT_TO_SIDE,-110.876074526122,32.2068942222351,2,NOT_AT_INTERSECTION_0,ANGLE_FRONT_TO_SIDE,TUCSON,2009-03-24 16:27:00,NO_IMPROPER_ACTION,FAILED_TO_YIELD_RIGHT_OF_WAY_103
2287729,2,ANGLE_FRONT_TO_SIDE,-112.174905296978,33.5962198067625,3,T_INTERSECTION,ANGLE_FRONT_TO_SIDE,GLENDALE,2009-04-22 21:00:00,NO_IMPROPER_ACTION,FAILED_TO_YIELD_RIGHT_OF_WAY_103
2287759,2,OTHER_97,-112.177145796256,33.6107588802624,2,FOUR_WAY_INTERSECTION,OTHER_97,GLENDALE,2009-03-19 15:30:00,NO_IMPROPER_ACTION,FAILED_TO_YIELD_RIGHT_OF_WAY_103