IncidentID,num_vehicles_involved,eCollisionManner,Longitude,Latitude,InjurySeverity,eIntersectionType,eCollisionManner,city_name,IncidentDateTime,cyclist_citations,driver_citations
2288131,2,OTHER_97,-112.181628762516,33.5891173245856,3,FOUR_WAY_INTERSECTION,OTHER_97,GLENDALE,2009-03-25 07:25:00,FAILED_TO_YIELD_RIGHT_OF_WAY_103,NO_IMPROPER_ACTION
2288142,2,LEFT_TURN,-112.160186742542,33.567479830474,2,FOUR_WAY_INTERSECTION,LEFT_TURN,GLENDALE,2009-03-31 07:25:00,INATTENTION_DISTRACTION,NO_IMPROPER_ACTION
2288341,2,ANGLE_FRONT_TO_SIDE,-112.003080369706,33.6407915090214,4,T_INTERSECTION,ANGLE_FRONT_TO_SIDE,PHOENIX,2009-03-15 12:07:00,UNKNOWN_99,NOT_APPLICABLE_MINUS_1+UNKNOWN_99+NOT_APPLICABLE_MINUS_1+NOT_APPLICABLE_MINUS_1
2288349,2,OTHER_97,-110.968284884013,32.1778234535799,3,FOUR_WAY_INTERSECTION,OTHER_97,TUCSON,2009-03-25 11:08:00,DID_NOT_USE_CROSSWALK,NO_IMPROPER_ACTION
2288388,4,SIDESWIPE_SAME_DIRECTION,-110.834083693204,32.2355796606169,2,NOT_AT_INTERSECTION_0,SIDESWIPE_SAME_DIRECTION,TUCSON,2009-03-29 07:52:00,UNSAFE_LANE_CHANGE,NO_IMPROPER_ACTION+NOT_APPLICABLE_MINUS_1+NO_IMPROPER_ACTION+NOT_APPLICABLE_MINUS_1+NO_IMPROPER_ACTION
2288842,2,LEFT_TURN,-111.827691218494,33.4005443370546,3,FOUR_WAY_INTERSECTION,LEFT_TURN,MESA,2009-04-03 15:21:00,RAN_STOP_SIGN,NO_IMPROPER_ACTION+NOT_APPLICABLE_MINUS_1+NOT_APPLICABLE_MINUS_1
2288892,2,HEAD_ON,-112.238637074973,33.4229392260287,2,FOUR_WAY_INTERSECTION,HEAD_ON,PHOENIX,2009-03-29 18:30:00,NO_IMPROPER_ACTION,FAILED_TO_YIELD_RIGHT_OF_WAY_103
2288963,2,HEAD_ON,-111.898702922185,33.4658383547939,3,NOT_AT_INTERSECTION_0,HEAD_ON,SCOTTSDALE,2009-04-07 06:36:00,OTHER_97,NO_IMPROPER_ACTION
2288966,2,SIDESWIPE_SAME_DIRECTION,-111.960922054949,33.4217283875755,3,NOT_AT_INTERSECTION_0,SIDESWIPE_SAME_DIRECTION,TEMPE,2009-03-06 14:08:00,NO_IMPROPER_ACTION,FAILED_TO_KEEP_IN_PROPER_LANE
2288983,2,ANGLE_FRONT_TO_SIDE,-112.290152017396,33.4880854173422,3,FOUR_WAY_INTERSECTION,ANGLE_FRONT_TO_SIDE,AVONDALE,2009-04-02 08:30:00,NO_IMPROPER_ACTION,INATTENTION_DISTRACTION
2289003,2,ANGLE_FRONT_TO_SIDE,-111.788365740512,33.3833668705671,2,T_INTERSECTION,ANGLE_FRONT_TO_SIDE,MESA,2009-04-11 11:47:00,NO_IMPROPER_ACTION,RAN_STOP_SIGN
2289031,2,LEFT_TURN,-110.952456309924,32.2373283471401,3,FOUR_WAY_INTERSECTION,LEFT_TURN,TUCSON,2009-04-07 08:40:00,NO_IMPROPER_ACTION,FAILED_TO_YIELD_RIGHT_OF_WAY_103
2289061,2,ANGLE_FRONT_TO_SIDE,-111.942414191249,33.4220409297397,4,FOUR_WAY_INTERSECTION,ANGLE_FRONT_TO_SIDE,TEMPE,2009-04-01 11:55:00,DROVE_RODE_IN_OPPOSING_TRAFFIC_LANE,NO_IMPROPER_ACTION
2289090,2,ANGLE_FRONT_TO_SIDE,-111.840039393252,33.3859735620115,1,NOT_AT_INTERSECTION_0,ANGLE_FRONT_TO_SIDE,MESA,2009-04-04 18:05:00,DROVE_RODE_IN_OPPOSING_TRAFFIC_LANE,FAILED_TO_YIELD_RIGHT_OF_WAY_103
2289093,2,ANGLE_FRONT_TO_SIDE,-111.579449301931,33.4150908310898,4,NOT_AT_INTERSECTION_0,ANGLE_FRONT_TO_SIDE,APACHE JUNCTION,2009-04-02 14:13:00,FAILED_TO_YIELD_RIGHT_OF_WAY_103,NO_IMPROPER_ACTION
2289113,2,SIDESWIPE_SAME_DIRECTION,-111.05266553748,32.294154181914,3,NOT_AT_INTERSECTION_0,SIDESWIPE_SAME_DIRECTION,UNSPECIFIED_999,2009-03-31 17:48:00,NO_IMPROPER_ACTION,OTHER_UNSAFE_PASSING
2289116,2,OTHER_97,-111.56638130194,33.4083977644283,4,NOT_AT_INTERSECTION_0,OTHER_97,APACHE JUNCTION,2009-04-02 16:00:00,MADE_IMPROPER_TURN,NO_IMPROPER_ACTION
2289126,2,ANGLE_FRONT_TO_SIDE,-111.764047980731,33.4299646286758,2,T_INTERSECTION,ANGLE_FRONT_TO_SIDE,MESA,2009-04-07 08:15:00,DROVE_RODE_IN_OPPOSING_TRAFFIC_LANE,NO_IMPROPER_ACTION
2289318,2,ANGLE_FRONT_TO_SIDE,-111.107239520064,32.3376196013427,3,T_INTERSECTION,ANGLE_FRONT_TO_SIDE,UNSPECIFIED_999,2009-04-09 06:59:00,NO_IMPROPER_ACTION,EXCEEDED_LAWFUL_SPEED
2289375,2,ANGLE_FRONT_TO_SIDE,-111.926188457269,33.4696814563421,1,NOT_AT_INTERSECTION_0,ANGLE_FRONT_TO_SIDE,SCOTTSDALE,2009-03-31 23:29:00,NO_IMPROPER_ACTION,FAILED_TO_YIELD_RIGHT_OF_WAY_103
2289451,2,HEAD_ON,-110.282043963522,31.554637165978,3,FOUR_WAY_INTERSECTION,HEAD_ON,SIERRA VISTA,2009-04-15 05:39:00,NO_IMPROPER_ACTION,INATTENTION_DISTRACTION+NOT_APPLICABLE_MINUS_1
2289563,2,OTHER_97,-112.39249654697,33.4606165093627,1,NOT_AT_INTERSECTION_0,OTHER_97,GOODYEAR,2009-04-06 17:54:00,DROVE_RODE_IN_OPPOSING_TRAFFIC_LANE,NO_IMPROPER_ACTION
2289605,2,SIDESWIPE_OPPOSITE_DIRECTION,0,0,3,T_INTERSECTION,SIDESWIPE_OPPOSITE_DIRECTION,TUCSON,2009-04-15 18:00:00,NO_IMPROPER_ACTION,NO_IMPROPER_ACTION
2289660,2,ANGLE_FRONT_TO_SIDE,-111.907492501249,33.407502065223,3,NOT_AT_INTERSECTION_0,ANGLE_FRONT_TO_SIDE,TEMPE,2009-04-17 11:58:00,DROVE_RODE_IN_OPPOSING_TRAFFIC_LANE,NO_IMPROPER_ACTION
2289662,2,ANGLE_FRONT_TO_SIDE,-111.909139557007,33.3951695233466,3,NOT_AT_INTERSECTION_0,ANGLE_FRONT_TO_SIDE,TEMPE,2009-04-18 13:57:00,DROVE_RODE_IN_OPPOSING_TRAFFIC_LANE,NO_IMPROPER_ACTION
2289665,2,OTHER_97,-111.868354377957,33.6136701464812,3,FOUR_WAY_INTERSECTION,OTHER_97,SCOTTSDALE,2009-04-17 17:04:00,NO_IMPROPER_ACTION,DISREGARDED_TRAFFIC_SIGNAL
2289708,2,LEFT_TURN,-111.972050902368,33.3927980726402,1,FOUR_WAY_INTERSECTION,LEFT_TURN,TEMPE,2009-04-12 16:02:00,NO_IMPROPER_ACTION,FAILED_TO_YIELD_RIGHT_OF_WAY_103
2289716,2,LEFT_TURN,-111.919423677384,33.4075216238645,2,NOT_AT_INTERSECTION_0,LEFT_TURN,TEMPE,2009-04-08 07:53:00,OTHER_97,FAILED_TO_YIELD_RIGHT_OF_WAY_103
2289725,2,LEFT_TURN,-111.926308977118,33.4181186233671,3,NOT_AT_INTERSECTION_0,LEFT_TURN,TEMPE,2009-04-09 12:07:00,INATTENTION_DISTRACTION,NO_IMPROPER_ACTION
2289728,2,SIDESWIPE_SAME_DIRECTION,-111.940028246569,33.4242623847205,1,FOUR_WAY_INTERSECTION,SIDESWIPE_SAME_DIRECTION,TEMPE,2009-04-04 02:13:00,INATTENTION_DISTRACTION,NO_IMPROPER_ACTION
2289735,2,LEFT_TURN,-111.922571306024,33.4168846317724,2,FOUR_WAY_INTERSECTION,LEFT_TURN,TEMPE,2009-04-09 09:46:00,NO_IMPROPER_ACTION,FAILED_TO_YIELD_RIGHT_OF_WAY_103
2289746,2,LEFT_TURN,-111.646260171798,35.1873747450639,3,T_INTERSECTION,LEFT_TURN,FLAGSTAFF,2009-04-13 15:43:00,MADE_IMPROPER_TURN,NO_IMPROPER_ACTION
2289851,2,ANGLE_FRONT_TO_SIDE,-110.279400196708,31.5546362284308,1,T_INTERSECTION,ANGLE_FRONT_TO_SIDE,SIERRA VISTA,2009-04-20 19:33:00,DROVE_RODE_IN_OPPOSING_TRAFFIC_LANE,SPEED_TOO_FAST_FOR_CONDITIONS
2289981,2,SIDESWIPE_SAME_DIRECTION,-111.818108726554,33.4514777497523,3,NOT_AT_INTERSECTION_0,SIDESWIPE_SAME_DIRECTION,MESA,2009-02-28 08:25:00,OTHER_97,FAILED_TO_YIELD_RIGHT_OF_WAY_103
2289991,2,HEAD_ON,-111.563431620908,33.4440927318945,4,NOT_AT_INTERSECTION_0,HEAD_ON,APACHE JUNCTION,2009-04-18 19:45:00,DROVE_RODE_IN_OPPOSING_TRAFFIC_LANE,KNOWINGLY_OPERATED_WITH_FAULTY_MISSING_EQUIPMENT
2290079,2,ANGLE_FRONT_TO_SIDE,-111.926183234193,33.4727871967589,1,NOT_AT_INTERSECTION_0,ANGLE_FRONT_TO_SIDE,SCOTTSDALE,2009-04-07 19:54:00,DROVE_RODE_IN_OPPOSING_TRAFFIC_LANE,NO_IMPROPER_ACTION
2290099,2,REAR_END,-111.926495691742,33.4191294189997,1,T_INTERSECTION,REAR_END,TEMPE,2009-04-13 06:27:00,NO_IMPROPER_ACTION,INATTENTION_DISTRACTION
2290197,2,ANGLE_FRONT_TO_SIDE,-111.925932714619,33.4075079553743,2,NOT_AT_INTERSECTION_0,ANGLE_FRONT_TO_SIDE,TEMPE,2009-04-06 18:15:00,DROVE_RODE_IN_OPPOSING_TRAFFIC_LANE,FAILED_TO_YIELD_RIGHT_OF_WAY_103
2290203,2,REAR_TO_SIDE,-111.978328368413,33.3927631602965,3,FOUR_WAY_INTERSECTION,REAR_TO_SIDE,TEMPE,2009-04-10 04:27:00,INATTENTION_DISTRACTION,NO_IMPROPER_ACTION
2290243,2,ANGLE_FRONT_TO_SIDE,-111.922491897789,33.4075084674357,2,T_INTERSECTION,ANGLE_FRONT_TO_SIDE,TEMPE,2009-04-08 13:54:00,OTHER_97,INATTENTION_DISTRACTION
2290264,2,OTHER_97,-112.030337428053,33.5091869855268,4,NOT_AT_INTERSECTION_0,OTHER_97,PHOENIX,2009-03-27 15:38:00,OTHER_97,NO_IMPROPER_ACTION+NOT_APPLICABLE_MINUS_1+NOT_APPLICABLE_MINUS_1+NOT_APPLICABLE_MINUS_1+NOT_APPLICABLE_MINUS_1+NOT_APPLICABLE_MINUS_1+NOT_APPLICABLE_MINUS_1+NOT_APPLICABLE_MINUS_1
2290427,2,ANGLE_FRONT_TO_SIDE,-111.822465298456,33.4456289759759,1,T_INTERSECTION,ANGLE_FRONT_TO_SIDE,MESA,2009-04-14 16:10:00,DROVE_RODE_IN_OPPOSING_TRAFFIC_LANE,NO_IMPROPER_ACTION+NOT_APPLICABLE_MINUS_1+NOT_APPLICABLE_MINUS_1
2290473,2,LEFT_TURN,-111.947665390011,33.3783409442111,2,NOT_AT_INTERSECTION_0,LEFT_TURN,TEMPE,2009-04-15 13:46:00,FAILED_TO_YIELD_RIGHT_OF_WAY_103,NO_IMPROPER_ACTION
2290519,2,SIDESWIPE_SAME_DIRECTION,-111.814157347242,33.4070671076403,5,NOT_AT_INTERSECTION_0,SIDESWIPE_SAME_DIRECTION,MESA,2009-04-02 17:28:00,FAILED_TO_YIELD_RIGHT_OF_WAY_103,NO_IMPROPER_ACTION
2290572,2,OTHER_97,-111.975225283023,33.2596185726777,5,T_INTERSECTION,OTHER_97,UNSPECIFIED_999,2009-04-12 15:19:00,NO_IMPROPER_ACTION,EXCEEDED_LAWFUL_SPEED
2290764,2,REAR_END,-110.909615266326,32.2200097420696,5,NOT_AT_INTERSECTION_0,REAR_END,TUCSON,2009-05-29 07:02:00,NO_IMPROPER_ACTION,UNKNOWN_99
2290772,2,REAR_TO_REAR,-111.684183204469,33.448526903928,3,T_INTERSECTION,REAR_TO_REAR,MESA,2009-04-16 15:00:00,OTHER_97,NO_IMPROPER_ACTION
2290855,2,OTHER_97,-111.74301695882,33.618892507694,3,FOUR_WAY_INTERSECTION,OTHER_97,FOUNTAIN HILLS,2009-04-10 09:02:00,INATTENTION_DISTRACTION,NO_IMPROPER_ACTION
2291225,2,SIDESWIPE_SAME_DIRECTION,-111.676927502037,33.4079073450257,2,NOT_AT_INTERSECTION_0,SIDESWIPE_SAME_DIRECTION,MESA,2009-04-19 21:20:00,UNSAFE_LANE_CHANGE,NO_IMPROPER_ACTION
2291387,2,SIDESWIPE_SAME_DIRECTION,-112.298503575661,33.5917055972251,3,FOUR_WAY_INTERSECTION,SIDESWIPE_SAME_DIRECTION,UNSPECIFIED_999,2009-04-22 10:56:00,NO_IMPROPER_ACTION,FAILED_TO_YIELD_RIGHT_OF_WAY_103
2291404,2,ANGLE_FRONT_TO_SIDE,-111.779212934617,33.4539785412296,3,NOT_AT_INTERSECTION_0,ANGLE_FRONT_TO_SIDE,MESA,2009-04-25 16:01:00,DID_NOT_USE_CROSSWALK,NOT_APPLICABLE_MINUS_1+NO_IMPROPER_ACTION
2291419,2,SIDESWIPE_SAME_DIRECTION,-111.926296080679,33.4082241231774,3,NOT_AT_INTERSECTION_0,SIDESWIPE_SAME_DIRECTION,TEMPE,2009-04-23 17:24:00,NO_IMPROPER_ACTION,FAILED_TO_YIELD_RIGHT_OF_WAY_103
2291478,2,LEFT_TURN,-111.796577484447,33.4370829957141,3,FOUR_WAY_INTERSECTION,LEFT_TURN,MESA,2009-04-24 09:21:00,NO_IMPROPER_ACTION,FAILED_TO_YIELD_RIGHT_OF_WAY_103
2291544,2,SIDESWIPE_SAME_DIRECTION,-110.968413542099,32.2068445259069,5,FOUR_WAY_INTERSECTION,SIDESWIPE_SAME_DIRECTION,TUCSON,2009-07-02 17:02:00,UNSAFE_LANE_CHANGE,EXCEEDED_LAWFUL_SPEED
2291552,2,ANGLE_FRONT_TO_SIDE,-111.934948288197,33.4096197255621,4,FOUR_WAY_INTERSECTION,ANGLE_FRONT_TO_SIDE,TEMPE,2009-04-09 07:35:00,RAN_STOP_SIGN,NO_IMPROPER_ACTION
2291589,2,ANGLE_FRONT_TO_SIDE,-111.902541404652,33.4074957507855,1,T_INTERSECTION,ANGLE_FRONT_TO_SIDE,TEMPE,2009-04-14 12:33:00,DROVE_RODE_IN_OPPOSING_TRAFFIC_LANE,NO_IMPROPER_ACTION
2291743,2,OTHER_97,0,0,1,NOT_AT_INTERSECTION_0,OTHER_97,PEORIA,2009-04-10 23:12:00,NO_IMPROPER_ACTION,FAILED_TO_YIELD_RIGHT_OF_WAY_103
2291781,2,HEAD_ON,-111.944391890932,33.3782086506527,3,NOT_AT_INTERSECTION_0,HEAD_ON,TEMPE,2009-04-03 23:15:00,OTHER_97,FAILED_TO_YIELD_RIGHT_OF_WAY_103
2291787,2,HEAD_ON,-111.592452427208,33.2485800390098,5,NOT_AT_INTERSECTION_0,HEAD_ON,UNSPECIFIED_999,2009-08-15 02:10:00,NO_IMPROPER_ACTION,DISREGARDED_PAVEMENT_MARKINGS
2291791,2,OTHER_97,-111.580617006012,33.4078254516064,2,FOUR_WAY_INTERSECTION,OTHER_97,UNSPECIFIED_999,2009-04-30 23:20:00,UNKNOWN_99,UNKNOWN_99
2291801,2,REAR_END,-109.665064263895,32.8570205324592,5,NOT_AT_INTERSECTION_0,REAR_END,UNSPECIFIED_999,2009-08-18 18:53:00,NO_IMPROPER_ACTION,NO_IMPROPER_ACTION
2291813,2,SIDESWIPE_SAME_DIRECTION,-111.936593870283,33.3928784401559,4,NOT_AT_INTERSECTION_0,SIDESWIPE_SAME_DIRECTION,TEMPE,2009-04-18 13:40:00,NO_IMPROPER_ACTION,UNKNOWN_99
2291815,2,ANGLE_FRONT_TO_SIDE,-111.906142994347,33.407494491429,3,NOT_AT_INTERSECTION_0,ANGLE_FRONT_TO_SIDE,TEMPE,2009-04-30 16:06:00,DROVE_RODE_IN_OPPOSING_TRAFFIC_LANE,NO_IMPROPER_ACTION
2291826,2,SIDESWIPE_SAME_DIRECTION,-111.914767725684,33.4147908059477,3,T_INTERSECTION,SIDESWIPE_SAME_DIRECTION,TEMPE,2009-04-13 10:00:00,NO_IMPROPER_ACTION,FAILED_TO_YIELD_RIGHT_OF_WAY_103
2292009,2,ANGLE_FRONT_TO_SIDE,-111.907298045675,33.4220270073807,3,T_INTERSECTION,ANGLE_FRONT_TO_SIDE,TEMPE,2009-04-29 11:47:00,DROVE_RODE_IN_OPPOSING_TRAFFIC_LANE,NO_IMPROPER_ACTION
2292035,2,ANGLE_FRONT_TO_SIDE,-111.950824088495,33.4219026886463,4,NOT_AT_INTERSECTION_0,ANGLE_FRONT_TO_SIDE,TEMPE,2009-04-09 15:51:00,OTHER_97,NO_IMPROPER_ACTION
2292138,2,LEFT_TURN,-111.739971865935,32.9050978545012,2,NOT_AT_INTERSECTION_0,LEFT_TURN,CASA GRANDE,2009-04-20 16:02:00,FAILED_TO_KEEP_IN_PROPER_LANE,NO_IMPROPER_ACTION+NOT_APPLICABLE_MINUS_1
2292143,2,SIDESWIPE_SAME_DIRECTION,-111.794727650324,33.4065729496748,1,T_INTERSECTION,SIDESWIPE_SAME_DIRECTION,MESA,2009-04-22 21:19:00,OTHER_97,UNKNOWN_99
2292183,2,ANGLE_FRONT_TO_SIDE,0,0,4,FOUR_WAY_INTERSECTION,ANGLE_FRONT_TO_SIDE,PEORIA,2009-04-30 13:00:00,NO_IMPROPER_ACTION,FAILED_TO_YIELD_RIGHT_OF_WAY_103
2292255,2,SIDESWIPE_SAME_DIRECTION,0,0,3,T_INTERSECTION,SIDESWIPE_SAME_DIRECTION,COTTONWOOD,2009-03-26 17:09:00,NO_IMPROPER_ACTION,FAILED_TO_YIELD_RIGHT_OF_WAY_103
2292326,2,LEFT_TURN,-110.941028222857,32.2360377947895,3,FOUR_WAY_INTERSECTION,LEFT_TURN,TUCSON,2009-04-07 16:17:00,DROVE_RODE_IN_OPPOSING_TRAFFIC_LANE,NO_IMPROPER_ACTION
2292355,2,SIDESWIPE_SAME_DIRECTION,-110.960963121959,32.2522222272197,3,FOUR_WAY_INTERSECTION,SIDESWIPE_SAME_DIRECTION,TUCSON,2009-04-08 13:11:00,NO_IMPROPER_ACTION,FAILED_TO_YIELD_RIGHT_OF_WAY_103
2292359,2,SIDESWIPE_SAME_DIRECTION,-110.943781510682,32.264982102627,3,NOT_AT_INTERSECTION_0,SIDESWIPE_SAME_DIRECTION,TUCSON,2009-04-08 12:03:00,NO_IMPROPER_ACTION,FAILED_TO_YIELD_RIGHT_OF_WAY_103
2292369,2,ANGLE_FRONT_TO_SIDE,-110.811506296769,32.1918227029501,3,T_INTERSECTION,ANGLE_FRONT_TO_SIDE,TUCSON,2009-04-09 16:39:00,DROVE_RODE_IN_OPPOSING_TRAFFIC_LANE,NO_IMPROPER_ACTION
2292386,2,ANGLE_FRONT_TO_SIDE,-110.956779214362,32.2373182234342,3,FOUR_WAY_INTERSECTION,ANGLE_FRONT_TO_SIDE,TUCSON,2009-04-09 12:28:00,NO_IMPROPER_ACTION,FAILED_TO_YIELD_RIGHT_OF_WAY_103
2292432,2,SIDESWIPE_SAME_DIRECTION,-110.939477882366,32.2214965209096,1,FOUR_WAY_INTERSECTION,SIDESWIPE_SAME_DIRECTION,TUCSON,2009-04-01 18:50:00,NO_IMPROPER_ACTION,OTHER_97
2292509,2,OTHER_97,-110.901205907336,32.2361820724501,3,NOT_AT_INTERSECTION_0,OTHER_97,TUCSON,2009-04-02 18:42:00,NO_IMPROPER_ACTION,UNKNOWN_99
2292584,2,SIDESWIPE_OPPOSITE_DIRECTION,-110.940130428675,32.1909860106191,3,NOT_AT_INTERSECTION_0,SIDESWIPE_OPPOSITE_DIRECTION,TUCSON,2009-04-02 08:00:00,OTHER_UNSAFE_PASSING,NO_IMPROPER_ACTION
2292681,2,ANGLE_FRONT_TO_SIDE,-110.984703970754,32.2079309201448,3,T_INTERSECTION,ANGLE_FRONT_TO_SIDE,TUCSON,2009-04-05 13:40:00,FAILED_TO_YIELD_RIGHT_OF_WAY_103,NO_IMPROPER_ACTION
2292747,2,ANGLE_FRONT_TO_SIDE,-112.169061425912,33.6388401264874,3,NOT_AT_INTERSECTION_0,ANGLE_FRONT_TO_SIDE,PHOENIX,2009-04-19 12:00:00,DISREGARDED_TRAFFIC_SIGNAL,NO_IMPROPER_ACTION
2292828,2,OTHER_97,-111.996197399779,33.6480336631989,2,UNKNOWN_99,OTHER_97,PHOENIX,2009-03-31 07:27:00,NO_IMPROPER_ACTION,FAILED_TO_YIELD_RIGHT_OF_WAY_103
2292968,2,OTHER_97,-111.790542904486,34.8635802816283,1,FOUR_WAY_INTERSECTION,OTHER_97,SEDONA,2009-02-17 13:23:00,DISREGARDED_TRAFFIC_SIGNAL,FAILED_TO_YIELD_RIGHT_OF_WAY_103
2292987,2,ANGLE_FRONT_TO_SIDE,-112.306527789037,33.4496703686712,3,FOUR_WAY_INTERSECTION,ANGLE_FRONT_TO_SIDE,AVONDALE,2009-04-19 22:30:00,DISREGARDED_TRAFFIC_SIGNAL,OTHER_97
2293021,2,ANGLE_FRONT_TO_SIDE,0,0,3,T_INTERSECTION,ANGLE_FRONT_TO_SIDE,PHOENIX,2009-04-18 14:38:00,NO_IMPROPER_ACTION,NO_IMPROPER_ACTION
2293036,2,ANGLE_FRONT_TO_SIDE,-112.111797958232,33.5530783715814,3,NOT_AT_INTERSECTION_0,ANGLE_FRONT_TO_SIDE,PHOENIX,2009-02-14 13:48:00,DROVE_RODE_IN_OPPOSING_TRAFFIC_LANE,INATTENTION_DISTRACTION+NOT_APPLICABLE_MINUS_1
2293088,2,ANGLE_FRONT_TO_SIDE,-111.750960454774,32.8868503330349,2,T_INTERSECTION,ANGLE_FRONT_TO_SIDE,CASA GRANDE,2009-04-23 16:29:00,FAILED_TO_YIELD_RIGHT_OF_WAY_103,NO_IMPROPER_ACTION
2293142,2,ANGLE_FRONT_TO_SIDE,-112.090530577688,33.4007011031951,2,T_INTERSECTION,ANGLE_FRONT_TO_SIDE,PHOENIX,2009-03-01 14:37:00,NOT_APPLICABLE_MINUS_1+DROVE_RODE_IN_OPPOSING_TRAFFIC_LANE,RAN_STOP_SIGN
2293538,2,ANGLE_FRONT_TO_SIDE,-111.865860134904,33.3985354007372,3,T_INTERSECTION,ANGLE_FRONT_TO_SIDE,MESA,2009-04-06 21:48:00,FAILED_TO_YIELD_RIGHT_OF_WAY_103,NO_IMPROPER_ACTION
2293542,2,ANGLE_FRONT_TO_SIDE,-110.716923287101,32.3399988176708,1,T_INTERSECTION,ANGLE_FRONT_TO_SIDE,UNSPECIFIED_999,2009-04-12 14:50:00,NO_IMPROPER_ACTION,RAN_STOP_SIGN
2293558,2,OTHER_97,0,0,3,FOUR_WAY_INTERSECTION,OTHER_97,MESA,2009-04-14 18:32:00,OTHER_97,NO_IMPROPER_ACTION
2293633,2,ANGLE_FRONT_TO_SIDE,-110.961934254373,32.2503941838533,2,NOT_AT_INTERSECTION_0,ANGLE_FRONT_TO_SIDE,TUCSON,2009-04-16 15:16:00,NO_IMPROPER_ACTION,FAILED_TO_YIELD_RIGHT_OF_WAY_103
2293670,2,SIDESWIPE_SAME_DIRECTION,-110.969915765539,32.2219410308607,2,FOUR_WAY_INTERSECTION,SIDESWIPE_SAME_DIRECTION,TUCSON,2009-04-17 08:11:00,FAILED_TO_YIELD_RIGHT_OF_WAY_103,NO_IMPROPER_ACTION
2293781,2,ANGLE_FRONT_TO_SIDE,-112.095620575063,33.5095388080845,3,FOUR_WAY_INTERSECTION,ANGLE_FRONT_TO_SIDE,PHOENIX,2009-04-05 12:25:00,NO_IMPROPER_ACTION,FAILED_TO_YIELD_RIGHT_OF_WAY_103
2293849,2,LEFT_TURN,-112.012928349937,33.4613579426134,4,NOT_AT_INTERSECTION_0,LEFT_TURN,PHOENIX,2009-02-14 19:06:00,DROVE_RODE_IN_OPPOSING_TRAFFIC_LANE,INATTENTION_DISTRACTION
2294110,4,SIDESWIPE_OPPOSITE_DIRECTION,-112.125096757795,33.6173493659533,4,FOUR_WAY_INTERSECTION,SIDESWIPE_OPPOSITE_DIRECTION,PHOENIX,2009-04-01 23:00:00,NO_IMPROPER_ACTION,NO_IMPROPER_ACTION+EXCEEDED_LAWFUL_SPEED+NO_IMPROPER_ACTION
2294124,2,ANGLE_FRONT_TO_SIDE,-110.84522607944,32.2210196550605,4,FOUR_WAY_INTERSECTION,ANGLE_FRONT_TO_SIDE,TUCSON,2009-04-15 15:43:00,NO_IMPROPER_ACTION,FAILED_TO_YIELD_RIGHT_OF_WAY_103
2294169,2,ANGLE_FRONT_TO_SIDE,-110.960980254204,32.2612963980636,3,FOUR_WAY_INTERSECTION,ANGLE_FRONT_TO_SIDE,TUCSON,2009-04-14 00:14:00,RAN_STOP_SIGN,UNKNOWN_99
2294225,2,OTHER_97,0,0,3,T_INTERSECTION,OTHER_97,PHOENIX,2009-04-01 20:20:00,NO_IMPROPER_ACTION,FAILED_TO_YIELD_RIGHT_OF_WAY_103
2294492,2,ANGLE_FRONT_TO_SIDE,-111.947359886874,33.6258518243443,1,FOUR_WAY_INTERSECTION,ANGLE_FRONT_TO_SIDE,PHOENIX,2009-04-19 14:58:00,FAILED_TO_YIELD_RIGHT_OF_WAY_103,NO_IMPROPER_ACTION
2294524,2,ANGLE_FRONT_TO_SIDE,-112.132221489306,33.5781177987005,3,NOT_AT_INTERSECTION_0,ANGLE_FRONT_TO_SIDE,PHOENIX,2009-04-03 19:45:00,DROVE_RODE_IN_OPPOSING_TRAFFIC_LANE,NO_IMPROPER_ACTION
2294600,2,LEFT_TURN,-112.221182248118,33.4829418224139,1,NOT_AT_INTERSECTION_0,LEFT_TURN,PHOENIX,2009-04-04 17:02:00,FAILED_TO_KEEP_IN_PROPER_LANE,NO_IMPROPER_ACTION
2294692,2,SIDESWIPE_SAME_DIRECTION,-112.1330665005,33.4513736103844,3,NOT_AT_INTERSECTION_0,SIDESWIPE_SAME_DIRECTION,PHOENIX,2009-04-08 15:55:00,DROVE_RODE_IN_OPPOSING_TRAFFIC_LANE,NO_IMPROPER_ACTION
2294722,2,OTHER_97,-112.056379924984,33.4657304856,2,FOUR_WAY_INTERSECTION,OTHER_97,PHOENIX,2009-04-16 07:26:00,INATTENTION_DISTRACTION,NO_IMPROPER_ACTION
2294888,2,LEFT_TURN,-111.814153014756,33.4078364057021,1,FOUR_WAY_INTERSECTION,LEFT_TURN,MESA,2009-04-02 19:15:00,DROVE_RODE_IN_OPPOSING_TRAFFIC_LANE,NO_IMPROPER_ACTION
2294958,5,REAR_END,-110.971746961116,32.2277052331288,3,NOT_AT_INTERSECTION_0,REAR_END,TUCSON,2009-04-14 13:55:00,NO_IMPROPER_ACTION+NO_IMPROPER_ACTION,NOT_APPLICABLE_MINUS_1+NO_IMPROPER_ACTION+NOT_APPLICABLE_MINUS_1+NO_IMPROPER_ACTION+NOT_APPLICABLE_MINUS_1+SPEED_TOO_FAST_FOR_CONDITIONS+NOT_APPLICABLE_MINUS_1
2295026,2,SIDESWIPE_SAME_DIRECTION,-111.64551068628,35.1925503722167,1,NOT_AT_INTERSECTION_0,SIDESWIPE_SAME_DIRECTION,FLAGSTAFF,2009-04-01 16:19:00,FAILED_TO_KEEP_IN_PROPER_LANE,NO_IMPROPER_ACTION