IncidentID,num_vehicles_involved,eCollisionManner,Longitude,Latitude,InjurySeverity,eIntersectionType,eCollisionManner,city_name,IncidentDateTime,cyclist_citations,driver_citations
2303660,2,ANGLE_FRONT_TO_SIDE,-112.243498036568,33.6519600636087,2,T_INTERSECTION,ANGLE_FRONT_TO_SIDE,PEORIA,2009-05-14 07:45:00,NO_IMPROPER_ACTION,NOT_APPLICABLE_MINUS_1+NOT_APPLICABLE_MINUS_1+FAILED_TO_YIELD_RIGHT_OF_WAY_103+NOT_APPLICABLE_MINUS_1
2303693,2,ANGLE_FRONT_TO_SIDE,-112.255052026818,33.5662176198249,3,NOT_AT_INTERSECTION_0,ANGLE_FRONT_TO_SIDE,PEORIA,2009-05-08 07:26:00,FAILED_TO_YIELD_RIGHT_OF_WAY_103,NO_IMPROPER_ACTION+NOT_APPLICABLE_MINUS_1
2303696,2,OTHER_97,-111.92602298585,33.4220337170191,3,NOT_AT_INTERSECTION_0,OTHER_97,TEMPE,2009-05-08 08:29:00,DROVE_RODE_IN_OPPOSING_TRAFFIC_LANE,NO_IMPROPER_ACTION
2303698,2,SIDESWIPE_SAME_DIRECTION,0,0,3,T_INTERSECTION,SIDESWIPE_SAME_DIRECTION,TEMPE,2009-05-02 22:55:00,NO_IMPROPER_ACTION,FAILED_TO_KEEP_IN_PROPER_LANE
2303712,2,ANGLE_FRONT_TO_SIDE,-111.928575623379,33.3642022590952,3,FOUR_WAY_INTERSECTION,ANGLE_FRONT_TO_SIDE,TEMPE,2009-05-10 17:50:00,DROVE_RODE_IN_OPPOSING_TRAFFIC_LANE,FAILED_TO_YIELD_RIGHT_OF_WAY_103
2303733,2,OTHER_97,-111.78824560876,33.3644620646512,2,NOT_AT_INTERSECTION_0,OTHER_97,GILBERT,2009-05-07 13:05:00,NO_IMPROPER_ACTION,FAILED_TO_YIELD_RIGHT_OF_WAY_103
2303781,2,SIDESWIPE_SAME_DIRECTION,-111.89119791662,33.378460949688,1,NOT_AT_INTERSECTION_0,SIDESWIPE_SAME_DIRECTION,MESA,2009-05-03 17:00:00,NO_IMPROPER_ACTION,NO_IMPROPER_ACTION
2303818,2,HEAD_ON,-111.843320172832,33.5972893734172,3,FOUR_WAY_INTERSECTION,HEAD_ON,SCOTTSDALE,2009-05-20 10:14:00,NO_IMPROPER_ACTION,FAILED_TO_YIELD_RIGHT_OF_WAY_103
2303898,2,SIDESWIPE_OPPOSITE_DIRECTION,-111.613513975612,35.2089314819825,2,T_INTERSECTION,SIDESWIPE_OPPOSITE_DIRECTION,FLAGSTAFF,2009-05-28 15:10:00,NO_IMPROPER_ACTION,FAILED_TO_YIELD_RIGHT_OF_WAY_103
2303909,2,ANGLE_FRONT_TO_SIDE,-111.909091256925,33.4174812750687,1,FOUR_WAY_INTERSECTION,ANGLE_FRONT_TO_SIDE,TEMPE,2009-05-15 08:23:00,NO_IMPROPER_ACTION,FAILED_TO_YIELD_RIGHT_OF_WAY_103
2303911,2,ANGLE_FRONT_TO_SIDE,0,0,3,T_INTERSECTION,ANGLE_FRONT_TO_SIDE,SCOTTSDALE,2009-05-25 16:14:00,DROVE_RODE_IN_OPPOSING_TRAFFIC_LANE,NO_IMPROPER_ACTION
2303965,2,ANGLE_FRONT_TO_SIDE,-111.809745483021,33.4077997049844,2,FOUR_WAY_INTERSECTION,ANGLE_FRONT_TO_SIDE,MESA,2009-05-17 16:30:00,UNKNOWN_99,UNKNOWN_99
2304029,2,OTHER_97,-111.684450640834,33.4274221808535,3,NOT_AT_INTERSECTION_0,OTHER_97,MESA,2009-05-19 14:16:00,DROVE_RODE_IN_OPPOSING_TRAFFIC_LANE,NO_IMPROPER_ACTION
2304061,2,SIDESWIPE_SAME_DIRECTION,-111.870670343949,33.6225741867544,3,T_INTERSECTION,SIDESWIPE_SAME_DIRECTION,SCOTTSDALE,2009-05-06 07:46:00,NO_IMPROPER_ACTION,UNKNOWN_99+NOT_APPLICABLE_MINUS_1
2304096,2,OTHER_97,-111.753716915555,33.4154564513047,3,FOUR_WAY_INTERSECTION,OTHER_97,MESA,2009-05-15 21:40:00,KNOWINGLY_OPERATED_WITH_FAULTY_MISSING_EQUIPMENT,NOT_APPLICABLE_MINUS_1+FAILED_TO_YIELD_RIGHT_OF_WAY_103
2304396,2,ANGLE_FRONT_TO_SIDE,0,0,3,NOT_AT_INTERSECTION_0,ANGLE_FRONT_TO_SIDE,GLENDALE,2009-03-21 13:05:00,FAILED_TO_YIELD_RIGHT_OF_WAY_103,NO_IMPROPER_ACTION
2304414,2,ANGLE_FRONT_TO_SIDE,-111.812983599094,34.8619277607386,3,T_INTERSECTION,ANGLE_FRONT_TO_SIDE,SEDONA,2009-05-24 11:38:00,DID_NOT_USE_CROSSWALK,FAILED_TO_YIELD_RIGHT_OF_WAY_103
2304547,2,ANGLE_FRONT_TO_SIDE,-111.945973474927,33.3780355245181,2,FOUR_WAY_INTERSECTION,ANGLE_FRONT_TO_SIDE,TEMPE,2009-05-28 10:51:00,NOT_APPLICABLE_MINUS_1+OTHER_97,NO_IMPROPER_ACTION
2304612,2,LEFT_TURN,-111.683984811802,33.4663416705757,2,FOUR_WAY_INTERSECTION,LEFT_TURN,MESA,2009-05-23 15:40:00,OTHER_97,OTHER_97
2304661,2,LEFT_TURN,-110.015972751391,34.1944175999325,1,T_INTERSECTION,LEFT_TURN,UNSPECIFIED_999,2009-05-28 10:55:00,FAILED_TO_YIELD_RIGHT_OF_WAY_103,NO_IMPROPER_ACTION
2304756,2,OTHER_97,-110.96793320083,32.1340435635083,3,NOT_AT_INTERSECTION_0,OTHER_97,TUCSON,2009-05-06 18:40:00,UNKNOWN_99,UNKNOWN_99
2305043,2,REAR_END,0,0,1,NOT_AT_INTERSECTION_0,REAR_END,TUCSON,2009-05-24 19:14:00,INATTENTION_DISTRACTION,NO_IMPROPER_ACTION
2305110,2,HEAD_ON,-110.948113353209,32.2359899071504,1,FOUR_WAY_INTERSECTION,HEAD_ON,TUCSON,2009-05-08 21:02:00,KNOWINGLY_OPERATED_WITH_FAULTY_MISSING_EQUIPMENT,SPEED_TOO_FAST_FOR_CONDITIONS
2305126,4,ANGLE_FRONT_TO_SIDE,-110.970822321383,32.2316125387381,3,NOT_AT_INTERSECTION_0,ANGLE_FRONT_TO_SIDE,TUCSON,2009-05-08 16:46:00,NO_IMPROPER_ACTION+NO_IMPROPER_ACTION+NO_IMPROPER_ACTION,INATTENTION_DISTRACTION
2305153,2,LEFT_TURN,-110.949504993098,32.2214129271319,3,FOUR_WAY_INTERSECTION,LEFT_TURN,TUCSON,2009-05-13 06:44:00,NO_IMPROPER_ACTION,FAILED_TO_YIELD_RIGHT_OF_WAY_103
2305173,2,ANGLE_FRONT_TO_SIDE,-112.117387193361,33.6800099705138,3,UNKNOWN_99,ANGLE_FRONT_TO_SIDE,PHOENIX,2009-05-08 14:50:00,SPEED_TOO_FAST_FOR_CONDITIONS,FAILED_TO_YIELD_RIGHT_OF_WAY_103
2305189,2,OTHER_97,-111.940032516956,33.4273872859296,3,FOUR_WAY_INTERSECTION,OTHER_97,TEMPE,2009-05-19 21:26:00,NO_IMPROPER_ACTION,INATTENTION_DISTRACTION
2305202,2,ANGLE_FRONT_TO_SIDE,-110.978433930192,32.2276955136614,3,NOT_AT_INTERSECTION_0,ANGLE_FRONT_TO_SIDE,TUCSON,2009-05-13 20:10:00,NO_IMPROPER_ACTION,FAILED_TO_YIELD_RIGHT_OF_WAY_103
2305205,2,SIDESWIPE_SAME_DIRECTION,-110.965612321363,32.2316598661666,2,NOT_AT_INTERSECTION_0,SIDESWIPE_SAME_DIRECTION,TUCSON,2009-05-11 11:08:00,UNKNOWN_99,UNKNOWN_99
2305281,2,ANGLE_FRONT_TO_SIDE,-110.969826324387,32.2594416421198,3,FOUR_WAY_INTERSECTION,ANGLE_FRONT_TO_SIDE,TUCSON,2009-05-14 16:29:00,INATTENTION_DISTRACTION,NO_IMPROPER_ACTION+NOT_APPLICABLE_MINUS_1
2305448,2,ANGLE_FRONT_TO_SIDE,-111.926169567482,33.4147768017038,2,FOUR_WAY_INTERSECTION,ANGLE_FRONT_TO_SIDE,TEMPE,2009-05-25 11:51:00,INATTENTION_DISTRACTION,INATTENTION_DISTRACTION
2305473,2,REAR_END,0,0,4,NOT_AT_INTERSECTION_0,REAR_END,FLORENCE,2009-05-19 15:04:00,NO_IMPROPER_ACTION,SPEED_TOO_FAST_FOR_CONDITIONS
2305546,2,OTHER_97,-112.380917730658,33.6209841919856,1,T_INTERSECTION,OTHER_97,SURPRISE,2009-05-20 15:27:00,INATTENTION_DISTRACTION,NO_IMPROPER_ACTION
2305625,2,OTHER_97,-110.995032636322,32.2721347238071,1,FOUR_WAY_INTERSECTION,OTHER_97,TUCSON,2009-05-12 14:30:00,OTHER_97,NO_IMPROPER_ACTION
2305718,2,SIDESWIPE_SAME_DIRECTION,-111.790085010865,33.3716796192316,2,NOT_AT_INTERSECTION_0,SIDESWIPE_SAME_DIRECTION,GILBERT,2009-05-28 14:51:00,NO_IMPROPER_ACTION,OTHER_97
2305766,2,HEAD_ON,-111.802773949248,33.3643850586711,1,T_INTERSECTION,HEAD_ON,GILBERT,2009-05-18 06:54:00,DROVE_RODE_IN_OPPOSING_TRAFFIC_LANE,INATTENTION_DISTRACTION
2306068,2,ANGLE_FRONT_TO_SIDE,-111.916753771926,33.4075292803704,4,NOT_AT_INTERSECTION_0,ANGLE_FRONT_TO_SIDE,TEMPE,2009-05-20 08:53:00,OTHER_97,NO_IMPROPER_ACTION
2306125,2,ANGLE_FRONT_TO_SIDE,-111.928422489565,33.3798825281173,4,FOUR_WAY_INTERSECTION,ANGLE_FRONT_TO_SIDE,TEMPE,2009-05-26 19:06:00,DISREGARDED_TRAFFIC_SIGNAL,NO_IMPROPER_ACTION
2306133,2,SIDESWIPE_SAME_DIRECTION,-111.922708346908,33.3673719527807,3,T_INTERSECTION,SIDESWIPE_SAME_DIRECTION,TEMPE,2009-05-13 07:40:00,NO_IMPROPER_ACTION,FAILED_TO_YIELD_RIGHT_OF_WAY_103
2306418,2,LEFT_TURN,-111.874535762023,33.4075141375659,2,FOUR_WAY_INTERSECTION,LEFT_TURN,MESA,2009-05-05 10:47:00,OTHER_97,NO_IMPROPER_ACTION
2306427,2,REAR_END,-111.00304143827,31.874238777712,5,NOT_AT_INTERSECTION_0,REAR_END,UNSPECIFIED_999,2009-09-03 09:35:00,NO_IMPROPER_ACTION,FAILED_TO_KEEP_IN_PROPER_LANE
2306437,2,REAR_END,-112.030559802996,33.6922896075699,5,NOT_AT_INTERSECTION_0,REAR_END,PHOENIX,2009-08-08 00:12:00,NO_IMPROPER_ACTION,EXCEEDED_LAWFUL_SPEED
2306515,2,ANGLE_FRONT_TO_SIDE,-112.038865399982,33.509027966766,3,FOUR_WAY_INTERSECTION,ANGLE_FRONT_TO_SIDE,PHOENIX,2009-05-16 18:20:00,FAILED_TO_KEEP_IN_PROPER_LANE,FAILED_TO_YIELD_RIGHT_OF_WAY_103
2306524,2,ANGLE_FRONT_TO_SIDE,-112.082563834575,33.4586513716989,3,FOUR_WAY_INTERSECTION,ANGLE_FRONT_TO_SIDE,PHOENIX,2009-05-12 18:32:00,NO_IMPROPER_ACTION,FAILED_TO_YIELD_RIGHT_OF_WAY_103
2306602,2,OTHER_97,-112.091963957662,33.6401167194545,2,NOT_AT_INTERSECTION_0,OTHER_97,PHOENIX,2009-05-02 14:02:00,INATTENTION_DISTRACTION,OTHER_97
2306875,2,ANGLE_FRONT_TO_SIDE,-111.997199513734,34.7117131268316,3,FOUR_WAY_INTERSECTION,ANGLE_FRONT_TO_SIDE,COTTONWOOD,2009-06-06 17:20:00,DISREGARDED_TRAFFIC_SIGNAL,OTHER_97
2306936,2,ANGLE_FRONT_TO_SIDE,-112.031005583894,33.678572998475,2,NOT_AT_INTERSECTION_0,ANGLE_FRONT_TO_SIDE,PHOENIX,2009-05-16 10:06:00,NO_IMPROPER_ACTION,FAILED_TO_YIELD_RIGHT_OF_WAY_103+NOT_APPLICABLE_MINUS_1
2307294,2,ANGLE_FRONT_TO_SIDE,-112.038154590234,33.596800022356,3,NOT_AT_INTERSECTION_0,ANGLE_FRONT_TO_SIDE,PHOENIX,2009-05-07 11:33:00,UNKNOWN_99,UNKNOWN_99
2307339,2,ANGLE_FRONT_TO_SIDE,-112.049955211136,33.5850007007146,2,T_INTERSECTION,ANGLE_FRONT_TO_SIDE,PHOENIX,2009-05-13 13:43:00,DROVE_RODE_IN_OPPOSING_TRAFFIC_LANE,NO_IMPROPER_ACTION
2307352,2,OTHER_97,-110.971919061179,32.2503102411593,2,NOT_AT_INTERSECTION_0,OTHER_97,TUCSON,2009-05-15 16:28:00,OTHER_97,NO_IMPROPER_ACTION
2307437,2,ANGLE_FRONT_TO_SIDE,-112.134520069582,33.6524762312986,3,T_INTERSECTION,ANGLE_FRONT_TO_SIDE,PHOENIX,2009-05-01 14:40:00,INATTENTION_DISTRACTION,INATTENTION_DISTRACTION
2307494,2,ANGLE_FRONT_TO_SIDE,0,0,2,NOT_AT_INTERSECTION_0,ANGLE_FRONT_TO_SIDE,UNSPECIFIED_999,2009-05-11 09:00:00,INATTENTION_DISTRACTION,NOT_APPLICABLE_MINUS_1+INATTENTION_DISTRACTION
2307541,2,ANGLE_FRONT_TO_SIDE,-112.036742800241,33.6023750560553,2,UNKNOWN_99,ANGLE_FRONT_TO_SIDE,PHOENIX,2009-05-22 18:50:00,NO_IMPROPER_ACTION,UNKNOWN_99
2307565,2,OTHER_97,-111.563425440637,33.3858998834469,3,UNKNOWN_99,OTHER_97,UNSPECIFIED_999,2009-05-22 16:44:00,DROVE_RODE_IN_OPPOSING_TRAFFIC_LANE,NO_IMPROPER_ACTION
2307579,2,OTHER_97,-112.18663039294,33.6387084663777,2,NOT_AT_INTERSECTION_0,OTHER_97,GLENDALE,2009-05-13 09:39:00,INATTENTION_DISTRACTION,INATTENTION_DISTRACTION
2307700,2,ANGLE_FRONT_TO_SIDE,-112.013597894066,33.6262301881533,4,FOUR_WAY_INTERSECTION,ANGLE_FRONT_TO_SIDE,PHOENIX,2009-05-21 22:55:00,FAILED_TO_YIELD_RIGHT_OF_WAY_103,NO_IMPROPER_ACTION+NOT_APPLICABLE_MINUS_1
2307715,2,ANGLE_FRONT_TO_SIDE,-111.980582053652,33.3299836990781,2,NOT_AT_INTERSECTION_0,ANGLE_FRONT_TO_SIDE,PHOENIX,2009-05-20 10:55:00,OTHER_97,NOT_APPLICABLE_MINUS_1+NO_IMPROPER_ACTION
2308014,2,ANGLE_FRONT_TO_SIDE,-112.008103568194,33.465641196905,2,T_INTERSECTION,ANGLE_FRONT_TO_SIDE,PHOENIX,2009-06-23 13:25:00,DROVE_RODE_IN_OPPOSING_TRAFFIC_LANE,NO_IMPROPER_ACTION
2308024,2,ANGLE_FRONT_TO_SIDE,-112.005899330275,33.3220480945087,4,T_INTERSECTION,ANGLE_FRONT_TO_SIDE,PHOENIX,2009-05-15 07:43:00,NO_IMPROPER_ACTION,FAILED_TO_YIELD_RIGHT_OF_WAY_103
2308082,2,SIDESWIPE_SAME_DIRECTION,-112.238237294825,33.437127567254,3,UNKNOWN_99,SIDESWIPE_SAME_DIRECTION,PHOENIX,2009-05-19 14:45:00,NO_IMPROPER_ACTION,UNKNOWN_99
2308171,2,LEFT_TURN,-111.820630312526,33.4150176682257,3,FOUR_WAY_INTERSECTION,LEFT_TURN,MESA,2009-05-19 12:00:00,DROVE_RODE_IN_OPPOSING_TRAFFIC_LANE,NO_IMPROPER_ACTION
2308194,2,ANGLE_FRONT_TO_SIDE,-112.132415019058,33.6252646836348,3,NOT_AT_INTERSECTION_0,ANGLE_FRONT_TO_SIDE,PHOENIX,2009-05-24 13:10:00,OTHER_97,INATTENTION_DISTRACTION
2308338,2,ANGLE_FRONT_TO_SIDE,-112.132464615642,33.4804658721914,2,NOT_AT_INTERSECTION_0,ANGLE_FRONT_TO_SIDE,PHOENIX,2009-05-29 15:30:00,NO_IMPROPER_ACTION,NO_IMPROPER_ACTION
2308486,2,SIDESWIPE_OPPOSITE_DIRECTION,-112.125568761383,33.5608970691507,2,NOT_AT_INTERSECTION_0,SIDESWIPE_OPPOSITE_DIRECTION,PHOENIX,2009-05-05 15:03:00,INATTENTION_DISTRACTION,NO_IMPROPER_ACTION
2308542,2,ANGLE_FRONT_TO_SIDE,-111.993589937886,33.6405681164268,3,NOT_AT_INTERSECTION_0,ANGLE_FRONT_TO_SIDE,PHOENIX,2009-05-14 17:23:00,NO_IMPROPER_ACTION,FAILED_TO_YIELD_RIGHT_OF_WAY_103+NOT_APPLICABLE_MINUS_1+NOT_APPLICABLE_MINUS_1
2308642,2,ANGLE_FRONT_TO_SIDE,-112.012984345451,33.4730852817069,3,FOUR_WAY_INTERSECTION,ANGLE_FRONT_TO_SIDE,PHOENIX,2009-06-05 21:34:00,UNKNOWN_99,UNKNOWN_99
2308740,2,ANGLE_FRONT_TO_SIDE,-111.987119410699,33.4657094914315,2,FOUR_WAY_INTERSECTION,ANGLE_FRONT_TO_SIDE,PHOENIX,2009-06-01 13:36:00,UNKNOWN_99,UNKNOWN_99
2308837,2,OTHER_97,-111.973487467013,33.3198840512088,1,NOT_AT_INTERSECTION_0,OTHER_97,UNSPECIFIED_999,2009-06-18 19:42:00,UNKNOWN_99,NO_IMPROPER_ACTION
2308886,2,OTHER_97,-111.97613495399,33.3198635450616,2,FOUR_WAY_INTERSECTION,OTHER_97,PHOENIX,2009-06-03 10:35:00,FAILED_TO_YIELD_RIGHT_OF_WAY_103,NO_IMPROPER_ACTION+NOT_APPLICABLE_MINUS_1
2308889,2,ANGLE_FRONT_TO_SIDE,-112.007857435211,33.4657352396762,4,NOT_AT_INTERSECTION_0,ANGLE_FRONT_TO_SIDE,PHOENIX,2009-06-05 17:27:00,INATTENTION_DISTRACTION,NO_IMPROPER_ACTION
2308965,2,ANGLE_FRONT_TO_SIDE,-112.236903460215,33.6381111847809,2,T_INTERSECTION,ANGLE_FRONT_TO_SIDE,PEORIA,2009-06-25 10:07:00,UNKNOWN_99,NOT_APPLICABLE_MINUS_1+UNKNOWN_99
2308973,2,ANGLE_FRONT_TO_SIDE,0,0,3,NOT_AT_INTERSECTION_0,ANGLE_FRONT_TO_SIDE,PHOENIX,2009-06-04 18:05:00,DROVE_RODE_IN_OPPOSING_TRAFFIC_LANE,NO_IMPROPER_ACTION
2308981,2,OTHER_97,-111.632862828754,33.2486649834558,1,FOUR_WAY_INTERSECTION,OTHER_97,UNSPECIFIED_999,2009-05-08 21:35:00,DROVE_RODE_IN_OPPOSING_TRAFFIC_LANE,NO_IMPROPER_ACTION
2309176,2,LEFT_TURN,-111.632717102968,33.4151177585302,3,T_INTERSECTION,LEFT_TURN,UNSPECIFIED_999,2009-05-09 23:45:00,DROVE_RODE_IN_OPPOSING_TRAFFIC_LANE,NO_IMPROPER_ACTION
2309273,2,SIDESWIPE_SAME_DIRECTION,-111.6307183113,35.1913421690256,5,T_INTERSECTION,SIDESWIPE_SAME_DIRECTION,UNSPECIFIED_999,2009-11-16 11:16:00,NO_IMPROPER_ACTION,FAILED_TO_YIELD_RIGHT_OF_WAY_103
2309412,2,OTHER_97,-111.65010615086,33.4151645847607,3,FOUR_WAY_INTERSECTION,OTHER_97,UNSPECIFIED_999,2009-05-11 11:36:00,NO_IMPROPER_ACTION,OTHER_97
2309429,2,UNKNOWN_99,-111.841431656541,33.305911066634,2,NOT_AT_INTERSECTION_0,UNKNOWN_99,CHANDLER,2009-08-31 15:39:00,OTHER_97,INATTENTION_DISTRACTION
2309451,2,HEAD_ON,-111.822466656434,33.4455411212327,4,T_INTERSECTION,HEAD_ON,MESA,2009-05-27 18:09:00,INATTENTION_DISTRACTION,UNKNOWN_99
2309581,2,ANGLE_FRONT_TO_SIDE,-110.91327856085,32.2361515528589,4,FOUR_WAY_INTERSECTION,ANGLE_FRONT_TO_SIDE,TUCSON,2009-05-21 21:27:00,FAILED_TO_YIELD_RIGHT_OF_WAY_103,NO_IMPROPER_ACTION
2309703,2,OTHER_97,-112.186366956758,33.4623414755656,5,INTERSECTION_AS_PART_OF_INTERCHANGE,OTHER_97,PHOENIX,2009-10-09 09:06:00,OTHER_97,NO_IMPROPER_ACTION
2309769,3,ANGLE_FRONT_TO_SIDE,-112.07000920198,33.4049057339314,2,FOUR_WAY_INTERSECTION,ANGLE_FRONT_TO_SIDE,PHOENIX,2009-05-14 17:34:00,FAILED_TO_YIELD_RIGHT_OF_WAY_103+FAILED_TO_YIELD_RIGHT_OF_WAY_103,NO_IMPROPER_ACTION
2309786,2,OTHER_97,0,0,4,T_INTERSECTION,OTHER_97,UNSPECIFIED_999,2009-04-24 13:45:00,DID_NOT_USE_CROSSWALK,NO_IMPROPER_ACTION
2309840,2,ANGLE_FRONT_TO_SIDE,-112.114820854286,33.6547434364344,3,FOUR_WAY_INTERSECTION,ANGLE_FRONT_TO_SIDE,PHOENIX,2009-04-28 20:15:00,DISREGARDED_TRAFFIC_SIGNAL,NO_IMPROPER_ACTION+NOT_APPLICABLE_MINUS_1
2309849,2,ANGLE_FRONT_TO_SIDE,-111.938584482847,33.3053755472337,2,FOUR_WAY_INTERSECTION,ANGLE_FRONT_TO_SIDE,CHANDLER,2009-05-15 05:58:00,NO_IMPROPER_ACTION,MADE_IMPROPER_TURN
2309864,2,ANGLE_FRONT_TO_SIDE,-111.860625643919,33.320596109932,3,NOT_AT_INTERSECTION_0,ANGLE_FRONT_TO_SIDE,CHANDLER,2009-05-16 16:29:00,DROVE_RODE_IN_OPPOSING_TRAFFIC_LANE,NO_IMPROPER_ACTION
2309995,2,LEFT_TURN,-111.845964607233,33.291580399323,2,T_INTERSECTION,LEFT_TURN,CHANDLER,2009-05-21 11:08:00,NO_IMPROPER_ACTION,FAILED_TO_YIELD_RIGHT_OF_WAY_103
2310004,2,HEAD_ON,-111.80660205253,33.2335900132447,3,FOUR_WAY_INTERSECTION,HEAD_ON,CHANDLER,2009-05-01 16:06:00,DISREGARDED_TRAFFIC_SIGNAL,NOT_APPLICABLE_MINUS_1+NO_IMPROPER_ACTION+NOT_APPLICABLE_MINUS_1+NOT_APPLICABLE_MINUS_1
2310236,2,SIDESWIPE_SAME_DIRECTION,0,0,1,T_INTERSECTION,SIDESWIPE_SAME_DIRECTION,PRESCOTT VALLEY,2009-05-17 12:00:00,UNKNOWN_99,NO_IMPROPER_ACTION+NOT_APPLICABLE_MINUS_1
2310373,2,ANGLE_FRONT_TO_SIDE,-112.224817518638,33.5234250416408,1,T_INTERSECTION,ANGLE_FRONT_TO_SIDE,GLENDALE,2009-05-29 16:51:00,NO_IMPROPER_ACTION,INATTENTION_DISTRACTION+NOT_APPLICABLE_MINUS_1+NOT_APPLICABLE_MINUS_1+NOT_APPLICABLE_MINUS_1
2310571,2,SIDESWIPE_SAME_DIRECTION,-112.021666347943,33.596790322282,2,FOUR_WAY_INTERSECTION,SIDESWIPE_SAME_DIRECTION,PHOENIX,2009-04-26 19:17:00,DID_NOT_USE_CROSSWALK,FAILED_TO_YIELD_RIGHT_OF_WAY_103
2310577,2,ANGLE_FRONT_TO_SIDE,-112.055619154863,33.3061212349985,2,FOUR_WAY_INTERSECTION,ANGLE_FRONT_TO_SIDE,PHOENIX,2009-04-25 06:54:00,NO_IMPROPER_ACTION,FAILED_TO_YIELD_RIGHT_OF_WAY_103
2310580,2,OTHER_97,-112.105803761931,33.6399828236136,2,T_INTERSECTION,OTHER_97,PHOENIX,2009-04-19 16:10:00,NO_IMPROPER_ACTION,UNKNOWN_99
2310610,2,SIDESWIPE_SAME_DIRECTION,-110.776629447565,32.0917623109899,1,NOT_AT_INTERSECTION_0,SIDESWIPE_SAME_DIRECTION,TUCSON,2009-05-25 16:44:00,FAILED_TO_YIELD_RIGHT_OF_WAY_103,NO_IMPROPER_ACTION
2310786,2,LEFT_TURN,-111.871998910872,33.3047146702389,3,NOT_AT_INTERSECTION_0,LEFT_TURN,CHANDLER,2009-05-14 13:23:00,NO_IMPROPER_ACTION,UNKNOWN_99
2310818,2,ANGLE_FRONT_TO_SIDE,-111.850324914674,33.3206201814027,2,FOUR_WAY_INTERSECTION,ANGLE_FRONT_TO_SIDE,CHANDLER,2009-05-02 09:10:00,NO_IMPROPER_ACTION,FAILED_TO_YIELD_RIGHT_OF_WAY_103
2310848,2,ANGLE_FRONT_TO_SIDE,-111.876340109154,33.3059776573349,2,T_INTERSECTION,ANGLE_FRONT_TO_SIDE,CHANDLER,2009-05-03 20:53:00,UNKNOWN_99,UNKNOWN_99
2310866,2,ANGLE_FRONT_TO_SIDE,-111.866775027196,33.3444561118722,1,NOT_AT_INTERSECTION_0,ANGLE_FRONT_TO_SIDE,CHANDLER,2009-05-01 14:31:00,NO_IMPROPER_ACTION,FAILED_TO_YIELD_RIGHT_OF_WAY_103
2310918,2,SIDESWIPE_SAME_DIRECTION,-111.814693476446,33.2413235728247,3,T_INTERSECTION,SIDESWIPE_SAME_DIRECTION,CHANDLER,2009-05-04 08:27:00,FAILED_TO_KEEP_IN_PROPER_LANE,NO_IMPROPER_ACTION
2310943,2,SIDESWIPE_SAME_DIRECTION,0,0,3,NOT_AT_INTERSECTION_0,SIDESWIPE_SAME_DIRECTION,UNSPECIFIED_999,2009-02-12 17:32:00,INATTENTION_DISTRACTION,NO_IMPROPER_ACTION
2311350,2,ANGLE_FRONT_TO_SIDE,-110.879798443425,32.2434194777986,3,NOT_AT_INTERSECTION_0,ANGLE_FRONT_TO_SIDE,TUCSON,2009-05-23 14:59:00,DID_NOT_USE_CROSSWALK,DISREGARDED_TRAFFIC_SIGNAL
2311363,2,,-112.272463038384,33.4937611009614,3,NOT_AT_INTERSECTION_0,,UNSPECIFIED_999,2009-05-25 09:30:00,FAILED_TO_YIELD_RIGHT_OF_WAY_103,NO_IMPROPER_ACTION
2311422,3,,-112.004387897615,33.5826063726749,3,FOUR_WAY_INTERSECTION,,PHOENIX,2009-04-23 07:11:00,NO_IMPROPER_ACTION,NO_IMPROPER_ACTION+DISREGARDED_TRAFFIC_SIGNAL
2311557,2,ANGLE_FRONT_TO_SIDE,-112.220603842319,33.5813878584089,3,NOT_AT_INTERSECTION_0,ANGLE_FRONT_TO_SIDE,PEORIA,2009-06-01 10:51:00,NO_IMPROPER_ACTION,FAILED_TO_YIELD_RIGHT_OF_WAY_103
2311579,2,LEFT_TURN,-110.9433481333,32.1596075449222,3,FOUR_WAY_INTERSECTION,LEFT_TURN,TUCSON,2009-08-02 18:44:00,FAILED_TO_KEEP_IN_PROPER_LANE,FAILED_TO_YIELD_RIGHT_OF_WAY_103
2311601,2,OTHER_97,-111.926289695545,33.4621481685115,3,NOT_AT_INTERSECTION_0,OTHER_97,SCOTTSDALE,2009-06-01 15:29:00,NO_IMPROPER_ACTION,NO_IMPROPER_ACTION
2311613,2,ANGLE_FRONT_TO_SIDE,-111.963768272859,33.3198500916977,1,NOT_AT_INTERSECTION_0,ANGLE_FRONT_TO_SIDE,CHANDLER,2009-05-30 14:38:00,INATTENTION_DISTRACTION,INATTENTION_DISTRACTION+NOT_APPLICABLE_MINUS_1
2311620,2,OTHER_97,-111.871907832661,33.6241114613149,3,FOUR_WAY_INTERSECTION,OTHER_97,SCOTTSDALE,2009-06-04 17:05:00,INATTENTION_DISTRACTION,INATTENTION_DISTRACTION
2311707,2,ANGLE_FRONT_TO_SIDE,-111.824138892746,33.3134306846484,3,FOUR_WAY_INTERSECTION,ANGLE_FRONT_TO_SIDE,CHANDLER,2009-05-29 20:35:00,NO_IMPROPER_ACTION,DISREGARDED_TRAFFIC_SIGNAL