IncidentID,num_vehicles_involved,eCollisionManner,Longitude,Latitude,InjurySeverity,eIntersectionType,eCollisionManner,city_name,IncidentDateTime,cyclist_citations,driver_citations
2311749,2,OTHER_97,-110.94296889464,32.2214691199587,3,NOT_AT_INTERSECTION_0,OTHER_97,TUCSON,2009-08-03 16:20:00,DROVE_RODE_IN_OPPOSING_TRAFFIC_LANE,NO_IMPROPER_ACTION
2311765,2,ANGLE_FRONT_TO_SIDE,0,0,4,NOT_AT_INTERSECTION_0,ANGLE_FRONT_TO_SIDE,UNSPECIFIED_999,2009-01-19 11:00:00,UNKNOWN_99,UNKNOWN_99
2311921,2,LEFT_TURN,0,0,2,NOT_AT_INTERSECTION_0,LEFT_TURN,MARANA,2009-06-03 06:14:00,DROVE_RODE_IN_OPPOSING_TRAFFIC_LANE,NO_IMPROPER_ACTION+NOT_APPLICABLE_MINUS_1+NOT_APPLICABLE_MINUS_1
2312090,2,OTHER_97,-111.94511572355,33.4073724874303,3,NOT_AT_INTERSECTION_0,OTHER_97,TEMPE,2009-06-08 12:08:00,OTHER_97,NO_IMPROPER_ACTION
2312094,2,ANGLE_FRONT_TO_SIDE,-111.926412132247,33.4288547979662,3,FOUR_WAY_INTERSECTION,ANGLE_FRONT_TO_SIDE,TEMPE,2009-06-02 18:10:00,FAILED_TO_YIELD_RIGHT_OF_WAY_103,NO_IMPROPER_ACTION
2312133,2,OTHER_97,-112.086927203315,33.49488564322,2,FOUR_WAY_INTERSECTION,OTHER_97,PHOENIX,2009-05-04 23:55:00,UNKNOWN_99,NO_IMPROPER_ACTION
2312146,2,LEFT_TURN,-112.073777465566,33.5046630855396,1,NOT_AT_INTERSECTION_0,LEFT_TURN,PHOENIX,2009-05-21 18:29:00,DROVE_RODE_IN_OPPOSING_TRAFFIC_LANE,NO_IMPROPER_ACTION
2312199,2,ANGLE_FRONT_TO_SIDE,-111.878290535711,33.3764229455107,1,T_INTERSECTION,ANGLE_FRONT_TO_SIDE,MESA,2009-06-08 12:19:00,UNKNOWN_99,NO_IMPROPER_ACTION
2312212,2,OTHER_97,0,0,3,T_INTERSECTION,OTHER_97,UNSPECIFIED_999,2009-05-03 15:20:00,RAN_STOP_SIGN,NO_IMPROPER_ACTION
2312298,2,OTHER_97,-112.061857450142,33.6685397500327,4,NOT_AT_INTERSECTION_0,OTHER_97,PHOENIX,2009-05-07 18:27:00,NO_IMPROPER_ACTION,FAILED_TO_KEEP_IN_PROPER_LANE
2312342,2,ANGLE_FRONT_TO_SIDE,-112.134224037684,33.5203412625115,3,T_INTERSECTION,ANGLE_FRONT_TO_SIDE,PHOENIX,2009-05-07 20:19:00,DROVE_RODE_IN_OPPOSING_TRAFFIC_LANE,NO_IMPROPER_ACTION+NOT_APPLICABLE_MINUS_1
2312351,2,ANGLE_FRONT_TO_SIDE,0,0,2,FOUR_WAY_INTERSECTION,ANGLE_FRONT_TO_SIDE,CASA GRANDE,2009-06-12 16:00:00,INATTENTION_DISTRACTION,INATTENTION_DISTRACTION
2313198,2,ANGLE_FRONT_TO_SIDE,-111.908813985252,33.5166378163461,3,FOUR_WAY_INTERSECTION,ANGLE_FRONT_TO_SIDE,SCOTTSDALE,2009-06-04 09:37:00,OTHER_97,FAILED_TO_YIELD_RIGHT_OF_WAY_103
2313307,2,ANGLE_FRONT_TO_SIDE,-111.826557015788,33.5751774701091,3,FOUR_WAY_INTERSECTION,ANGLE_FRONT_TO_SIDE,SCOTTSDALE,2009-06-12 15:57:00,INATTENTION_DISTRACTION,NO_IMPROPER_ACTION
2313317,2,OTHER_97,-111.943416424686,33.4729248001339,3,FOUR_WAY_INTERSECTION,OTHER_97,SCOTTSDALE,2009-06-11 19:07:00,MADE_IMPROPER_TURN,NO_IMPROPER_ACTION
2313321,2,ANGLE_FRONT_TO_SIDE,-111.874013114171,33.3930535921204,2,NOT_AT_INTERSECTION_0,ANGLE_FRONT_TO_SIDE,MESA,2009-06-04 14:37:00,OTHER_97,NO_IMPROPER_ACTION
2313351,2,OTHER_97,-112.097262052596,33.8433057400001,3,T_INTERSECTION,OTHER_97,UNSPECIFIED_999,2009-06-02 06:57:00,NO_IMPROPER_ACTION,INATTENTION_DISTRACTION
2313372,2,SIDESWIPE_SAME_DIRECTION,-111.668324292955,33.2486929039677,4,NOT_AT_INTERSECTION_0,SIDESWIPE_SAME_DIRECTION,UNSPECIFIED_999,2009-06-01 16:24:00,UNKNOWN_99,FAILED_TO_KEEP_IN_PROPER_LANE
2313398,2,SIDESWIPE_SAME_DIRECTION,-112.112702538535,33.5248509556355,3,NOT_AT_INTERSECTION_0,SIDESWIPE_SAME_DIRECTION,PHOENIX,2009-05-24 11:00:00,NO_IMPROPER_ACTION,UNKNOWN_99
2313493,2,OTHER_97,-111.79539958802,34.8639180430828,1,NOT_AT_INTERSECTION_0,OTHER_97,SEDONA,2009-06-05 14:17:00,UNKNOWN_99,INATTENTION_DISTRACTION
2313532,2,ANGLE_FRONT_TO_SIDE,-110.079047648884,34.5078963737396,2,FOUR_WAY_INTERSECTION,ANGLE_FRONT_TO_SIDE,SNOWFLAKE,2009-06-04 12:39:00,UNKNOWN_99,NO_IMPROPER_ACTION
2313625,2,SIDESWIPE_OPPOSITE_DIRECTION,-112.292128546096,34.6492808775192,4,NOT_AT_INTERSECTION_0,SIDESWIPE_OPPOSITE_DIRECTION,UNSPECIFIED_999,2009-06-12 21:03:00,KNOWINGLY_OPERATED_WITH_FAULTY_MISSING_EQUIPMENT,NO_IMPROPER_ACTION+NOT_APPLICABLE_MINUS_1+NOT_APPLICABLE_MINUS_1
2313678,2,SIDESWIPE_SAME_DIRECTION,-110.969767968544,32.3658048487154,2,NOT_AT_INTERSECTION_0,SIDESWIPE_SAME_DIRECTION,ORO VALLEY,2009-06-24 13:59:00,NO_IMPROPER_ACTION,INATTENTION_DISTRACTION
2313712,2,REAR_END,-111.788339963342,33.3899023974857,2,FOUR_WAY_INTERSECTION,REAR_END,MESA,2009-06-21 18:23:00,UNKNOWN_99,NO_IMPROPER_ACTION+NOT_APPLICABLE_MINUS_1+NOT_APPLICABLE_MINUS_1
2313730,2,SIDESWIPE_SAME_DIRECTION,-111.739028344071,33.4227736189904,3,NOT_AT_INTERSECTION_0,SIDESWIPE_SAME_DIRECTION,MESA,2009-06-20 11:56:00,FAILED_TO_YIELD_RIGHT_OF_WAY_103,NO_IMPROPER_ACTION
2313757,2,LEFT_TURN,-111.753716915555,33.4154564513047,3,FOUR_WAY_INTERSECTION,LEFT_TURN,MESA,2009-06-18 15:38:00,NO_IMPROPER_ACTION,NO_IMPROPER_ACTION+NOT_APPLICABLE_MINUS_1
2313758,2,REAR_END,-111.012705793332,32.2943456904983,1,NOT_AT_INTERSECTION_0,REAR_END,UNSPECIFIED_999,2009-06-12 15:11:00,INATTENTION_DISTRACTION,FAILED_TO_YIELD_RIGHT_OF_WAY_103+NOT_APPLICABLE_MINUS_1
2313762,2,ANGLE_FRONT_TO_SIDE,-111.811204276784,34.8624190039887,1,NOT_AT_INTERSECTION_0,ANGLE_FRONT_TO_SIDE,SEDONA,2009-06-30 18:53:00,FAILED_TO_YIELD_RIGHT_OF_WAY_103,NO_IMPROPER_ACTION
2313812,2,SIDESWIPE_SAME_DIRECTION,-109.971982884574,34.1270983428132,3,NOT_AT_INTERSECTION_0,SIDESWIPE_SAME_DIRECTION,PINETOP,2009-06-12 08:22:00,UNKNOWN_99,UNKNOWN_99
2313847,3,ANGLE_FRONT_TO_SIDE,-111.652233813792,35.2017055206767,3,FOUR_WAY_INTERSECTION,ANGLE_FRONT_TO_SIDE,FLAGSTAFF,2009-06-10 12:32:00,NO_IMPROPER_ACTION,UNKNOWN_99+NOT_APPLICABLE_MINUS_1+NOT_APPLICABLE_MINUS_1+NO_IMPROPER_ACTION
2313946,2,ANGLE_FRONT_TO_SIDE,0,0,3,T_INTERSECTION,ANGLE_FRONT_TO_SIDE,YUMA,2009-06-22 10:23:00,DROVE_RODE_IN_OPPOSING_TRAFFIC_LANE,NO_IMPROPER_ACTION
2313960,2,OTHER_97,-111.704773251558,33.3649861861713,2,FOUR_WAY_INTERSECTION,OTHER_97,GILBERT,2009-06-22 15:12:00,WALKED_ON_WRONG_SIDE_OF_ROAD,NO_IMPROPER_ACTION
2313965,2,LEFT_TURN,-111.721862571005,33.3649195275789,1,FOUR_WAY_INTERSECTION,LEFT_TURN,GILBERT,2009-06-17 17:29:00,UNKNOWN_99,UNKNOWN_99
2314047,2,ANGLE_FRONT_TO_SIDE,-111.927955113352,33.4074575921581,1,T_INTERSECTION,ANGLE_FRONT_TO_SIDE,TEMPE,2009-06-07 10:54:00,NO_IMPROPER_ACTION,FAILED_TO_YIELD_RIGHT_OF_WAY_103
2314066,2,ANGLE_FRONT_TO_SIDE,-112.220234651372,33.5958361302334,3,FOUR_WAY_INTERSECTION,ANGLE_FRONT_TO_SIDE,PEORIA,2009-06-25 14:50:00,NO_IMPROPER_ACTION,SPEED_TOO_FAST_FOR_CONDITIONS
2314137,2,ANGLE_FRONT_TO_SIDE,-111.806939722381,33.3322993414251,4,NOT_AT_INTERSECTION_0,ANGLE_FRONT_TO_SIDE,GILBERT,2009-06-11 16:39:00,FAILED_TO_YIELD_RIGHT_OF_WAY_103,NO_IMPROPER_ACTION
2314142,2,ANGLE_FRONT_TO_SIDE,-111.848351893093,33.4122738855617,2,T_INTERSECTION,ANGLE_FRONT_TO_SIDE,MESA,2009-06-02 07:38:00,OTHER_97,NO_IMPROPER_ACTION+NOT_APPLICABLE_MINUS_1+NOT_APPLICABLE_MINUS_1
2314155,2,OTHER_97,-111.874405769789,33.422003770885,4,NOT_AT_INTERSECTION_0,OTHER_97,MESA,2009-06-06 20:53:00,NO_IMPROPER_ACTION,FAILED_TO_YIELD_RIGHT_OF_WAY_103+NOT_APPLICABLE_MINUS_1+NOT_APPLICABLE_MINUS_1+NOT_APPLICABLE_MINUS_1+NOT_APPLICABLE_MINUS_1+NOT_APPLICABLE_MINUS_1
2314161,2,ANGLE_FRONT_TO_SIDE,-111.83112142839,33.4506508475868,2,NOT_AT_INTERSECTION_0,ANGLE_FRONT_TO_SIDE,MESA,2009-06-10 14:05:00,DROVE_RODE_IN_OPPOSING_TRAFFIC_LANE,NOT_APPLICABLE_MINUS_1+NO_IMPROPER_ACTION
2314303,2,ANGLE_FRONT_TO_SIDE,-111.958577764303,33.4444946893079,1,NOT_AT_INTERSECTION_0,ANGLE_FRONT_TO_SIDE,TEMPE,2009-06-19 12:41:00,UNKNOWN_99,NO_IMPROPER_ACTION
2314432,2,ANGLE_FRONT_TO_SIDE,-111.521098829453,33.4369589458315,3,FOUR_WAY_INTERSECTION,ANGLE_FRONT_TO_SIDE,APACHE JUNCTION,2009-06-20 21:18:00,DROVE_RODE_IN_OPPOSING_TRAFFIC_LANE,NOT_APPLICABLE_MINUS_1+NO_IMPROPER_ACTION+NOT_APPLICABLE_MINUS_1
2314477,2,ANGLE_FRONT_TO_SIDE,-111.922086107902,33.4657728925553,3,NOT_AT_INTERSECTION_0,ANGLE_FRONT_TO_SIDE,SCOTTSDALE,2009-06-23 16:09:00,INATTENTION_DISTRACTION,INATTENTION_DISTRACTION+NOT_APPLICABLE_MINUS_1
2314479,2,OTHER_97,-112.168622832681,33.537860824162,2,NOT_AT_INTERSECTION_0,OTHER_97,GLENDALE,2009-06-08 07:32:00,NO_IMPROPER_ACTION,NO_IMPROPER_ACTION
2314598,2,OTHER_97,-112.202924072352,33.6382347161409,2,FOUR_WAY_INTERSECTION,OTHER_97,GLENDALE,2009-06-07 13:32:00,UNKNOWN_99,UNKNOWN_99
2314648,2,ANGLE_FRONT_TO_SIDE,0,0,1,FOUR_WAY_INTERSECTION,ANGLE_FRONT_TO_SIDE,SCOTTSDALE,2009-06-28 09:12:00,DROVE_RODE_IN_OPPOSING_TRAFFIC_LANE,NO_IMPROPER_ACTION
2314811,2,SIDESWIPE_SAME_DIRECTION,-111.02944881829,32.3261583310873,3,NOT_AT_INTERSECTION_0,SIDESWIPE_SAME_DIRECTION,UNSPECIFIED_999,2009-06-29 22:15:00,FAILED_TO_KEEP_IN_PROPER_LANE,INATTENTION_DISTRACTION
2314840,2,LEFT_TURN,-112.397321367945,33.4871805501579,2,FOUR_WAY_INTERSECTION,LEFT_TURN,GOODYEAR,2009-06-24 21:07:00,NO_IMPROPER_ACTION,FAILED_TO_YIELD_RIGHT_OF_WAY_103
2314842,2,OTHER_97,-111.906385924692,33.5447153122801,3,FOUR_WAY_INTERSECTION,OTHER_97,SCOTTSDALE,2009-06-22 10:29:00,NO_IMPROPER_ACTION,FAILED_TO_YIELD_RIGHT_OF_WAY_103
2314883,2,OTHER_97,-111.800557592004,33.3354500933129,3,T_INTERSECTION,OTHER_97,GILBERT,2009-06-17 13:50:00,DROVE_RODE_IN_OPPOSING_TRAFFIC_LANE,FAILED_TO_YIELD_RIGHT_OF_WAY_103
2314899,2,ANGLE_FRONT_TO_SIDE,-112.187734668976,33.5349477610257,2,FOUR_WAY_INTERSECTION,ANGLE_FRONT_TO_SIDE,GLENDALE,2009-06-05 14:31:00,FAILED_TO_YIELD_RIGHT_OF_WAY_103,NO_IMPROPER_ACTION+NOT_APPLICABLE_MINUS_1
2314910,2,OTHER_97,-111.744005969379,33.3067849774337,2,FOUR_WAY_INTERSECTION,OTHER_97,GILBERT,2009-06-17 12:07:00,DROVE_RODE_IN_OPPOSING_TRAFFIC_LANE,NO_IMPROPER_ACTION
2315079,2,ANGLE_FRONT_TO_SIDE,-111.805406995865,33.4003202838328,2,NOT_AT_INTERSECTION_0,ANGLE_FRONT_TO_SIDE,MESA,2009-06-06 13:30:00,NO_IMPROPER_ACTION,INATTENTION_DISTRACTION
2315091,2,ANGLE_FRONT_TO_SIDE,-111.926302897429,33.4064083686158,3,T_INTERSECTION,ANGLE_FRONT_TO_SIDE,TEMPE,2009-06-20 12:55:00,DROVE_RODE_IN_OPPOSING_TRAFFIC_LANE+NOT_APPLICABLE_MINUS_1,OTHER_97
2315105,2,SIDESWIPE_SAME_DIRECTION,-111.651025300457,35.196114976751,3,NOT_AT_INTERSECTION_0,SIDESWIPE_SAME_DIRECTION,FLAGSTAFF,2009-06-14 08:55:00,NO_IMPROPER_ACTION,INATTENTION_DISTRACTION
2315250,2,REAR_END,-112.424123414275,33.6354054175105,2,NOT_AT_INTERSECTION_0,REAR_END,SURPRISE,2009-06-26 10:53:00,NO_IMPROPER_ACTION,UNKNOWN_99
2315273,2,ANGLE_FRONT_TO_SIDE,-111.999658866788,33.4072267675407,2,T_INTERSECTION,ANGLE_FRONT_TO_SIDE,PHOENIX,2009-11-06 11:32:00,FAILED_TO_KEEP_IN_PROPER_LANE,NO_IMPROPER_ACTION
2315283,2,ANGLE_FRONT_TO_SIDE,-111.736555647156,33.3937890575788,3,FOUR_WAY_INTERSECTION,ANGLE_FRONT_TO_SIDE,MESA,2009-06-11 11:09:00,NO_IMPROPER_ACTION,FAILED_TO_YIELD_RIGHT_OF_WAY_103
2315284,2,OTHER_97,-111.794971391965,33.4152451224651,2,NOT_AT_INTERSECTION_0,OTHER_97,MESA,2009-06-05 16:13:00,DROVE_RODE_IN_OPPOSING_TRAFFIC_LANE,NO_IMPROPER_ACTION
2315406,2,ANGLE_FRONT_TO_SIDE,-111.618194281863,35.2162023362213,4,FOUR_WAY_INTERSECTION,ANGLE_FRONT_TO_SIDE,FLAGSTAFF,2009-06-27 08:17:00,INATTENTION_DISTRACTION,NO_IMPROPER_ACTION
2315413,2,ANGLE_FRONT_TO_SIDE,-111.063301557449,32.376438942263,1,T_INTERSECTION,ANGLE_FRONT_TO_SIDE,UNSPECIFIED_999,2009-06-11 16:55:00,NO_IMPROPER_ACTION,FAILED_TO_YIELD_RIGHT_OF_WAY_103
2315496,2,OTHER_97,-112.186738099654,33.672515931768,5,FOUR_WAY_INTERSECTION,OTHER_97,GLENDALE,2009-06-23 18:24:00,NO_IMPROPER_ACTION,DISREGARDED_TRAFFIC_SIGNAL
2315528,2,HEAD_ON,-111.042992543784,32.1628538920079,4,NOT_AT_INTERSECTION_0,HEAD_ON,UNSPECIFIED_999,2009-06-16 14:14:00,DROVE_RODE_IN_OPPOSING_TRAFFIC_LANE,NO_IMPROPER_ACTION+NOT_APPLICABLE_MINUS_1
2315558,2,OTHER_97,-111.857001955884,33.4003555895518,4,FOUR_WAY_INTERSECTION,OTHER_97,MESA,2009-06-22 09:58:00,OTHER_97,UNKNOWN_99
2315584,2,ANGLE_FRONT_TO_SIDE,-111.663986132638,33.3934043399008,3,FOUR_WAY_INTERSECTION,ANGLE_FRONT_TO_SIDE,MESA,2009-06-05 18:43:00,FAILED_TO_YIELD_RIGHT_OF_WAY_103,NO_IMPROPER_ACTION
2315673,2,ANGLE_FRONT_TO_SIDE,-112.182300440486,33.6721139945169,4,T_INTERSECTION,ANGLE_FRONT_TO_SIDE,GLENDALE,2009-06-10 14:40:00,FAILED_TO_YIELD_RIGHT_OF_WAY_103,NO_IMPROPER_ACTION
2315674,2,OTHER_97,-112.230119403674,33.5985361389327,2,NOT_AT_INTERSECTION_0,OTHER_97,PEORIA,2009-06-27 03:00:00,DROVE_RODE_IN_OPPOSING_TRAFFIC_LANE,OTHER_97
2315867,2,REAR_END,-111.936824719506,33.320002205683,2,FOUR_WAY_INTERSECTION,REAR_END,CHANDLER,2009-06-05 13:19:00,NO_IMPROPER_ACTION,FAILED_TO_YIELD_RIGHT_OF_WAY_103
2315881,2,ANGLE_FRONT_TO_SIDE,-112.186176375827,33.5530353689156,4,FOUR_WAY_INTERSECTION,ANGLE_FRONT_TO_SIDE,GLENDALE,2009-06-17 13:21:00,OTHER_97,NO_IMPROPER_ACTION
2315889,2,ANGLE_FRONT_TO_SIDE,0,0,3,T_INTERSECTION,ANGLE_FRONT_TO_SIDE,UNSPECIFIED_999,2009-06-06 12:15:00,UNKNOWN_99,INATTENTION_DISTRACTION
2315954,2,ANGLE_FRONT_TO_SIDE,-112.164502419309,33.5819027292944,4,NOT_AT_INTERSECTION_0,ANGLE_FRONT_TO_SIDE,GLENDALE,2009-05-21 22:22:00,FAILED_TO_YIELD_RIGHT_OF_WAY_103,NO_IMPROPER_ACTION
2316046,2,LEFT_TURN,-111.841681548363,33.291543876993,1,FOUR_WAY_INTERSECTION,LEFT_TURN,CHANDLER,2009-06-27 16:09:00,OTHER_97,FAILED_TO_YIELD_RIGHT_OF_WAY_103
2316063,2,ANGLE_FRONT_TO_SIDE,-111.806283526586,33.3353759209869,3,NOT_AT_INTERSECTION_0,ANGLE_FRONT_TO_SIDE,GILBERT,2009-06-18 13:00:00,OTHER_97,FAILED_TO_YIELD_RIGHT_OF_WAY_103
2316147,2,ANGLE_FRONT_TO_SIDE,-112.168901174621,33.5747095128189,1,FOUR_WAY_INTERSECTION,ANGLE_FRONT_TO_SIDE,GLENDALE,2009-05-08 18:23:00,NO_IMPROPER_ACTION,FAILED_TO_YIELD_RIGHT_OF_WAY_103+NOT_APPLICABLE_MINUS_1
2316160,2,ANGLE_FRONT_TO_SIDE,-111.930619794984,33.3346952175167,2,FOUR_WAY_INTERSECTION,ANGLE_FRONT_TO_SIDE,TEMPE,2009-06-25 07:45:00,OTHER_97,INATTENTION_DISTRACTION
2316213,2,ANGLE_FRONT_TO_SIDE,-111.858098570837,33.2585424385762,3,FOUR_WAY_INTERSECTION,ANGLE_FRONT_TO_SIDE,CHANDLER,2009-06-07 11:41:00,NO_IMPROPER_ACTION,INATTENTION_DISTRACTION
2316281,2,ANGLE_FRONT_TO_SIDE,-111.95249141211,33.3783357031764,3,FOUR_WAY_INTERSECTION,ANGLE_FRONT_TO_SIDE,TEMPE,2009-06-20 13:50:00,DROVE_RODE_IN_OPPOSING_TRAFFIC_LANE,NO_IMPROPER_ACTION
2316298,2,ANGLE_FRONT_TO_SIDE,-111.910090975478,33.4075106802413,3,NOT_AT_INTERSECTION_0,ANGLE_FRONT_TO_SIDE,TEMPE,2009-06-12 13:25:00,DROVE_RODE_IN_OPPOSING_TRAFFIC_LANE,NO_IMPROPER_ACTION
2316339,2,ANGLE_FRONT_TO_SIDE,-112.047697846992,33.4514071611704,3,FOUR_WAY_INTERSECTION,ANGLE_FRONT_TO_SIDE,PHOENIX,2009-06-09 23:59:00,DISREGARDED_TRAFFIC_SIGNAL,NO_IMPROPER_ACTION
2316356,2,,-112.025616347339,33.6548409976648,4,NOT_AT_INTERSECTION_0,,PHOENIX,2009-06-10 10:56:00,NO_IMPROPER_ACTION,SPEED_TOO_FAST_FOR_CONDITIONS
2316412,2,ANGLE_FRONT_TO_SIDE,-111.942414960221,33.422065609296,2,FOUR_WAY_INTERSECTION,ANGLE_FRONT_TO_SIDE,TEMPE,2009-06-20 16:39:00,DROVE_RODE_IN_OPPOSING_TRAFFIC_LANE,UNKNOWN_99
2316462,2,OTHER_97,-110.927316103146,32.2069022503487,3,NOT_AT_INTERSECTION_0,OTHER_97,TUCSON,2009-06-01 11:13:00,DROVE_RODE_IN_OPPOSING_TRAFFIC_LANE,NO_IMPROPER_ACTION
2316512,2,UNKNOWN_99,-110.977547412231,32.1486877671941,3,FOUR_WAY_INTERSECTION,UNKNOWN_99,TUCSON,2009-06-02 21:27:00,UNKNOWN_99,UNKNOWN_99
2316551,2,SIDESWIPE_SAME_DIRECTION,-112.073743322015,33.5074742291978,1,NOT_AT_INTERSECTION_0,SIDESWIPE_SAME_DIRECTION,PHOENIX,2009-06-10 17:26:00,NO_IMPROPER_ACTION,FAILED_TO_YIELD_RIGHT_OF_WAY_103
2316587,2,ANGLE_FRONT_TO_SIDE,-112.13470158264,33.6813168143865,3,FOUR_WAY_INTERSECTION,ANGLE_FRONT_TO_SIDE,PHOENIX,2009-06-01 06:29:00,DROVE_RODE_IN_OPPOSING_TRAFFIC_LANE,NO_IMPROPER_ACTION
2316620,2,ANGLE_FRONT_TO_SIDE,-110.943952550459,32.2373536250727,3,T_INTERSECTION,ANGLE_FRONT_TO_SIDE,TUCSON,2009-06-09 07:44:00,WALKED_ON_WRONG_SIDE_OF_ROAD,NO_IMPROPER_ACTION
2316625,2,REAR_END,-110.971250248571,32.2218993942275,4,FOUR_WAY_INTERSECTION,REAR_END,TUCSON,2009-06-09 15:29:00,NO_IMPROPER_ACTION,SPEED_TOO_FAST_FOR_CONDITIONS
2316709,2,SIDESWIPE_SAME_DIRECTION,-111.016617930531,32.2068567741664,3,NOT_AT_INTERSECTION_0,SIDESWIPE_SAME_DIRECTION,TUCSON,2009-06-10 08:15:00,NO_IMPROPER_ACTION,FAILED_TO_KEEP_IN_PROPER_LANE
2316765,2,ANGLE_FRONT_TO_SIDE,-112.08257954274,33.4547402344936,4,T_INTERSECTION,ANGLE_FRONT_TO_SIDE,PHOENIX,2009-06-08 11:56:00,UNKNOWN_99,UNKNOWN_99
2316825,2,SIDESWIPE_SAME_DIRECTION,-110.971747572872,32.2576064953126,1,NOT_AT_INTERSECTION_0,SIDESWIPE_SAME_DIRECTION,TUCSON,2009-06-11 08:06:00,NO_IMPROPER_ACTION,NOT_APPLICABLE_MINUS_1+FAILED_TO_YIELD_RIGHT_OF_WAY_103
2316854,2,ANGLE_FRONT_TO_SIDE,0,0,1,FOUR_WAY_INTERSECTION,ANGLE_FRONT_TO_SIDE,PHOENIX,2009-06-17 19:45:00,NO_IMPROPER_ACTION,FAILED_TO_YIELD_RIGHT_OF_WAY_103
2316880,2,ANGLE_FRONT_TO_SIDE,-110.969638771439,32.2865479908401,3,FOUR_WAY_INTERSECTION,ANGLE_FRONT_TO_SIDE,TUCSON,2009-06-12 18:22:00,NO_IMPROPER_ACTION,FAILED_TO_YIELD_RIGHT_OF_WAY_103+NOT_APPLICABLE_MINUS_1+NOT_APPLICABLE_MINUS_1
2317023,2,LEFT_TURN,-111.978328368413,33.3927631602965,3,FOUR_WAY_INTERSECTION,LEFT_TURN,TEMPE,2009-06-12 18:34:00,NOT_APPLICABLE_MINUS_1+NO_IMPROPER_ACTION,DROVE_RODE_IN_OPPOSING_TRAFFIC_LANE
2317176,2,HEAD_ON,0,0,3,NOT_AT_INTERSECTION_0,HEAD_ON,KINGMAN,2009-06-28 15:56:00,NO_IMPROPER_ACTION,RAN_STOP_SIGN+NOT_APPLICABLE_MINUS_1
2317266,2,OTHER_97,-112.116960959674,33.5585508474037,3,T_INTERSECTION,OTHER_97,PHOENIX,2009-06-13 19:30:00,NO_IMPROPER_ACTION,UNKNOWN_99
2317269,2,LEFT_TURN,-111.028850144906,32.3062887796277,3,NOT_AT_INTERSECTION_0,LEFT_TURN,UNSPECIFIED_999,2009-06-20 20:27:00,NO_IMPROPER_ACTION,INATTENTION_DISTRACTION
2317288,2,OTHER_97,-111.671065024119,32.7773541876516,3,NOT_AT_INTERSECTION_0,OTHER_97,UNSPECIFIED_999,2009-06-21 04:16:00,OTHER_97,NO_IMPROPER_ACTION
2317375,2,REAR_END,-110.943818454995,32.2855606283384,2,NOT_AT_INTERSECTION_0,REAR_END,TUCSON,2009-06-16 08:28:00,INATTENTION_DISTRACTION,NO_IMPROPER_ACTION
2317410,2,OTHER_97,-110.978003303605,32.2459484775942,1,FOUR_WAY_INTERSECTION,OTHER_97,TUCSON,2009-06-16 07:12:00,NO_IMPROPER_ACTION,INATTENTION_DISTRACTION
2317412,2,ANGLE_FRONT_TO_SIDE,-112.013713005374,33.4951227604949,3,NOT_AT_INTERSECTION_0,ANGLE_FRONT_TO_SIDE,PHOENIX,2009-07-02 21:53:00,DID_NOT_USE_CROSSWALK+NOT_APPLICABLE_MINUS_1,SPEED_TOO_FAST_FOR_CONDITIONS
2317426,2,OTHER_97,-110.959463459787,32.227743450456,3,FOUR_WAY_INTERSECTION,OTHER_97,TUCSON,2009-06-17 12:59:00,NO_IMPROPER_ACTION,FAILED_TO_YIELD_RIGHT_OF_WAY_103
2317445,2,OTHER_97,-110.979127248893,32.2448681429158,3,T_INTERSECTION,OTHER_97,TUCSON,2009-06-15 14:49:00,NO_IMPROPER_ACTION,FAILED_TO_YIELD_RIGHT_OF_WAY_103
2317447,2,ANGLE_FRONT_TO_SIDE,-110.961722060174,32.1778834272446,3,T_INTERSECTION,ANGLE_FRONT_TO_SIDE,TUCSON,2009-06-16 15:05:00,OTHER_97,NO_IMPROPER_ACTION
2317449,2,ANGLE_FRONT_TO_SIDE,-112.185911693656,33.5855497625381,3,T_INTERSECTION,ANGLE_FRONT_TO_SIDE,GLENDALE,2009-06-30 08:08:00,DROVE_RODE_IN_OPPOSING_TRAFFIC_LANE,NO_IMPROPER_ACTION
2317615,2,ANGLE_FRONT_TO_SIDE,-112.204093265086,33.5238132532358,3,NOT_AT_INTERSECTION_0,ANGLE_FRONT_TO_SIDE,GLENDALE,2009-06-24 10:50:00,NO_IMPROPER_ACTION,FAILED_TO_YIELD_RIGHT_OF_WAY_103
2317639,2,OTHER_97,-112.195076126461,33.5094926327543,2,FOUR_WAY_INTERSECTION,OTHER_97,GLENDALE,2009-06-24 15:40:00,NO_IMPROPER_ACTION,SPEED_TOO_FAST_FOR_CONDITIONS
2317694,2,ANGLE_FRONT_TO_SIDE,-112.097587409036,33.553056982023,2,NOT_AT_INTERSECTION_0,ANGLE_FRONT_TO_SIDE,PHOENIX,2009-06-20 13:17:00,INATTENTION_DISTRACTION,INATTENTION_DISTRACTION+NOT_APPLICABLE_MINUS_1
2317723,2,ANGLE_FRONT_TO_SIDE,-111.005556258138,32.226362890677,3,FOUR_WAY_INTERSECTION,ANGLE_FRONT_TO_SIDE,TUCSON,2009-06-24 18:46:00,NO_IMPROPER_ACTION,FAILED_TO_YIELD_RIGHT_OF_WAY_103