IncidentID,num_vehicles_involved,eCollisionManner,Longitude,Latitude,InjurySeverity,eIntersectionType,eCollisionManner,city_name,IncidentDateTime,cyclist_citations,driver_citations
2317794,2,REAR_END,-110.772682743465,32.1187177023089,4,NOT_AT_INTERSECTION_0,REAR_END,TUCSON,2009-06-27 12:20:00,UNSAFE_LANE_CHANGE,NO_IMPROPER_ACTION+NOT_APPLICABLE_MINUS_1+NOT_APPLICABLE_MINUS_1+NOT_APPLICABLE_MINUS_1
2317875,2,ANGLE_FRONT_TO_SIDE,-112.168576527504,33.5448935234477,2,NOT_AT_INTERSECTION_0,ANGLE_FRONT_TO_SIDE,GLENDALE,2009-06-30 13:04:00,NO_IMPROPER_ACTION,FAILED_TO_YIELD_RIGHT_OF_WAY_103+NOT_APPLICABLE_MINUS_1+NOT_APPLICABLE_MINUS_1+NOT_APPLICABLE_MINUS_1
2317918,2,OTHER_97,-112.203109438085,33.5238208598217,2,FOUR_WAY_INTERSECTION,OTHER_97,GLENDALE,2009-06-21 14:00:00,NO_IMPROPER_ACTION,INATTENTION_DISTRACTION
2317928,2,ANGLE_FRONT_TO_SIDE,-112.358133478396,33.4716039035299,2,FOUR_WAY_INTERSECTION,ANGLE_FRONT_TO_SIDE,GOODYEAR,2009-06-11 16:22:00,NO_IMPROPER_ACTION,NO_IMPROPER_ACTION
2317961,2,REAR_END,-110.956823850812,32.2456767919705,3,NOT_AT_INTERSECTION_0,REAR_END,TUCSON,2009-06-19 16:21:00,NO_IMPROPER_ACTION,INATTENTION_DISTRACTION
2317977,2,LEFT_TURN,-110.935238213686,32.2649255950706,3,FOUR_WAY_INTERSECTION,LEFT_TURN,TUCSON,2009-06-06 15:50:00,NO_IMPROPER_ACTION,DISREGARDED_TRAFFIC_SIGNAL
2318027,2,LEFT_TURN,-110.857982831521,32.206760622433,1,FOUR_WAY_INTERSECTION,LEFT_TURN,TUCSON,2009-06-26 14:47:00,FAILED_TO_YIELD_RIGHT_OF_WAY_103,NO_IMPROPER_ACTION
2318089,2,ANGLE_FRONT_TO_SIDE,-110.971432640496,32.2492287093239,3,NOT_AT_INTERSECTION_0,ANGLE_FRONT_TO_SIDE,TUCSON,2009-06-22 08:15:00,FAILED_TO_YIELD_RIGHT_OF_WAY_103,NOT_APPLICABLE_MINUS_1+NO_IMPROPER_ACTION
2318217,2,OTHER_97,-112.073717288472,33.46943103441,3,FOUR_WAY_INTERSECTION,OTHER_97,PHOENIX,2009-06-10 12:44:00,DISREGARDED_TRAFFIC_SIGNAL,NO_IMPROPER_ACTION+NOT_APPLICABLE_MINUS_1+NOT_APPLICABLE_MINUS_1
2318260,2,ANGLE_FRONT_TO_SIDE,-112.45368978876,34.7601043952443,1,FOUR_WAY_INTERSECTION,ANGLE_FRONT_TO_SIDE,CHINO VALLEY,2009-06-19 13:30:00,DISREGARDED_TRAFFIC_SIGNAL,NO_IMPROPER_ACTION+NOT_APPLICABLE_MINUS_1
2318262,3,ANGLE_FRONT_TO_SIDE,-110.968012558899,32.144925276912,1,FOUR_WAY_INTERSECTION,ANGLE_FRONT_TO_SIDE,TUCSON,2009-06-14 16:45:00,NO_IMPROPER_ACTION+NO_IMPROPER_ACTION,FAILED_TO_YIELD_RIGHT_OF_WAY_103
2318348,2,ANGLE_FRONT_TO_SIDE,-112.06144300666,33.4874342385805,3,NOT_AT_INTERSECTION_0,ANGLE_FRONT_TO_SIDE,UNSPECIFIED_999,2009-07-15 06:21:00,OTHER_97,NO_IMPROPER_ACTION
2318371,2,ANGLE_FRONT_TO_SIDE,-112.073273590461,33.3797920201367,1,NOT_AT_INTERSECTION_0,ANGLE_FRONT_TO_SIDE,PHOENIX,2009-06-26 13:07:00,DROVE_RODE_IN_OPPOSING_TRAFFIC_LANE,NOT_APPLICABLE_MINUS_1+FAILED_TO_YIELD_RIGHT_OF_WAY_103
2318539,3,SIDESWIPE_SAME_DIRECTION,-112.100551650105,33.2905001791131,3,NOT_AT_INTERSECTION_0,SIDESWIPE_SAME_DIRECTION,PHOENIX,2009-06-26 10:54:00,SPEED_TOO_FAST_FOR_CONDITIONS,NO_IMPROPER_ACTION+NO_IMPROPER_ACTION
2318600,2,ANGLE_FRONT_TO_SIDE,-112.134289023877,33.546838143785,1,NOT_AT_INTERSECTION_0,ANGLE_FRONT_TO_SIDE,PHOENIX,2009-07-10 13:46:00,NO_IMPROPER_ACTION,INATTENTION_DISTRACTION
2318602,2,ANGLE_FRONT_TO_SIDE,-112.169531305416,33.4949458377852,1,NOT_AT_INTERSECTION_0,ANGLE_FRONT_TO_SIDE,PHOENIX,2009-07-11 10:31:00,DID_NOT_USE_CROSSWALK,NO_IMPROPER_ACTION
2318636,2,SIDESWIPE_SAME_DIRECTION,-111.719373996144,33.3864525119503,2,INTERSECTION_AS_PART_OF_INTERCHANGE,SIDESWIPE_SAME_DIRECTION,MESA,2009-06-22 15:47:00,INATTENTION_DISTRACTION,INATTENTION_DISTRACTION
2318685,2,OTHER_97,-111.995429445561,33.4951151708153,2,FOUR_WAY_INTERSECTION,OTHER_97,PHOENIX,2009-06-24 19:00:00,NO_IMPROPER_ACTION,INATTENTION_DISTRACTION
2318751,2,ANGLE_FRONT_TO_SIDE,-112.412099847477,33.6866805329121,5,FOUR_WAY_INTERSECTION,ANGLE_FRONT_TO_SIDE,SURPRISE,2009-12-04 06:00:00,FAILED_TO_YIELD_RIGHT_OF_WAY_103,NO_IMPROPER_ACTION+NOT_APPLICABLE_MINUS_1
2318779,2,ANGLE_FRONT_TO_SIDE,-112.036163978869,33.6091536206901,2,FOUR_WAY_INTERSECTION,ANGLE_FRONT_TO_SIDE,PHOENIX,2009-07-01 22:24:00,KNOWINGLY_OPERATED_WITH_FAULTY_MISSING_EQUIPMENT,FAILED_TO_YIELD_RIGHT_OF_WAY_103
2318895,2,OTHER_97,-112.08309442839,33.4839688468079,2,T_INTERSECTION,OTHER_97,PHOENIX,2009-07-13 19:28:00,DISREGARDED_PAVEMENT_MARKINGS,NOT_APPLICABLE_MINUS_1+NO_IMPROPER_ACTION
2319000,2,ANGLE_FRONT_TO_SIDE,-112.03021867494,33.4585646990186,2,FOUR_WAY_INTERSECTION,ANGLE_FRONT_TO_SIDE,PHOENIX,2009-07-26 14:10:00,INATTENTION_DISTRACTION,NOT_APPLICABLE_MINUS_1+FAILED_TO_YIELD_RIGHT_OF_WAY_103
2319163,2,HEAD_ON,0,0,2,NOT_AT_INTERSECTION_0,HEAD_ON,PHOENIX,2009-06-16 10:48:00,DROVE_RODE_IN_OPPOSING_TRAFFIC_LANE,NO_IMPROPER_ACTION+NOT_APPLICABLE_MINUS_1+NOT_APPLICABLE_MINUS_1
2319198,2,ANGLE_FRONT_TO_SIDE,-111.805559289945,33.3856081219201,3,FOUR_WAY_INTERSECTION,ANGLE_FRONT_TO_SIDE,MESA,2009-07-10 18:43:00,DROVE_RODE_IN_OPPOSING_TRAFFIC_LANE,INATTENTION_DISTRACTION
2319255,2,ANGLE_FRONT_TO_SIDE,-112.099503501318,33.5722045549154,2,FOUR_WAY_INTERSECTION,ANGLE_FRONT_TO_SIDE,PHOENIX,2009-07-20 09:39:00,INATTENTION_DISTRACTION,INATTENTION_DISTRACTION
2319257,2,SIDESWIPE_SAME_DIRECTION,-111.805354137144,33.4079222696528,3,FOUR_WAY_INTERSECTION,SIDESWIPE_SAME_DIRECTION,MESA,2009-07-07 17:26:00,NO_IMPROPER_ACTION,FAILED_TO_YIELD_RIGHT_OF_WAY_103
2319338,2,OTHER_97,-112.069830608076,33.6400763598756,3,FOUR_WAY_INTERSECTION,OTHER_97,PHOENIX,2009-07-25 12:46:00,NO_IMPROPER_ACTION,UNKNOWN_99
2319445,2,ANGLE_FRONT_TO_SIDE,-112.065105945415,33.4262390558476,5,NOT_AT_INTERSECTION_0,ANGLE_FRONT_TO_SIDE,PHOENIX,2009-07-31 04:37:00,KNOWINGLY_OPERATED_WITH_FAULTY_MISSING_EQUIPMENT,NO_IMPROPER_ACTION
2319536,2,ANGLE_FRONT_TO_SIDE,-111.627527087286,35.1921418721529,4,NOT_AT_INTERSECTION_0,ANGLE_FRONT_TO_SIDE,FLAGSTAFF,2009-07-10 13:37:00,NO_IMPROPER_ACTION,FAILED_TO_YIELD_RIGHT_OF_WAY_103
2319545,7,UNKNOWN_99,-112.154530937406,33.4949144122973,4,NOT_AT_INTERSECTION_0,UNKNOWN_99,PHOENIX,2009-06-27 10:48:00,DID_NOT_USE_CROSSWALK,NO_IMPROPER_ACTION
2319731,2,SIDESWIPE_OPPOSITE_DIRECTION,-111.659184061503,35.1922991399544,3,NOT_AT_INTERSECTION_0,SIDESWIPE_OPPOSITE_DIRECTION,FLAGSTAFF,2009-07-07 16:04:00,INATTENTION_DISTRACTION,NO_IMPROPER_ACTION
2319769,2,ANGLE_FRONT_TO_SIDE,-111.657742623804,35.1845045510433,3,NOT_AT_INTERSECTION_0,ANGLE_FRONT_TO_SIDE,FLAGSTAFF,2009-07-06 20:39:00,KNOWINGLY_OPERATED_WITH_FAULTY_MISSING_EQUIPMENT,NO_IMPROPER_ACTION
2319825,2,SIDESWIPE_SAME_DIRECTION,-112.099520234873,33.5820739925509,3,FOUR_WAY_INTERSECTION,SIDESWIPE_SAME_DIRECTION,PHOENIX,2009-07-26 12:56:00,NO_IMPROPER_ACTION,NOT_APPLICABLE_MINUS_1+FAILED_TO_YIELD_RIGHT_OF_WAY_103
2319861,2,SIDESWIPE_SAME_DIRECTION,-111.92153316957,33.6039458061865,2,ROUNDABOUT,SIDESWIPE_SAME_DIRECTION,SCOTTSDALE,2009-07-05 08:34:00,NO_IMPROPER_ACTION,INATTENTION_DISTRACTION
2319866,2,ANGLE_FRONT_TO_SIDE,-111.898555901925,33.5543369687949,3,FOUR_WAY_INTERSECTION,ANGLE_FRONT_TO_SIDE,SCOTTSDALE,2009-07-04 09:25:00,DROVE_RODE_IN_OPPOSING_TRAFFIC_LANE,NO_IMPROPER_ACTION
2319884,2,REAR_END,-112.284311269324,33.4936526085632,2,NOT_AT_INTERSECTION_0,REAR_END,UNSPECIFIED_999,2009-07-01 22:49:00,NO_IMPROPER_ACTION,UNKNOWN_99
2319907,2,UNKNOWN_99,-111.031046272474,32.129679682957,3,T_INTERSECTION,UNKNOWN_99,UNSPECIFIED_999,2009-06-25 20:18:00,UNKNOWN_99,UNKNOWN_99
2319924,2,OTHER_97,0,0,2,FOUR_WAY_INTERSECTION,OTHER_97,PHOENIX,2009-07-08 07:57:00,OTHER_97,SPEED_TOO_FAST_FOR_CONDITIONS
2319947,2,ANGLE_FRONT_TO_SIDE,-111.877324521713,33.4148353907127,2,NOT_AT_INTERSECTION_0,ANGLE_FRONT_TO_SIDE,MESA,2009-07-13 12:39:00,OTHER_97,NO_IMPROPER_ACTION
2320164,2,ANGLE_FRONT_TO_SIDE,-112.12558084875,33.5093160176892,3,FOUR_WAY_INTERSECTION,ANGLE_FRONT_TO_SIDE,PHOENIX,2009-07-10 19:19:00,FAILED_TO_YIELD_RIGHT_OF_WAY_103,FAILED_TO_YIELD_RIGHT_OF_WAY_103
2320240,2,ANGLE_FRONT_TO_SIDE,-111.839979112771,33.4260267961544,2,FOUR_WAY_INTERSECTION,ANGLE_FRONT_TO_SIDE,MESA,2009-07-10 10:48:00,DROVE_RODE_IN_OPPOSING_TRAFFIC_LANE,DISREGARDED_TRAFFIC_SIGNAL
2320343,2,OTHER_97,-112.065479523583,33.6548387968141,3,FOUR_WAY_INTERSECTION,OTHER_97,PHOENIX,2009-06-27 19:10:00,NO_IMPROPER_ACTION,SPEED_TOO_FAST_FOR_CONDITIONS
2320359,2,ANGLE_FRONT_TO_SIDE,-111.874559451218,33.4050614700933,1,NOT_AT_INTERSECTION_0,ANGLE_FRONT_TO_SIDE,MESA,2009-07-02 07:12:00,DROVE_RODE_IN_OPPOSING_TRAFFIC_LANE,NO_IMPROPER_ACTION
2320379,2,LEFT_TURN,-111.701628103586,33.444606211456,2,FOUR_WAY_INTERSECTION,LEFT_TURN,MESA,2009-07-01 08:10:00,OTHER_97,NO_IMPROPER_ACTION
2320500,2,ANGLE_FRONT_TO_SIDE,-111.67586404799,33.328244089027,4,FIVE_POINT_OR_MORE,ANGLE_FRONT_TO_SIDE,MESA,2009-07-05 17:30:00,DROVE_RODE_IN_OPPOSING_TRAFFIC_LANE,SPEED_TOO_FAST_FOR_CONDITIONS
2320818,2,ANGLE_FRONT_TO_SIDE,-112.482277484179,34.5654521834742,3,T_INTERSECTION,ANGLE_FRONT_TO_SIDE,PRESCOTT,2009-07-16 10:43:00,DROVE_RODE_IN_OPPOSING_TRAFFIC_LANE,INATTENTION_DISTRACTION
2321330,2,ANGLE_FRONT_TO_SIDE,-112.099839462993,33.5124716038944,2,NOT_AT_INTERSECTION_0,ANGLE_FRONT_TO_SIDE,PHOENIX,2009-07-21 12:52:00,NO_IMPROPER_ACTION,OTHER_97
2321512,2,OTHER_97,-111.661514628144,35.1893118041765,2,FOUR_WAY_INTERSECTION,OTHER_97,FLAGSTAFF,2009-06-10 16:23:00,OTHER_97,FAILED_TO_YIELD_RIGHT_OF_WAY_103
2321532,2,ANGLE_FRONT_TO_SIDE,-111.63394843825,35.1937157627862,4,T_INTERSECTION,ANGLE_FRONT_TO_SIDE,FLAGSTAFF,2009-06-15 21:11:00,DISREGARDED_TRAFFIC_SIGNAL,NO_IMPROPER_ACTION
2321545,2,SIDESWIPE_SAME_DIRECTION,-111.65454060211,35.1967092921549,3,NOT_AT_INTERSECTION_0,SIDESWIPE_SAME_DIRECTION,FLAGSTAFF,2009-06-16 11:03:00,NO_IMPROPER_ACTION,INATTENTION_DISTRACTION
2321711,2,ANGLE_FRONT_TO_SIDE,-111.755389451987,33.2631733423496,3,FOUR_WAY_INTERSECTION,ANGLE_FRONT_TO_SIDE,GILBERT,2009-07-04 06:43:00,NO_IMPROPER_ACTION,NOT_APPLICABLE_MINUS_1+NO_IMPROPER_ACTION
2321926,2,ANGLE_FRONT_TO_SIDE,-111.722664816842,32.9089563423836,1,FOUR_WAY_INTERSECTION,ANGLE_FRONT_TO_SIDE,CASA GRANDE,2009-07-10 06:31:00,NO_IMPROPER_ACTION,FAILED_TO_YIELD_RIGHT_OF_WAY_103
2322008,2,ANGLE_FRONT_TO_SIDE,-111.82365885663,33.4355144435388,2,NOT_AT_INTERSECTION_0,ANGLE_FRONT_TO_SIDE,MESA,2009-07-15 19:53:00,DROVE_RODE_IN_OPPOSING_TRAFFIC_LANE,NOT_APPLICABLE_MINUS_1+NOT_APPLICABLE_MINUS_1+NO_IMPROPER_ACTION+NOT_APPLICABLE_MINUS_1+NOT_APPLICABLE_MINUS_1
2322037,2,ANGLE_FRONT_TO_SIDE,-111.814076931944,33.4223781327062,2,FOUR_WAY_INTERSECTION,ANGLE_FRONT_TO_SIDE,MESA,2009-07-22 11:57:00,INATTENTION_DISTRACTION,NO_IMPROPER_ACTION
2322089,2,ANGLE_FRONT_TO_SIDE,-109.551396703583,31.3433993576981,1,FOUR_WAY_INTERSECTION,ANGLE_FRONT_TO_SIDE,DOUGLAS,2009-08-20 08:06:00,OTHER_97,NOT_APPLICABLE_MINUS_1+FAILED_TO_YIELD_RIGHT_OF_WAY_103
2323054,2,ANGLE_FRONT_TO_SIDE,-112.125749634224,33.4949361670593,5,FOUR_WAY_INTERSECTION,ANGLE_FRONT_TO_SIDE,PHOENIX,2009-09-17 07:36:00,DISREGARDED_TRAFFIC_SIGNAL,DISREGARDED_TRAFFIC_SIGNAL
2323555,2,ANGLE_FRONT_TO_SIDE,-111.871380745497,33.5716697950097,3,FOUR_WAY_INTERSECTION,ANGLE_FRONT_TO_SIDE,SCOTTSDALE,2009-07-11 19:21:00,FAILED_TO_YIELD_RIGHT_OF_WAY_103,NO_IMPROPER_ACTION
2323725,2,LEFT_TURN,-111.908896558845,33.4802861575686,3,FOUR_WAY_INTERSECTION,LEFT_TURN,SCOTTSDALE,2009-07-21 15:34:00,UNKNOWN_99,NOT_APPLICABLE_MINUS_1+UNKNOWN_99+NOT_APPLICABLE_MINUS_1
2323793,2,OTHER_97,-111.857263711255,33.3919420382272,3,NOT_AT_INTERSECTION_0,OTHER_97,MESA,2009-07-14 09:39:00,OTHER_97,NO_IMPROPER_ACTION
2323856,2,ANGLE_FRONT_TO_SIDE,-111.761375231084,33.3936412019465,3,FOUR_WAY_INTERSECTION,ANGLE_FRONT_TO_SIDE,MESA,2009-07-18 22:23:00,DISREGARDED_TRAFFIC_SIGNAL,NO_IMPROPER_ACTION+NOT_APPLICABLE_MINUS_1
2323900,2,LEFT_TURN,-111.684593628345,33.4129029337657,3,NOT_AT_INTERSECTION_0,LEFT_TURN,UNSPECIFIED_999,2009-07-16 13:32:00,NO_IMPROPER_ACTION,FAILED_TO_YIELD_RIGHT_OF_WAY_103+NOT_APPLICABLE_MINUS_1
2323993,2,ANGLE_FRONT_TO_SIDE,-111.969538151315,33.4091162968317,3,FOUR_WAY_INTERSECTION,ANGLE_FRONT_TO_SIDE,TEMPE,2009-07-09 22:40:00,UNKNOWN_99,NO_IMPROPER_ACTION
2324048,2,ANGLE_FRONT_TO_SIDE,-111.945692671393,33.3574358107074,2,T_INTERSECTION,ANGLE_FRONT_TO_SIDE,TEMPE,2009-07-15 13:04:00,DROVE_RODE_IN_OPPOSING_TRAFFIC_LANE,NO_IMPROPER_ACTION
2324109,2,LEFT_TURN,-111.73577503496,32.8795785708221,2,FOUR_WAY_INTERSECTION,LEFT_TURN,CASA GRANDE,2009-07-22 15:27:00,DISREGARDED_TRAFFIC_SIGNAL,NO_IMPROPER_ACTION
2324174,2,OTHER_97,-112.237251406277,33.5829257715156,3,FOUR_WAY_INTERSECTION,OTHER_97,PEORIA,2009-07-23 09:18:00,OTHER_97,INATTENTION_DISTRACTION
2324263,2,ANGLE_FRONT_TO_SIDE,-111.926227231561,33.402810830395,3,T_INTERSECTION,ANGLE_FRONT_TO_SIDE,TEMPE,2009-07-21 19:06:00,OTHER_97,NO_IMPROPER_ACTION+NOT_APPLICABLE_MINUS_1
2324310,2,ANGLE_FRONT_TO_SIDE,0,0,3,Y_INTERSECTION,ANGLE_FRONT_TO_SIDE,ELOY,2009-07-14 21:15:00,OTHER_97,NO_IMPROPER_ACTION
2324399,2,ANGLE_FRONT_TO_SIDE,-110.955264828452,32.4653250456994,1,T_INTERSECTION,ANGLE_FRONT_TO_SIDE,ORO VALLEY,2009-07-19 07:11:00,NO_IMPROPER_ACTION,RAN_STOP_SIGN
2324433,2,ANGLE_FRONT_TO_SIDE,-111.945973452457,33.378032777686,3,T_INTERSECTION,ANGLE_FRONT_TO_SIDE,TEMPE,2009-07-20 18:33:00,DROVE_RODE_IN_OPPOSING_TRAFFIC_LANE,NOT_APPLICABLE_MINUS_1+NO_IMPROPER_ACTION+NOT_APPLICABLE_MINUS_1
2324457,2,ANGLE_FRONT_TO_SIDE,-111.789908711688,33.3655461328506,2,NOT_AT_INTERSECTION_0,ANGLE_FRONT_TO_SIDE,GILBERT,2009-07-11 08:50:00,NO_IMPROPER_ACTION,FAILED_TO_YIELD_RIGHT_OF_WAY_103
2324470,2,LEFT_TURN,0,0,2,T_INTERSECTION,LEFT_TURN,UNSPECIFIED_999,2009-07-28 14:45:00,NO_IMPROPER_ACTION,FAILED_TO_YIELD_RIGHT_OF_WAY_103
2324530,2,OTHER_97,-111.765237562441,33.4518228103793,3,NOT_AT_INTERSECTION_0,OTHER_97,MESA,2009-07-22 20:13:00,NO_IMPROPER_ACTION,UNKNOWN_99
2324570,2,REAR_TO_SIDE,-111.924269993961,33.4978924219952,2,NOT_AT_INTERSECTION_0,REAR_TO_SIDE,SCOTTSDALE,2009-07-24 01:25:00,NO_IMPROPER_ACTION+NOT_APPLICABLE_MINUS_1+NOT_APPLICABLE_MINUS_1+NOT_APPLICABLE_MINUS_1,NOT_APPLICABLE_MINUS_1+INATTENTION_DISTRACTION+NOT_APPLICABLE_MINUS_1
2324644,2,LEFT_TURN,-111.930406324796,33.4946915188564,4,FOUR_WAY_INTERSECTION,LEFT_TURN,SCOTTSDALE,2009-07-15 14:18:00,FAILED_TO_YIELD_RIGHT_OF_WAY_103,NO_IMPROPER_ACTION
2324693,3,REAR_END,-111.785917584535,33.3992982256274,3,NOT_AT_INTERSECTION_0,REAR_END,MESA,2009-07-16 19:05:00,DID_NOT_USE_CROSSWALK,NO_IMPROPER_ACTION+INATTENTION_DISTRACTION+NOT_APPLICABLE_MINUS_1
2324707,2,LEFT_TURN,-111.663391682911,33.4876741377587,2,FOUR_WAY_INTERSECTION,LEFT_TURN,MESA,2009-07-11 11:57:00,NO_IMPROPER_ACTION,FAILED_TO_YIELD_RIGHT_OF_WAY_103
2324747,2,LEFT_TURN,-111.790542904486,34.8635802816283,3,FOUR_WAY_INTERSECTION,LEFT_TURN,SEDONA,2009-07-29 12:54:00,INATTENTION_DISTRACTION,NO_IMPROPER_ACTION
2324750,2,OTHER_97,0,0,3,T_INTERSECTION,OTHER_97,GILBERT,2009-07-18 09:27:00,DROVE_RODE_IN_OPPOSING_TRAFFIC_LANE,NO_IMPROPER_ACTION
2324789,2,ANGLE_FRONT_TO_SIDE,0,0,3,T_INTERSECTION,ANGLE_FRONT_TO_SIDE,YUMA,2009-07-30 16:21:00,OTHER_97,INATTENTION_DISTRACTION
2324836,2,REAR_END,-111.759695753547,33.2776513992595,3,FOUR_WAY_INTERSECTION,REAR_END,GILBERT,2009-07-04 20:34:00,NO_IMPROPER_ACTION,UNKNOWN_99
2324919,2,ANGLE_FRONT_TO_SIDE,-110.274351151561,31.5569835204752,3,FOUR_WAY_INTERSECTION,ANGLE_FRONT_TO_SIDE,SIERRA VISTA,2009-07-30 10:44:00,NO_IMPROPER_ACTION,FAILED_TO_YIELD_RIGHT_OF_WAY_103
2324979,2,ANGLE_FRONT_TO_SIDE,-111.64963801744,35.2113136337128,3,T_INTERSECTION,ANGLE_FRONT_TO_SIDE,FLAGSTAFF,2009-07-29 12:43:00,NO_IMPROPER_ACTION,NOT_APPLICABLE_MINUS_1+FAILED_TO_YIELD_RIGHT_OF_WAY_103
2324985,2,SIDESWIPE_SAME_DIRECTION,0,0,4,Y_INTERSECTION,SIDESWIPE_SAME_DIRECTION,TUCSON,2009-07-05 16:19:00,MADE_IMPROPER_TURN,NO_IMPROPER_ACTION
2325014,2,LEFT_TURN,-111.613496199486,35.2087942838994,3,T_INTERSECTION,LEFT_TURN,FLAGSTAFF,2009-07-25 14:44:00,DROVE_RODE_IN_OPPOSING_TRAFFIC_LANE,NO_IMPROPER_ACTION+NOT_APPLICABLE_MINUS_1+NOT_APPLICABLE_MINUS_1
2325043,2,ANGLE_FRONT_TO_SIDE,-111.665089197967,35.1686171214951,1,T_INTERSECTION,ANGLE_FRONT_TO_SIDE,FLAGSTAFF,2009-07-16 23:00:00,UNKNOWN_99,UNKNOWN_99
2325153,2,SIDESWIPE_SAME_DIRECTION,-109.940487138558,34.1259216598592,2,T_INTERSECTION,SIDESWIPE_SAME_DIRECTION,PINETOP,2009-07-26 10:04:00,NO_IMPROPER_ACTION,NOT_APPLICABLE_MINUS_1+NOT_APPLICABLE_MINUS_1+INATTENTION_DISTRACTION+NOT_APPLICABLE_MINUS_1+NOT_APPLICABLE_MINUS_1
2325182,4,ANGLE_FRONT_TO_SIDE,-110.896617237431,32.1997473354732,3,T_INTERSECTION,ANGLE_FRONT_TO_SIDE,TUCSON,2009-07-02 14:15:00,NO_IMPROPER_ACTION+NO_IMPROPER_ACTION+NO_IMPROPER_ACTION,FAILED_TO_YIELD_RIGHT_OF_WAY_103
2325380,2,ANGLE_FRONT_TO_SIDE,-110.973369271695,32.1321801285892,1,FOUR_WAY_INTERSECTION,ANGLE_FRONT_TO_SIDE,TUCSON,2009-07-08 19:44:00,NO_IMPROPER_ACTION,RAN_STOP_SIGN
2325410,2,ANGLE_FRONT_TO_SIDE,-111.0128043269,32.337253431355,1,FOUR_WAY_INTERSECTION,ANGLE_FRONT_TO_SIDE,UNSPECIFIED_999,2009-07-07 19:57:00,DISREGARDED_TRAFFIC_SIGNAL,NO_IMPROPER_ACTION+NOT_APPLICABLE_MINUS_1
2325422,2,SIDESWIPE_OPPOSITE_DIRECTION,0,0,3,FOUR_WAY_INTERSECTION,SIDESWIPE_OPPOSITE_DIRECTION,UNSPECIFIED_999,2009-07-10 16:40:00,DROVE_RODE_IN_OPPOSING_TRAFFIC_LANE,NO_IMPROPER_ACTION
2327100,2,OTHER_97,-112.11274639405,33.538450591414,3,NOT_AT_INTERSECTION_0,OTHER_97,PHOENIX,2009-09-22 10:51:00,FAILED_TO_YIELD_RIGHT_OF_WAY_103,NO_IMPROPER_ACTION
2327462,2,REAR_END,-111.619778426217,33.1997020372593,5,NOT_AT_INTERSECTION_0,REAR_END,UNSPECIFIED_999,2009-09-14 05:57:00,NO_IMPROPER_ACTION,INATTENTION_DISTRACTION
2328202,2,REAR_END,-110.944367846959,32.1811466417178,1,INTERSECTION_AS_PART_OF_INTERCHANGE,REAR_END,TUCSON,2009-07-09 12:37:00,INATTENTION_DISTRACTION,NO_IMPROPER_ACTION
2329335,2,LEFT_TURN,0,0,3,INTERSECTION_AS_PART_OF_INTERCHANGE,LEFT_TURN,PHOENIX,2009-08-26 07:40:00,OTHER_97,NO_IMPROPER_ACTION
2329609,2,OTHER_97,-112.269362991032,33.4647892625912,2,NOT_AT_INTERSECTION_0,OTHER_97,PHOENIX,2009-08-17 16:38:00,NO_IMPROPER_ACTION,FAILED_TO_YIELD_RIGHT_OF_WAY_103
2329944,2,ANGLE_FRONT_TO_SIDE,-111.546097432004,33.4126996654021,1,NOT_AT_INTERSECTION_0,ANGLE_FRONT_TO_SIDE,APACHE JUNCTION,2009-07-31 07:06:00,DROVE_RODE_IN_OPPOSING_TRAFFIC_LANE,NO_IMPROPER_ACTION
2330058,2,ANGLE_FRONT_TO_SIDE,-112.126715814151,33.538510024727,5,NOT_AT_INTERSECTION_0,ANGLE_FRONT_TO_SIDE,PHOENIX,2009-12-07 09:14:00,INATTENTION_DISTRACTION,NO_IMPROPER_ACTION+NOT_APPLICABLE_MINUS_1+NOT_APPLICABLE_MINUS_1
2330112,2,ANGLE_FRONT_TO_SIDE,-111.841920881297,33.2970498919819,1,NOT_AT_INTERSECTION_0,ANGLE_FRONT_TO_SIDE,CHANDLER,2009-07-25 13:18:00,FAILED_TO_YIELD_RIGHT_OF_WAY_103,NO_IMPROPER_ACTION
2330132,2,ANGLE_FRONT_TO_SIDE,-111.856485809511,33.4221256193658,2,FOUR_WAY_INTERSECTION,ANGLE_FRONT_TO_SIDE,MESA,2009-07-12 20:43:00,NO_IMPROPER_ACTION,FAILED_TO_YIELD_RIGHT_OF_WAY_103
2330178,2,ANGLE_FRONT_TO_SIDE,-112.168456100784,33.6113756876749,2,NOT_AT_INTERSECTION_0,ANGLE_FRONT_TO_SIDE,PHOENIX,2009-07-15 13:08:00,NO_IMPROPER_ACTION,FAILED_TO_YIELD_RIGHT_OF_WAY_103
2330271,2,OTHER_97,-112.229046363847,33.5377444416023,2,FOUR_WAY_INTERSECTION,OTHER_97,GLENDALE,2009-07-02 10:47:00,INATTENTION_DISTRACTION,NO_IMPROPER_ACTION
2330272,2,ANGLE_FRONT_TO_SIDE,-111.909041302348,33.427463453251,2,NOT_AT_INTERSECTION_0,ANGLE_FRONT_TO_SIDE,TEMPE,2009-07-14 05:01:00,DROVE_RODE_IN_OPPOSING_TRAFFIC_LANE,INATTENTION_DISTRACTION
2330312,2,OTHER_97,0,0,1,FOUR_WAY_INTERSECTION,OTHER_97,YUMA,2009-08-03 13:12:00,OTHER_97,FAILED_TO_YIELD_RIGHT_OF_WAY_103
2330666,2,ANGLE_FRONT_TO_SIDE,-111.77965542175,33.4081512007921,5,FOUR_WAY_INTERSECTION,ANGLE_FRONT_TO_SIDE,MESA,2009-11-18 05:40:00,DISREGARDED_TRAFFIC_SIGNAL,NO_IMPROPER_ACTION