IncidentID,num_vehicles_involved,eCollisionManner,Longitude,Latitude,InjurySeverity,eIntersectionType,eCollisionManner,city_name,IncidentDateTime,cyclist_citations,driver_citations
2336853,2,OTHER_97,-110.971798497835,32.2359278487794,4,FOUR_WAY_INTERSECTION,OTHER_97,TUCSON,2009-08-10 17:12:00,UNKNOWN_99,UNKNOWN_99
2336915,2,OTHER_97,-111.323126831491,34.2365987131879,4,FOUR_WAY_INTERSECTION,OTHER_97,PAYSON,2009-08-17 19:40:00,NO_IMPROPER_ACTION,INATTENTION_DISTRACTION
2336951,2,LEFT_TURN,-110.95248672015,32.2447248643107,3,FOUR_WAY_INTERSECTION,LEFT_TURN,TUCSON,2009-08-29 16:03:00,NO_IMPROPER_ACTION+NOT_APPLICABLE_MINUS_1,FAILED_TO_YIELD_RIGHT_OF_WAY_103
2337065,2,SIDESWIPE_SAME_DIRECTION,-110.965650883071,32.2360574106781,3,NOT_AT_INTERSECTION_0,SIDESWIPE_SAME_DIRECTION,TUCSON,2009-08-21 00:31:00,NO_IMPROPER_ACTION,FAILED_TO_KEEP_IN_PROPER_LANE
2337088,2,LEFT_TURN,-111.011659889621,32.1779207232076,3,FOUR_WAY_INTERSECTION,LEFT_TURN,TUCSON,2009-08-18 06:35:00,NO_IMPROPER_ACTION,FAILED_TO_YIELD_RIGHT_OF_WAY_103
2337126,2,OTHER_97,-112.185653157026,33.6286652669937,4,FOUR_WAY_INTERSECTION,OTHER_97,GLENDALE,2009-08-13 06:55:00,FAILED_TO_YIELD_RIGHT_OF_WAY_103,NO_IMPROPER_ACTION
2337132,2,LEFT_TURN,-110.953225399882,32.2213739953081,3,FOUR_WAY_INTERSECTION,LEFT_TURN,TUCSON,2009-08-18 07:15:00,NO_IMPROPER_ACTION,FAILED_TO_YIELD_RIGHT_OF_WAY_103
2337183,2,OTHER_97,-110.977521273193,32.2252888154955,2,FOUR_WAY_INTERSECTION,OTHER_97,TUCSON,2009-08-13 11:11:00,NO_IMPROPER_ACTION,FAILED_TO_YIELD_RIGHT_OF_WAY_103
2337213,2,ANGLE_FRONT_TO_SIDE,-110.821705073683,32.2209882296556,3,NOT_AT_INTERSECTION_0,ANGLE_FRONT_TO_SIDE,TUCSON,2009-08-26 12:15:00,UNKNOWN_99,UNKNOWN_99
2337234,2,OTHER_97,-111.856868346209,33.2583410400891,2,NOT_AT_INTERSECTION_0,OTHER_97,CHANDLER,2009-08-04 14:41:00,NO_IMPROPER_ACTION,INATTENTION_DISTRACTION
2337243,2,ANGLE_FRONT_TO_SIDE,-110.974611556095,32.2067686376771,3,FOUR_WAY_INTERSECTION,ANGLE_FRONT_TO_SIDE,TUCSON,2009-08-18 19:54:00,UNKNOWN_99,UNKNOWN_99
2337245,2,LEFT_TURN,-110.961051740274,32.2277454052529,1,T_INTERSECTION,LEFT_TURN,TUCSON,2009-08-14 03:28:00,NO_IMPROPER_ACTION,MADE_IMPROPER_TURN
2337263,2,ANGLE_FRONT_TO_SIDE,0,0,1,NOT_AT_INTERSECTION_0,ANGLE_FRONT_TO_SIDE,CHANDLER,2009-08-05 08:50:00,INATTENTION_DISTRACTION,INATTENTION_DISTRACTION
2337275,2,SIDESWIPE_OPPOSITE_DIRECTION,-110.893349549774,32.2506424902642,2,NOT_AT_INTERSECTION_0,SIDESWIPE_OPPOSITE_DIRECTION,TUCSON,2009-08-14 08:15:00,DROVE_RODE_IN_OPPOSING_TRAFFIC_LANE,UNKNOWN_99
2337303,2,ANGLE_FRONT_TO_SIDE,-110.82382361236,32.2355532917772,4,FOUR_WAY_INTERSECTION,ANGLE_FRONT_TO_SIDE,TUCSON,2009-08-14 22:28:00,DROVE_RODE_IN_OPPOSING_TRAFFIC_LANE+NOT_APPLICABLE_MINUS_1,NO_IMPROPER_ACTION
2337395,2,SIDESWIPE_SAME_DIRECTION,-110.96331737265,32.2503829214697,4,NOT_AT_INTERSECTION_0,SIDESWIPE_SAME_DIRECTION,TUCSON,2009-08-27 09:42:00,NO_IMPROPER_ACTION,UNKNOWN_99
2337419,2,ANGLE_FRONT_TO_SIDE,-110.961080758709,32.1249813659209,2,FOUR_WAY_INTERSECTION,ANGLE_FRONT_TO_SIDE,TUCSON,2009-08-27 20:59:00,NO_IMPROPER_ACTION,NO_IMPROPER_ACTION
2337448,2,ANGLE_FRONT_TO_SIDE,-111.876389106681,33.3200146393355,1,NOT_AT_INTERSECTION_0,ANGLE_FRONT_TO_SIDE,CHANDLER,2009-08-07 13:28:00,OTHER_97,NO_IMPROPER_ACTION
2337453,2,LEFT_TURN,-111.876383553748,33.3117760352385,2,NOT_AT_INTERSECTION_0,LEFT_TURN,CHANDLER,2009-08-23 10:52:00,DROVE_RODE_IN_OPPOSING_TRAFFIC_LANE,INATTENTION_DISTRACTION
2337498,2,ANGLE_FRONT_TO_SIDE,-110.90981460007,32.263308006174,3,T_INTERSECTION,ANGLE_FRONT_TO_SIDE,TUCSON,2009-08-20 22:55:00,NO_IMPROPER_ACTION,FAILED_TO_YIELD_RIGHT_OF_WAY_103
2337540,2,SIDESWIPE_SAME_DIRECTION,-110.964751429095,32.2238149933387,4,FOUR_WAY_INTERSECTION,SIDESWIPE_SAME_DIRECTION,TUCSON,2009-08-28 22:30:00,INATTENTION_DISTRACTION,NO_IMPROPER_ACTION
2337577,2,ANGLE_FRONT_TO_SIDE,-112.349663848551,33.4643422386486,2,FOUR_WAY_INTERSECTION,ANGLE_FRONT_TO_SIDE,GOODYEAR,2009-08-24 15:25:00,NO_IMPROPER_ACTION,FAILED_TO_YIELD_RIGHT_OF_WAY_103
2337587,2,ANGLE_FRONT_TO_SIDE,-111.904051903295,33.4074958428885,4,FOUR_WAY_INTERSECTION,ANGLE_FRONT_TO_SIDE,TEMPE,2009-08-15 15:13:00,FAILED_TO_YIELD_RIGHT_OF_WAY_103,NO_IMPROPER_ACTION+NOT_APPLICABLE_MINUS_1
2337630,2,SIDESWIPE_SAME_DIRECTION,0,0,4,FOUR_WAY_INTERSECTION,SIDESWIPE_SAME_DIRECTION,TUCSON,2009-08-20 13:18:00,NO_IMPROPER_ACTION,NOT_APPLICABLE_MINUS_1+FAILED_TO_YIELD_RIGHT_OF_WAY_103
2337693,2,SIDESWIPE_SAME_DIRECTION,-111.942911805171,33.4219283726175,3,NOT_AT_INTERSECTION_0,SIDESWIPE_SAME_DIRECTION,TEMPE,2009-08-28 17:05:00,NO_IMPROPER_ACTION,INATTENTION_DISTRACTION
2337747,2,ANGLE_FRONT_TO_SIDE,-112.114982445166,33.6108331576802,2,INTERSECTION_AS_PART_OF_INTERCHANGE,ANGLE_FRONT_TO_SIDE,PHOENIX,2009-08-01 13:43:00,FAILED_TO_YIELD_RIGHT_OF_WAY_103,NO_IMPROPER_ACTION
2337868,2,OTHER_97,-112.138819686957,33.4659399985948,2,NOT_AT_INTERSECTION_0,OTHER_97,PHOENIX,2009-08-15 12:17:00,NO_IMPROPER_ACTION,NO_IMPROPER_ACTION
2337897,2,ANGLE_FRONT_TO_SIDE,-111.858815545754,33.2836330364286,3,FOUR_WAY_INTERSECTION,ANGLE_FRONT_TO_SIDE,CHANDLER,2009-08-23 10:45:00,FAILED_TO_KEEP_IN_PROPER_LANE,FAILED_TO_YIELD_RIGHT_OF_WAY_103
2337924,2,ANGLE_FRONT_TO_SIDE,-112.186316282108,33.5168281210636,2,FOUR_WAY_INTERSECTION,ANGLE_FRONT_TO_SIDE,GLENDALE,2009-08-16 21:54:00,NO_IMPROPER_ACTION,NOT_APPLICABLE_MINUS_1+SPEED_TOO_FAST_FOR_CONDITIONS
2337950,2,ANGLE_FRONT_TO_SIDE,-111.911170838105,33.3053615550181,1,FOUR_WAY_INTERSECTION,ANGLE_FRONT_TO_SIDE,CHANDLER,2009-08-24 19:18:00,DROVE_RODE_IN_OPPOSING_TRAFFIC_LANE,REQUIRED_MOTORCYCLE_SAFETY_EQUIPMENT_NOT_USED
2337954,2,LEFT_TURN,-112.203105046564,33.5284811028917,1,NOT_AT_INTERSECTION_0,LEFT_TURN,GLENDALE,2009-08-14 05:40:00,NO_IMPROPER_ACTION,FAILED_TO_YIELD_RIGHT_OF_WAY_103
2337959,2,ANGLE_FRONT_TO_SIDE,-112.17757320489,33.5095279934978,2,FOUR_WAY_INTERSECTION,ANGLE_FRONT_TO_SIDE,GLENDALE,2009-08-13 19:02:00,DISREGARDED_TRAFFIC_SIGNAL,NO_IMPROPER_ACTION
2337981,2,HEAD_ON,-112.158891312132,33.5348069599875,2,NOT_AT_INTERSECTION_0,HEAD_ON,GLENDALE,2009-08-11 13:44:00,INATTENTION_DISTRACTION,NO_IMPROPER_ACTION
2338142,2,REAR_END,-111.871292566226,34.8395534608052,4,NOT_AT_INTERSECTION_0,REAR_END,UNSPECIFIED_999,2009-09-24 07:06:00,NO_IMPROPER_ACTION,INATTENTION_DISTRACTION
2338172,2,ANGLE_FRONT_TO_SIDE,-111.878975754222,33.6258294492139,1,FOUR_WAY_INTERSECTION,ANGLE_FRONT_TO_SIDE,SCOTTSDALE,2009-08-30 20:31:00,DROVE_RODE_IN_OPPOSING_TRAFFIC_LANE,SPEED_TOO_FAST_FOR_CONDITIONS+NOT_APPLICABLE_MINUS_1+NOT_APPLICABLE_MINUS_1+NOT_APPLICABLE_MINUS_1
2338176,2,ANGLE_FRONT_TO_SIDE,-111.813149841809,33.5896642998594,3,FOUR_WAY_INTERSECTION,ANGLE_FRONT_TO_SIDE,SCOTTSDALE,2009-08-27 07:02:00,UNKNOWN_99,SPEED_TOO_FAST_FOR_CONDITIONS
2338759,2,ANGLE_FRONT_TO_SIDE,-111.941805010787,33.4219343752865,3,NOT_AT_INTERSECTION_0,ANGLE_FRONT_TO_SIDE,TEMPE,2009-08-19 17:07:00,NO_IMPROPER_ACTION,FAILED_TO_YIELD_RIGHT_OF_WAY_103+NOT_APPLICABLE_MINUS_1
2338764,2,SIDESWIPE_SAME_DIRECTION,-111.668987365951,33.2047359790848,3,FOUR_WAY_INTERSECTION,SIDESWIPE_SAME_DIRECTION,UNSPECIFIED_999,2009-08-30 08:00:00,MADE_IMPROPER_TURN,NO_IMPROPER_ACTION
2338982,2,ANGLE_FRONT_TO_SIDE,-111.362980403958,33.1175035703443,1,T_INTERSECTION,ANGLE_FRONT_TO_SIDE,UNSPECIFIED_999,2009-09-01 05:59:00,FAILED_TO_YIELD_RIGHT_OF_WAY_103,NO_IMPROPER_ACTION
2339074,2,SIDESWIPE_SAME_DIRECTION,-111.889800555899,33.4075255084208,2,NOT_AT_INTERSECTION_0,SIDESWIPE_SAME_DIRECTION,TEMPE,2009-08-29 14:11:00,INATTENTION_DISTRACTION,UNKNOWN_99
2339099,2,ANGLE_FRONT_TO_SIDE,-111.84007724121,33.4005881575558,3,FOUR_WAY_INTERSECTION,ANGLE_FRONT_TO_SIDE,MESA,2009-08-29 12:21:00,DROVE_RODE_IN_OPPOSING_TRAFFIC_LANE,DISREGARDED_TRAFFIC_SIGNAL
2339128,2,LEFT_TURN,-111.963287065638,33.356514951287,1,T_INTERSECTION,LEFT_TURN,GUADALUPE,2009-08-24 10:07:00,NO_IMPROPER_ACTION,FAILED_TO_YIELD_RIGHT_OF_WAY_103
2339459,2,ANGLE_FRONT_TO_SIDE,-112.186309152694,33.527167177109,2,T_INTERSECTION,ANGLE_FRONT_TO_SIDE,GLENDALE,2009-08-04 15:40:00,DROVE_RODE_IN_OPPOSING_TRAFFIC_LANE,INATTENTION_DISTRACTION+NOT_APPLICABLE_MINUS_1+NOT_APPLICABLE_MINUS_1
2339659,2,ANGLE_FRONT_TO_SIDE,-112.482227112686,34.5615992334548,3,NOT_AT_INTERSECTION_0,ANGLE_FRONT_TO_SIDE,PRESCOTT,2009-09-01 10:35:00,NO_IMPROPER_ACTION,FAILED_TO_YIELD_RIGHT_OF_WAY_103
2339717,2,REAR_END,-110.971433614304,32.2316124142031,1,NOT_AT_INTERSECTION_0,REAR_END,TUCSON,2009-09-02 13:42:00,FAILED_TO_YIELD_RIGHT_OF_WAY_103,NO_IMPROPER_ACTION
2339721,2,ANGLE_FRONT_TO_SIDE,-112.482033253209,34.5576686066432,3,FOUR_WAY_INTERSECTION,ANGLE_FRONT_TO_SIDE,PRESCOTT,2009-09-01 08:01:00,OTHER_97,NO_IMPROPER_ACTION
2339900,2,LEFT_TURN,-111.926363790831,33.3949852466995,2,T_INTERSECTION,LEFT_TURN,TEMPE,2009-08-31 15:16:00,OTHER_97,NO_IMPROPER_ACTION
2339926,2,ANGLE_FRONT_TO_SIDE,-111.90954411864,33.4402658463944,3,NOT_AT_INTERSECTION_0,ANGLE_FRONT_TO_SIDE,UNSPECIFIED_999,2009-09-04 06:05:00,DROVE_RODE_IN_OPPOSING_TRAFFIC_LANE,DISREGARDED_TRAFFIC_SIGNAL+NOT_APPLICABLE_MINUS_1+NOT_APPLICABLE_MINUS_1
2340087,2,ANGLE_FRONT_TO_SIDE,-112.473525805755,34.5203525077399,1,T_INTERSECTION,ANGLE_FRONT_TO_SIDE,PRESCOTT,2009-09-07 19:27:00,KNOWINGLY_OPERATED_WITH_FAULTY_MISSING_EQUIPMENT,NO_IMPROPER_ACTION
2340187,2,ANGLE_FRONT_TO_SIDE,-110.969771241839,32.3657970947804,2,NOT_AT_INTERSECTION_0,ANGLE_FRONT_TO_SIDE,ORO VALLEY,2009-09-01 18:25:00,NO_IMPROPER_ACTION,FAILED_TO_YIELD_RIGHT_OF_WAY_103+NOT_APPLICABLE_MINUS_1+NOT_APPLICABLE_MINUS_1+NOT_APPLICABLE_MINUS_1+NOT_APPLICABLE_MINUS_1+NOT_APPLICABLE_MINUS_1
2340199,2,ANGLE_FRONT_TO_SIDE,-110.952304906422,32.23378920396,3,FOUR_WAY_INTERSECTION,ANGLE_FRONT_TO_SIDE,TUCSON,2009-09-04 15:59:00,DISREGARDED_TRAFFIC_SIGNAL,NO_IMPROPER_ACTION
2340205,2,SIDESWIPE_SAME_DIRECTION,0,0,3,NOT_AT_INTERSECTION_0,SIDESWIPE_SAME_DIRECTION,TUCSON,2009-09-04 09:00:00,UNKNOWN_99,INATTENTION_DISTRACTION
2340286,2,OTHER_97,-111.934922596945,33.4040596479952,3,NOT_AT_INTERSECTION_0,OTHER_97,TEMPE,2009-09-04 07:48:00,NO_IMPROPER_ACTION,FAILED_TO_YIELD_RIGHT_OF_WAY_103
2340295,2,HEAD_ON,-111.908905165896,33.4876149250326,3,FOUR_WAY_INTERSECTION,HEAD_ON,SCOTTSDALE,2009-09-02 07:07:00,DROVE_RODE_IN_OPPOSING_TRAFFIC_LANE,NO_IMPROPER_ACTION
2340297,2,ANGLE_FRONT_TO_SIDE,-111.856487180115,33.4218508667642,1,NOT_AT_INTERSECTION_0,ANGLE_FRONT_TO_SIDE,MESA,2009-09-10 20:18:00,UNKNOWN_99,UNKNOWN_99
2340358,2,ANGLE_FRONT_TO_SIDE,-112.220004598572,33.6248013822225,2,FOUR_WAY_INTERSECTION,ANGLE_FRONT_TO_SIDE,PEORIA,2009-09-16 00:33:00,NO_IMPROPER_ACTION,INATTENTION_DISTRACTION
2340504,2,SIDESWIPE_SAME_DIRECTION,-112.253067995219,33.4359197532451,2,NOT_AT_INTERSECTION_0,SIDESWIPE_SAME_DIRECTION,PHOENIX,2009-08-22 12:42:00,NO_IMPROPER_ACTION,UNKNOWN_99
2340519,2,LEFT_TURN,0,0,2,T_INTERSECTION,LEFT_TURN,MESA,2009-09-04 07:49:00,FAILED_TO_YIELD_RIGHT_OF_WAY_103,NO_IMPROPER_ACTION
2340520,2,OTHER_97,-111.789534535118,33.3499732050952,1,FOUR_WAY_INTERSECTION,OTHER_97,GILBERT,2009-09-11 07:45:00,DISREGARDED_TRAFFIC_SIGNAL,INATTENTION_DISTRACTION
2340533,2,LEFT_TURN,0,0,2,NOT_AT_INTERSECTION_0,LEFT_TURN,MESA,2009-09-01 07:45:00,DROVE_RODE_IN_OPPOSING_TRAFFIC_LANE,NO_IMPROPER_ACTION
2340542,2,ANGLE_FRONT_TO_SIDE,-112.349714126304,33.4352932060815,2,FOUR_WAY_INTERSECTION,ANGLE_FRONT_TO_SIDE,AVONDALE,2009-09-07 14:07:00,NO_IMPROPER_ACTION,DISREGARDED_TRAFFIC_SIGNAL
2340586,2,SIDESWIPE_SAME_DIRECTION,-111.857001955884,33.4003555895518,1,FOUR_WAY_INTERSECTION,SIDESWIPE_SAME_DIRECTION,MESA,2009-09-02 10:25:00,FAILED_TO_YIELD_RIGHT_OF_WAY_103,NO_IMPROPER_ACTION
2340613,2,ANGLE_FRONT_TO_SIDE,-112.244158384557,33.6527118380156,2,FOUR_WAY_INTERSECTION,ANGLE_FRONT_TO_SIDE,PEORIA,2009-09-04 17:08:00,NO_IMPROPER_ACTION,FAILED_TO_YIELD_RIGHT_OF_WAY_103
2340619,2,ANGLE_FRONT_TO_SIDE,-111.868243912763,33.3595160740609,2,NOT_AT_INTERSECTION_0,ANGLE_FRONT_TO_SIDE,MESA,2009-07-25 13:04:00,NO_IMPROPER_ACTION,NO_IMPROPER_ACTION
2340622,2,OTHER_97,-109.790670449374,32.8690187166885,2,NOT_AT_INTERSECTION_0,OTHER_97,UNSPECIFIED_999,2009-09-06 14:25:00,NO_IMPROPER_ACTION,OTHER_97
2340639,2,OTHER_97,-111.602473385844,35.2184375541927,2,FOUR_WAY_INTERSECTION,OTHER_97,FLAGSTAFF,2009-09-09 15:20:00,DROVE_RODE_IN_OPPOSING_TRAFFIC_LANE,INATTENTION_DISTRACTION
2340730,2,HEAD_ON,-112.329676497304,33.47261955041,1,NOT_AT_INTERSECTION_0,HEAD_ON,AVONDALE,2009-09-09 07:50:00,DROVE_RODE_IN_OPPOSING_TRAFFIC_LANE,FAILED_TO_KEEP_IN_PROPER_LANE
2340741,2,SIDESWIPE_SAME_DIRECTION,-111.87458007205,33.4000413340332,3,NOT_AT_INTERSECTION_0,SIDESWIPE_SAME_DIRECTION,MESA,2009-07-31 16:10:00,NO_IMPROPER_ACTION,FAILED_TO_YIELD_RIGHT_OF_WAY_103
2340799,2,LEFT_TURN,-111.939585238971,33.3924391188088,2,NOT_AT_INTERSECTION_0,LEFT_TURN,TEMPE,2009-09-09 13:31:00,OTHER_97,NO_IMPROPER_ACTION
2340811,2,ANGLE_FRONT_TO_SIDE,-111.806940359066,33.3316495063043,3,T_INTERSECTION,ANGLE_FRONT_TO_SIDE,GILBERT,2009-09-08 15:29:00,FAILED_TO_YIELD_RIGHT_OF_WAY_103,NO_IMPROPER_ACTION
2340816,2,ANGLE_FRONT_TO_SIDE,-111.939226667716,33.3782317216182,2,FOUR_WAY_INTERSECTION,ANGLE_FRONT_TO_SIDE,TEMPE,2009-09-06 19:41:00,NO_IMPROPER_ACTION,INATTENTION_DISTRACTION
2340817,2,OTHER_97,-112.204039539173,33.4120319206476,4,NOT_AT_INTERSECTION_0,OTHER_97,UNSPECIFIED_999,2009-08-29 23:38:00,NO_IMPROPER_ACTION,INATTENTION_DISTRACTION
2340823,2,REAR_END,-112.171382980026,33.6035657261832,1,NOT_AT_INTERSECTION_0,REAR_END,GLENDALE,2009-08-10 13:59:00,INATTENTION_DISTRACTION,NO_IMPROPER_ACTION
2340835,2,LEFT_TURN,-111.66146734431,35.1821429575613,3,NOT_AT_INTERSECTION_0,LEFT_TURN,FLAGSTAFF,2009-09-03 12:17:00,OTHER_97,FAILED_TO_YIELD_RIGHT_OF_WAY_103
2340851,2,HEAD_ON,-111.619467342699,33.3596861880581,2,T_INTERSECTION,HEAD_ON,MESA,2009-09-16 16:06:00,DROVE_RODE_IN_OPPOSING_TRAFFIC_LANE,NO_IMPROPER_ACTION
2341117,2,SIDESWIPE_SAME_DIRECTION,0,0,2,NOT_AT_INTERSECTION_0,SIDESWIPE_SAME_DIRECTION,UNSPECIFIED_999,2009-09-12 08:20:00,FAILED_TO_YIELD_RIGHT_OF_WAY_103,NO_IMPROPER_ACTION
2341140,2,ANGLE_FRONT_TO_SIDE,-112.073245031987,33.3963072314454,3,NOT_AT_INTERSECTION_0,ANGLE_FRONT_TO_SIDE,PHOENIX,2009-08-03 20:07:00,KNOWINGLY_OPERATED_WITH_FAULTY_MISSING_EQUIPMENT,INATTENTION_DISTRACTION
2341164,2,ANGLE_FRONT_TO_SIDE,0,0,3,T_INTERSECTION,ANGLE_FRONT_TO_SIDE,GILBERT,2009-09-22 18:45:00,NO_IMPROPER_ACTION,FAILED_TO_YIELD_RIGHT_OF_WAY_103
2341181,2,ANGLE_FRONT_TO_SIDE,-112.152388536415,33.5311771830397,2,NOT_AT_INTERSECTION_0,ANGLE_FRONT_TO_SIDE,GLENDALE,2009-08-11 15:30:00,NO_IMPROPER_ACTION,FAILED_TO_YIELD_RIGHT_OF_WAY_103
2341200,2,SIDESWIPE_SAME_DIRECTION,-111.721429720771,33.350382444183,3,NOT_AT_INTERSECTION_0,SIDESWIPE_SAME_DIRECTION,GILBERT,2009-09-24 06:40:00,UNKNOWN_99,UNKNOWN_99
2341328,2,REAR_END,-111.706856250647,33.287668785259,3,NOT_AT_INTERSECTION_0,REAR_END,GILBERT,2009-09-17 08:26:00,INATTENTION_DISTRACTION,NO_IMPROPER_ACTION
2341332,2,ANGLE_FRONT_TO_SIDE,-111.121939313707,32.3744948466015,1,FOUR_WAY_INTERSECTION,ANGLE_FRONT_TO_SIDE,MARANA,2009-09-10 15:42:00,FAILED_TO_YIELD_RIGHT_OF_WAY_103,NO_IMPROPER_ACTION
2341377,2,SIDESWIPE_SAME_DIRECTION,-111.773020595154,33.3211461092422,3,FOUR_WAY_INTERSECTION,SIDESWIPE_SAME_DIRECTION,GILBERT,2009-09-16 17:56:00,NO_IMPROPER_ACTION,NOT_APPLICABLE_MINUS_1+INATTENTION_DISTRACTION
2341425,2,ANGLE_FRONT_TO_SIDE,-111.992860239209,33.3050467307156,3,FOUR_WAY_INTERSECTION,ANGLE_FRONT_TO_SIDE,PHOENIX,2009-08-06 10:21:00,OTHER_97,NO_IMPROPER_ACTION
2341475,2,ANGLE_FRONT_TO_SIDE,-111.813639821875,33.4514749895789,4,FOUR_WAY_INTERSECTION,ANGLE_FRONT_TO_SIDE,MESA,2009-09-04 17:27:00,DISREGARDED_TRAFFIC_SIGNAL,NO_IMPROPER_ACTION
2341481,2,SIDESWIPE_OPPOSITE_DIRECTION,-111.856485809511,33.4221256193658,2,FOUR_WAY_INTERSECTION,SIDESWIPE_OPPOSITE_DIRECTION,MESA,2009-09-10 15:27:00,OTHER_97,NO_IMPROPER_ACTION
2341773,2,OTHER_97,-112.040089438159,33.5128876334575,3,NOT_AT_INTERSECTION_0,OTHER_97,PHOENIX,2009-08-14 20:32:00,NO_IMPROPER_ACTION,OTHER_97
2341849,2,OTHER_97,-111.006907465264,31.4831519710688,2,NOT_AT_INTERSECTION_0,OTHER_97,UNSPECIFIED_999,2009-09-20 18:29:00,UNKNOWN_99,NOT_APPLICABLE_MINUS_1+UNKNOWN_99+NOT_APPLICABLE_MINUS_1
2341910,2,ANGLE_FRONT_TO_SIDE,-111.928288589003,33.4982480597445,3,T_INTERSECTION,ANGLE_FRONT_TO_SIDE,SCOTTSDALE,2009-09-17 17:04:00,INATTENTION_DISTRACTION,UNKNOWN_99
2341919,2,LEFT_TURN,0,0,2,T_INTERSECTION,LEFT_TURN,UNSPECIFIED_999,2009-09-16 12:00:00,OTHER_97,FAILED_TO_YIELD_RIGHT_OF_WAY_103
2341946,2,ANGLE_FRONT_TO_SIDE,-111.662928859441,35.177165053055,3,FOUR_WAY_INTERSECTION,ANGLE_FRONT_TO_SIDE,FLAGSTAFF,2009-09-20 16:40:00,UNKNOWN_99,UNKNOWN_99
2342068,2,ANGLE_FRONT_TO_SIDE,-112.108237301959,33.5385978104031,1,T_INTERSECTION,ANGLE_FRONT_TO_SIDE,PHOENIX,2009-08-21 16:49:00,NO_IMPROPER_ACTION,NOT_APPLICABLE_MINUS_1+DISREGARDED_TRAFFIC_SIGNAL
2342113,2,LEFT_TURN,-112.058550582285,33.4674212336066,3,FOUR_WAY_INTERSECTION,LEFT_TURN,PHOENIX,2009-08-17 13:48:00,DROVE_RODE_IN_OPPOSING_TRAFFIC_LANE,NO_IMPROPER_ACTION
2342148,2,HEAD_ON,-112.13024796591,33.4513417472626,2,FOUR_WAY_INTERSECTION,HEAD_ON,PHOENIX,2009-08-19 10:50:00,NO_IMPROPER_ACTION,FAILED_TO_YIELD_RIGHT_OF_WAY_103
2342412,2,ANGLE_FRONT_TO_SIDE,-112.220547763595,33.4800910335844,2,FOUR_WAY_INTERSECTION,ANGLE_FRONT_TO_SIDE,PHOENIX,2009-08-23 17:20:00,DROVE_RODE_IN_OPPOSING_TRAFFIC_LANE,NO_IMPROPER_ACTION+NOT_APPLICABLE_MINUS_1+NOT_APPLICABLE_MINUS_1
2342465,2,ANGLE_FRONT_TO_SIDE,-112.084696924831,33.4408800330164,3,T_INTERSECTION,ANGLE_FRONT_TO_SIDE,PHOENIX,2009-08-21 16:56:00,FAILED_TO_YIELD_RIGHT_OF_WAY_103,NO_IMPROPER_ACTION
2342653,2,OTHER_97,-113.994921370141,35.1800469021752,3,T_INTERSECTION,OTHER_97,KINGMAN,2009-09-07 15:18:00,FAILED_TO_YIELD_RIGHT_OF_WAY_103,NO_IMPROPER_ACTION
2342691,2,LEFT_TURN,-112.298528502678,33.6525010524531,1,T_INTERSECTION,LEFT_TURN,PEORIA,2009-09-17 08:10:00,NO_IMPROPER_ACTION,FAILED_TO_YIELD_RIGHT_OF_WAY_103
2342698,2,OTHER_97,-112.151795640907,33.4659435210478,3,FOUR_WAY_INTERSECTION,OTHER_97,PHOENIX,2009-08-29 13:49:00,OTHER_97,UNKNOWN_99
2342708,2,REAR_END,-111.650165937925,35.1988849226956,3,NOT_AT_INTERSECTION_0,REAR_END,FLAGSTAFF,2009-09-19 02:37:00,INATTENTION_DISTRACTION,NO_IMPROPER_ACTION
2342724,2,ANGLE_FRONT_TO_SIDE,0,0,3,NOT_AT_INTERSECTION_0,ANGLE_FRONT_TO_SIDE,UNSPECIFIED_999,2009-09-20 16:39:00,DROVE_RODE_IN_OPPOSING_TRAFFIC_LANE,NO_IMPROPER_ACTION
2342725,2,ANGLE_FRONT_TO_SIDE,-111.874652608898,33.3936135599006,3,NOT_AT_INTERSECTION_0,ANGLE_FRONT_TO_SIDE,MESA,2009-09-17 12:54:00,OTHER_97,FAILED_TO_YIELD_RIGHT_OF_WAY_103
2342731,2,HEAD_ON,-111.580617006012,33.4078254516064,2,FOUR_WAY_INTERSECTION,HEAD_ON,UNSPECIFIED_999,2009-09-23 16:45:00,NO_IMPROPER_ACTION,FAILED_TO_YIELD_RIGHT_OF_WAY_103
2342735,2,ANGLE_FRONT_TO_SIDE,-112.125954654461,33.4369061679855,4,FOUR_WAY_INTERSECTION,ANGLE_FRONT_TO_SIDE,PHOENIX,2009-08-29 19:25:00,NO_IMPROPER_ACTION,DISREGARDED_TRAFFIC_SIGNAL
2342805,2,LEFT_TURN,0,0,2,T_INTERSECTION,LEFT_TURN,MESA,2009-09-15 07:14:00,FAILED_TO_YIELD_RIGHT_OF_WAY_103,NO_IMPROPER_ACTION
2342829,2,ANGLE_FRONT_TO_SIDE,-113.984988393242,35.2545205958032,2,FOUR_WAY_INTERSECTION,ANGLE_FRONT_TO_SIDE,UNSPECIFIED_999,2009-09-24 10:25:00,RAN_STOP_SIGN,NO_IMPROPER_ACTION
2342868,2,ANGLE_FRONT_TO_SIDE,-112.082516015681,33.4363927433912,3,NOT_AT_INTERSECTION_0,ANGLE_FRONT_TO_SIDE,PHOENIX,2009-08-28 13:08:00,OTHER_97,FAILED_TO_YIELD_RIGHT_OF_WAY_103