IncidentID,num_vehicles_involved,eCollisionManner,Longitude,Latitude,InjurySeverity,eIntersectionType,eCollisionManner,city_name,IncidentDateTime,cyclist_citations,driver_citations
2342894,2,OTHER_97,-112.078168490259,33.5028678918837,3,NOT_AT_INTERSECTION_0,OTHER_97,PHOENIX,2009-08-26 13:31:00,DROVE_RODE_IN_OPPOSING_TRAFFIC_LANE,NOT_APPLICABLE_MINUS_1+NO_IMPROPER_ACTION
2342906,2,ANGLE_FRONT_TO_SIDE,-111.982893225728,33.4801722421509,3,NOT_AT_INTERSECTION_0,ANGLE_FRONT_TO_SIDE,PHOENIX,2009-08-20 13:13:00,OTHER_97,NO_IMPROPER_ACTION
2343012,2,OTHER_97,-111.567777685604,33.4078422272332,2,T_INTERSECTION,OTHER_97,APACHE JUNCTION,2009-09-30 15:27:00,OTHER_97,NO_IMPROPER_ACTION
2343014,2,ANGLE_FRONT_TO_SIDE,-112.470101636523,34.5438278988308,3,FOUR_WAY_INTERSECTION,ANGLE_FRONT_TO_SIDE,PRESCOTT,2009-09-24 11:01:00,INATTENTION_DISTRACTION,NO_IMPROPER_ACTION
2343018,2,HEAD_ON,0,0,2,FOUR_WAY_INTERSECTION,HEAD_ON,PRESCOTT,2009-09-15 12:30:00,DROVE_RODE_IN_OPPOSING_TRAFFIC_LANE+NOT_APPLICABLE_MINUS_1,NO_IMPROPER_ACTION
2343019,2,LEFT_TURN,-111.935083621242,33.4146978084742,1,FOUR_WAY_INTERSECTION,LEFT_TURN,TEMPE,2009-09-26 14:43:00,NO_IMPROPER_ACTION,FAILED_TO_YIELD_RIGHT_OF_WAY_103
2343051,2,SIDESWIPE_SAME_DIRECTION,-111.909592718562,33.4147760050764,3,FOUR_WAY_INTERSECTION,SIDESWIPE_SAME_DIRECTION,TEMPE,2009-09-25 17:15:00,NO_IMPROPER_ACTION,FAILED_TO_YIELD_RIGHT_OF_WAY_103
2343114,2,HEAD_ON,-111.991123110411,33.3325209083777,3,NOT_AT_INTERSECTION_0,HEAD_ON,PHOENIX,2009-08-27 19:45:00,UNKNOWN_99,UNKNOWN_99
2343121,2,ANGLE_FRONT_TO_SIDE,-112.151220086645,33.5963195846364,4,NOT_AT_INTERSECTION_0,ANGLE_FRONT_TO_SIDE,PHOENIX,2009-08-27 20:04:00,OTHER_97,INATTENTION_DISTRACTION
2343141,2,ANGLE_FRONT_TO_SIDE,-112.233412870886,33.5955584973862,3,FOUR_WAY_INTERSECTION,ANGLE_FRONT_TO_SIDE,PEORIA,2009-09-25 07:23:00,NO_IMPROPER_ACTION,INATTENTION_DISTRACTION
2343181,2,OTHER_97,-111.323025841703,34.2405570338702,3,FOUR_WAY_INTERSECTION,OTHER_97,PAYSON,2009-09-06 15:14:00,DROVE_RODE_IN_OPPOSING_TRAFFIC_LANE,NO_IMPROPER_ACTION
2343194,2,LEFT_TURN,0,0,2,FOUR_WAY_INTERSECTION,LEFT_TURN,MESA,2009-09-30 14:30:00,DISREGARDED_TRAFFIC_SIGNAL,NOT_APPLICABLE_MINUS_1+NO_IMPROPER_ACTION
2343236,2,OTHER_97,-111.719006865397,33.4373574067543,3,FOUR_WAY_INTERSECTION,OTHER_97,MESA,2009-09-28 18:05:00,NO_IMPROPER_ACTION,INATTENTION_DISTRACTION
2343244,2,OTHER_97,-111.772943160138,33.3066259725189,1,FOUR_WAY_INTERSECTION,OTHER_97,GILBERT,2009-09-22 07:33:00,DISREGARDED_TRAFFIC_SIGNAL,NO_IMPROPER_ACTION
2343247,2,ANGLE_FRONT_TO_SIDE,-111.7742676008,33.4081598699137,3,T_INTERSECTION,ANGLE_FRONT_TO_SIDE,MESA,2009-09-27 19:41:00,INATTENTION_DISTRACTION,NOT_APPLICABLE_MINUS_1+NO_IMPROPER_ACTION+NOT_APPLICABLE_MINUS_1
2343249,2,OTHER_97,-111.767641550477,33.3500363950659,3,NOT_AT_INTERSECTION_0,OTHER_97,GILBERT,2009-09-29 15:25:00,DID_NOT_USE_CROSSWALK,NOT_APPLICABLE_MINUS_1+INATTENTION_DISTRACTION
2343296,2,ANGLE_FRONT_TO_SIDE,-112.350504428954,33.6386407547541,1,FOUR_WAY_INTERSECTION,ANGLE_FRONT_TO_SIDE,SURPRISE,2009-09-28 18:31:00,UNKNOWN_99,NO_IMPROPER_ACTION
2343298,2,ANGLE_FRONT_TO_SIDE,0,0,2,FOUR_WAY_INTERSECTION,ANGLE_FRONT_TO_SIDE,MESA,2009-09-14 06:56:00,DISREGARDED_TRAFFIC_SIGNAL,NO_IMPROPER_ACTION
2343303,2,OTHER_97,-112.1362374014,33.509416089004,2,NOT_AT_INTERSECTION_0,OTHER_97,PHOENIX,2009-08-18 04:41:00,INATTENTION_DISTRACTION,NO_IMPROPER_ACTION
2343524,2,SIDESWIPE_SAME_DIRECTION,-110.964343574634,32.3881486259992,2,FOUR_WAY_INTERSECTION,SIDESWIPE_SAME_DIRECTION,ORO VALLEY,2009-09-29 12:17:00,NO_IMPROPER_ACTION,FAILED_TO_YIELD_RIGHT_OF_WAY_103
2343525,2,ANGLE_FRONT_TO_SIDE,0,0,3,T_INTERSECTION,ANGLE_FRONT_TO_SIDE,UNSPECIFIED_999,2009-09-30 15:54:00,OTHER_97,UNKNOWN_99
2343536,2,SIDESWIPE_SAME_DIRECTION,-111.632656507918,33.4421390644917,3,T_INTERSECTION,SIDESWIPE_SAME_DIRECTION,MESA,2009-09-30 12:33:00,NO_IMPROPER_ACTION,FAILED_TO_YIELD_RIGHT_OF_WAY_103
2343615,2,OTHER_97,-111.977429479916,33.6741476633924,1,NOT_AT_INTERSECTION_0,OTHER_97,PHOENIX,2009-08-15 16:01:00,NO_IMPROPER_ACTION,NO_IMPROPER_ACTION+NOT_APPLICABLE_MINUS_1+NOT_APPLICABLE_MINUS_1+NOT_APPLICABLE_MINUS_1
2343691,2,SIDESWIPE_SAME_DIRECTION,-111.932910831735,33.422013853182,2,NOT_AT_INTERSECTION_0,SIDESWIPE_SAME_DIRECTION,TEMPE,2009-09-29 13:50:00,NO_IMPROPER_ACTION,FAILED_TO_YIELD_RIGHT_OF_WAY_103
2343699,2,ANGLE_FRONT_TO_SIDE,0,0,3,NOT_AT_INTERSECTION_0,ANGLE_FRONT_TO_SIDE,TEMPE,2009-09-29 18:12:00,NO_IMPROPER_ACTION,FAILED_TO_YIELD_RIGHT_OF_WAY_103
2343707,2,ANGLE_FRONT_TO_SIDE,-111.902816790211,33.3782745631636,4,T_INTERSECTION,ANGLE_FRONT_TO_SIDE,TEMPE,2009-09-30 12:07:00,FAILED_TO_YIELD_RIGHT_OF_WAY_103,NO_IMPROPER_ACTION
2343728,2,ANGLE_FRONT_TO_SIDE,0,0,2,FOUR_WAY_INTERSECTION,ANGLE_FRONT_TO_SIDE,TEMPE,2009-09-27 18:47:00,FAILED_TO_YIELD_RIGHT_OF_WAY_103,DISREGARDED_TRAFFIC_SIGNAL
2343760,2,ANGLE_FRONT_TO_SIDE,-112.112835187827,33.5094907585224,3,INTERSECTION_AS_PART_OF_INTERCHANGE,ANGLE_FRONT_TO_SIDE,PHOENIX,2009-08-23 21:58:00,NO_IMPROPER_ACTION,UNKNOWN_99
2343770,2,SIDESWIPE_SAME_DIRECTION,0,0,2,TRAFFIC_CIRCLE,SIDESWIPE_SAME_DIRECTION,UNSPECIFIED_999,2009-09-15 10:14:00,NO_IMPROPER_ACTION,FAILED_TO_YIELD_RIGHT_OF_WAY_103
2343784,2,ANGLE_FRONT_TO_SIDE,-111.926399118689,33.4288538621704,3,FOUR_WAY_INTERSECTION,ANGLE_FRONT_TO_SIDE,TEMPE,2009-09-30 17:28:00,FAILED_TO_YIELD_RIGHT_OF_WAY_103,NO_IMPROPER_ACTION
2343800,2,ANGLE_FRONT_TO_SIDE,-111.935970253095,33.4074344165094,1,T_INTERSECTION,ANGLE_FRONT_TO_SIDE,TEMPE,2009-09-29 21:35:00,DROVE_RODE_IN_OPPOSING_TRAFFIC_LANE,NO_IMPROPER_ACTION
2343819,2,REAR_END,-111.002912634096,31.8737028569599,3,NOT_AT_INTERSECTION_0,REAR_END,UNSPECIFIED_999,2009-09-20 06:54:00,NO_IMPROPER_ACTION,INATTENTION_DISTRACTION+NOT_APPLICABLE_MINUS_1
2343841,2,ANGLE_FRONT_TO_SIDE,-111.940031598003,33.4273296360411,3,FOUR_WAY_INTERSECTION,ANGLE_FRONT_TO_SIDE,TEMPE,2009-09-19 01:50:00,NO_IMPROPER_ACTION,SPEED_TOO_FAST_FOR_CONDITIONS
2343848,2,ANGLE_FRONT_TO_SIDE,-111.878326335217,33.5970071516457,2,FOUR_WAY_INTERSECTION,ANGLE_FRONT_TO_SIDE,SCOTTSDALE,2009-09-22 15:09:00,FAILED_TO_YIELD_RIGHT_OF_WAY_103,UNKNOWN_99
2343882,2,ANGLE_FRONT_TO_SIDE,-111.926158094552,33.5841950655653,3,T_INTERSECTION,ANGLE_FRONT_TO_SIDE,SCOTTSDALE,2009-09-24 12:25:00,NO_IMPROPER_ACTION,INATTENTION_DISTRACTION
2343908,2,LEFT_TURN,-111.96522571416,33.4219381534159,3,FOUR_WAY_INTERSECTION,LEFT_TURN,TEMPE,2009-09-19 00:46:00,NO_IMPROPER_ACTION,FAILED_TO_YIELD_RIGHT_OF_WAY_103
2343943,2,ANGLE_FRONT_TO_SIDE,-111.926172844434,33.4147767983951,2,FOUR_WAY_INTERSECTION,ANGLE_FRONT_TO_SIDE,TEMPE,2009-09-26 11:44:00,DISREGARDED_TRAFFIC_SIGNAL,NO_IMPROPER_ACTION
2344022,2,LEFT_TURN,-111.952229064657,33.422516698261,2,NOT_AT_INTERSECTION_0,LEFT_TURN,TEMPE,2009-09-28 12:17:00,OTHER_97,NO_IMPROPER_ACTION
2344031,2,UNKNOWN_99,-111.856683119838,33.4078118431759,3,NOT_AT_INTERSECTION_0,UNKNOWN_99,MESA,2009-09-25 11:03:00,NO_IMPROPER_ACTION,UNKNOWN_99
2344041,2,ANGLE_FRONT_TO_SIDE,-111.822881845478,33.4150053686634,3,FOUR_WAY_INTERSECTION,ANGLE_FRONT_TO_SIDE,MESA,2009-09-24 17:24:00,UNKNOWN_99,NO_IMPROPER_ACTION+NOT_APPLICABLE_MINUS_1+NOT_APPLICABLE_MINUS_1
2344051,2,ANGLE_FRONT_TO_SIDE,-111.928579898506,33.3346927614209,3,FOUR_WAY_INTERSECTION,ANGLE_FRONT_TO_SIDE,TEMPE,2009-09-30 07:24:00,UNKNOWN_99,UNKNOWN_99
2344079,2,LEFT_TURN,-111.940028633504,33.4243613005549,2,FOUR_WAY_INTERSECTION,LEFT_TURN,TEMPE,2009-09-29 15:45:00,FAILED_TO_YIELD_RIGHT_OF_WAY_103,NO_IMPROPER_ACTION+NOT_APPLICABLE_MINUS_1+NOT_APPLICABLE_MINUS_1
2344119,2,ANGLE_FRONT_TO_SIDE,-111.926339562703,33.3931574745533,3,FOUR_WAY_INTERSECTION,ANGLE_FRONT_TO_SIDE,TEMPE,2009-09-22 18:46:00,UNKNOWN_99,UNKNOWN_99+NOT_APPLICABLE_MINUS_1
2344150,2,LEFT_TURN,-112.125692957263,33.48716741694,2,NOT_AT_INTERSECTION_0,LEFT_TURN,PHOENIX,2009-08-12 22:53:00,NO_IMPROPER_ACTION,NO_IMPROPER_ACTION
2344157,2,OTHER_97,0,0,3,NOT_AT_INTERSECTION_0,OTHER_97,FLAGSTAFF,2009-09-30 14:32:00,NO_IMPROPER_ACTION,FAILED_TO_YIELD_RIGHT_OF_WAY_103+NOT_APPLICABLE_MINUS_1
2344158,2,SIDESWIPE_SAME_DIRECTION,-111.934922596945,33.4040596479952,2,NOT_AT_INTERSECTION_0,SIDESWIPE_SAME_DIRECTION,TEMPE,2009-09-25 07:53:00,NO_IMPROPER_ACTION,INATTENTION_DISTRACTION
2344174,2,OTHER_97,-111.911513903629,33.3784058745521,3,FOUR_WAY_INTERSECTION,OTHER_97,TEMPE,2009-09-22 20:15:00,DROVE_RODE_IN_OPPOSING_TRAFFIC_LANE,INATTENTION_DISTRACTION
2344206,2,ANGLE_FRONT_TO_SIDE,-112.099604543,33.5684112842241,1,NOT_AT_INTERSECTION_0,ANGLE_FRONT_TO_SIDE,PHOENIX,2009-08-23 12:02:00,NO_IMPROPER_ACTION,INATTENTION_DISTRACTION
2344272,2,ANGLE_FRONT_TO_SIDE,-110.254964763126,31.5328051595167,2,FOUR_WAY_INTERSECTION,ANGLE_FRONT_TO_SIDE,SIERRA VISTA,2009-09-03 12:50:00,NOT_APPLICABLE_MINUS_1+DROVE_RODE_IN_OPPOSING_TRAFFIC_LANE,FAILED_TO_YIELD_RIGHT_OF_WAY_103+NOT_APPLICABLE_MINUS_1
2344345,2,LEFT_TURN,0,0,2,NOT_AT_INTERSECTION_0,LEFT_TURN,PRESCOTT VALLEY,2009-09-27 11:23:00,UNKNOWN_99,FAILED_TO_YIELD_RIGHT_OF_WAY_103
2344359,2,HEAD_ON,-110.256213645792,31.5585643043886,3,NOT_AT_INTERSECTION_0,HEAD_ON,SIERRA VISTA,2009-09-19 12:10:00,DROVE_RODE_IN_OPPOSING_TRAFFIC_LANE,NO_IMPROPER_ACTION
2344511,2,ANGLE_FRONT_TO_SIDE,-110.936962678263,32.1632407125496,2,T_INTERSECTION,ANGLE_FRONT_TO_SIDE,TUCSON,2009-09-05 17:43:00,DROVE_RODE_IN_OPPOSING_TRAFFIC_LANE,NO_IMPROPER_ACTION
2344555,2,HEAD_ON,-112.335211243449,34.6006143743045,3,NOT_AT_INTERSECTION_0,HEAD_ON,UNSPECIFIED_999,2009-09-29 14:27:00,OTHER_97,NO_IMPROPER_ACTION+NOT_APPLICABLE_MINUS_1
2344591,2,LEFT_TURN,-112.152011631533,33.5239412487581,4,NOT_AT_INTERSECTION_0,LEFT_TURN,GLENDALE,2009-09-15 07:35:00,NO_IMPROPER_ACTION,FAILED_TO_YIELD_RIGHT_OF_WAY_103
2344628,2,OTHER_97,-111.926186170919,33.4710409888219,3,UNKNOWN_99,OTHER_97,SCOTTSDALE,2009-09-19 12:59:00,OTHER_97,OTHER_97
2344639,2,SIDESWIPE_SAME_DIRECTION,-110.858014366532,32.2180782560244,2,T_INTERSECTION,SIDESWIPE_SAME_DIRECTION,TUCSON,2009-09-05 14:44:00,NO_IMPROPER_ACTION,FAILED_TO_YIELD_RIGHT_OF_WAY_103
2344718,2,ANGLE_FRONT_TO_SIDE,-110.952422945833,32.2575689229609,2,FOUR_WAY_INTERSECTION,ANGLE_FRONT_TO_SIDE,TUCSON,2009-09-17 18:56:00,RAN_STOP_SIGN,NO_IMPROPER_ACTION
2344747,2,ANGLE_FRONT_TO_SIDE,-110.966231548097,32.2211994760373,3,FOUR_WAY_INTERSECTION,ANGLE_FRONT_TO_SIDE,TUCSON,2009-09-01 08:37:00,NO_IMPROPER_ACTION,FAILED_TO_YIELD_RIGHT_OF_WAY_103
2344794,2,ANGLE_FRONT_TO_SIDE,-111.684132244188,33.4516518862798,4,FOUR_WAY_INTERSECTION,ANGLE_FRONT_TO_SIDE,MESA,2009-09-16 09:59:00,NO_IMPROPER_ACTION,FAILED_TO_YIELD_RIGHT_OF_WAY_103
2344849,2,LEFT_TURN,-110.901223783395,32.2486123398742,4,NOT_AT_INTERSECTION_0,LEFT_TURN,TUCSON,2009-09-18 22:14:00,NO_IMPROPER_ACTION,FAILED_TO_YIELD_RIGHT_OF_WAY_103
2344863,2,ANGLE_FRONT_TO_SIDE,-110.960964290326,32.2506673624572,3,NOT_AT_INTERSECTION_0,ANGLE_FRONT_TO_SIDE,TUCSON,2009-09-18 18:20:00,FAILED_TO_KEEP_IN_PROPER_LANE,NO_IMPROPER_ACTION
2344915,2,LEFT_TURN,-111.03023919586,32.2359688784883,3,FOUR_WAY_INTERSECTION,LEFT_TURN,TUCSON,2009-09-21 18:00:00,NO_IMPROPER_ACTION,FAILED_TO_YIELD_RIGHT_OF_WAY_103
2344945,2,ANGLE_FRONT_TO_SIDE,-110.952941896242,32.2557420140306,4,NOT_AT_INTERSECTION_0,ANGLE_FRONT_TO_SIDE,TUCSON,2009-09-20 17:51:00,NO_IMPROPER_ACTION,FAILED_TO_YIELD_RIGHT_OF_WAY_103
2345167,2,ANGLE_FRONT_TO_SIDE,-112.18631721847,33.6375268936962,3,NOT_AT_INTERSECTION_0,ANGLE_FRONT_TO_SIDE,GLENDALE,2009-09-30 07:45:00,OTHER_97,OTHER_97
2345168,2,ANGLE_FRONT_TO_SIDE,-112.16861510055,33.5384510405503,2,FOUR_WAY_INTERSECTION,ANGLE_FRONT_TO_SIDE,GLENDALE,2009-09-30 08:28:00,DROVE_RODE_IN_OPPOSING_TRAFFIC_LANE,FAILED_TO_YIELD_RIGHT_OF_WAY_103
2345221,2,ANGLE_FRONT_TO_SIDE,-110.806812040044,32.2237958051678,3,T_INTERSECTION,ANGLE_FRONT_TO_SIDE,TUCSON,2009-09-08 08:14:00,OTHER_97,FAILED_TO_YIELD_RIGHT_OF_WAY_103
2345349,2,SIDESWIPE_SAME_DIRECTION,-110.992177891087,32.2356417883234,4,T_INTERSECTION,SIDESWIPE_SAME_DIRECTION,TUCSON,2009-09-24 15:22:00,NO_IMPROPER_ACTION,FAILED_TO_YIELD_RIGHT_OF_WAY_103
2345351,2,OTHER_97,-112.186178700543,33.5422205056984,1,FOUR_WAY_INTERSECTION,OTHER_97,GLENDALE,2009-09-08 17:47:00,FAILED_TO_YIELD_RIGHT_OF_WAY_103,UNKNOWN_99
2345356,2,ANGLE_FRONT_TO_SIDE,-110.860164299028,32.2433764839469,2,FOUR_WAY_INTERSECTION,ANGLE_FRONT_TO_SIDE,TUCSON,2009-09-24 17:28:00,NO_IMPROPER_ACTION,FAILED_TO_YIELD_RIGHT_OF_WAY_103
2345408,2,ANGLE_FRONT_TO_SIDE,-112.163612665789,33.5661464809459,3,T_INTERSECTION,ANGLE_FRONT_TO_SIDE,GLENDALE,2009-09-09 17:47:00,FAILED_TO_YIELD_RIGHT_OF_WAY_103,NO_IMPROPER_ACTION
2345414,2,REAR_END,-112.161428418111,33.517795259535,3,NOT_AT_INTERSECTION_0,REAR_END,GLENDALE,2009-09-09 19:51:00,NO_IMPROPER_ACTION,UNKNOWN_99
2345415,2,ANGLE_FRONT_TO_SIDE,-110.787431673436,32.1100390540761,1,NOT_AT_INTERSECTION_0,ANGLE_FRONT_TO_SIDE,TUCSON,2009-09-16 07:29:00,NO_IMPROPER_ACTION,FAILED_TO_YIELD_RIGHT_OF_WAY_103
2345429,2,SIDESWIPE_SAME_DIRECTION,-110.879863076236,32.2434194935904,2,FOUR_WAY_INTERSECTION,SIDESWIPE_SAME_DIRECTION,TUCSON,2009-09-16 08:09:00,SPEED_TOO_FAST_FOR_CONDITIONS,NO_IMPROPER_ACTION
2345437,2,LEFT_TURN,-110.935254075683,32.2612724781942,3,FOUR_WAY_INTERSECTION,LEFT_TURN,TUCSON,2009-09-16 13:02:00,NO_IMPROPER_ACTION,FAILED_TO_YIELD_RIGHT_OF_WAY_103
2345449,2,ANGLE_FRONT_TO_SIDE,-110.94379715092,32.2637457493355,4,NOT_AT_INTERSECTION_0,ANGLE_FRONT_TO_SIDE,TUCSON,2009-09-09 15:36:00,FAILED_TO_KEEP_IN_PROPER_LANE,UNKNOWN_99
2345454,2,OTHER_97,-110.943677838894,32.2055775316755,4,T_INTERSECTION,OTHER_97,TUCSON,2009-09-09 16:23:00,FAILED_TO_YIELD_RIGHT_OF_WAY_103,NO_IMPROPER_ACTION
2345465,2,ANGLE_FRONT_TO_SIDE,-110.952343947492,32.264113491714,3,NOT_AT_INTERSECTION_0,ANGLE_FRONT_TO_SIDE,TUCSON,2009-09-03 06:03:00,NO_IMPROPER_ACTION,FAILED_TO_YIELD_RIGHT_OF_WAY_103
2345489,2,SIDESWIPE_SAME_DIRECTION,-110.952523054066,32.2498572248115,3,FOUR_WAY_INTERSECTION,SIDESWIPE_SAME_DIRECTION,TUCSON,2009-09-03 15:23:00,NO_IMPROPER_ACTION,FAILED_TO_YIELD_RIGHT_OF_WAY_103
2345544,2,OTHER_97,-112.211724086951,33.5337990916831,2,T_INTERSECTION,OTHER_97,GLENDALE,2009-09-18 08:31:00,INATTENTION_DISTRACTION,NOT_APPLICABLE_MINUS_1+NO_IMPROPER_ACTION
2345551,2,ANGLE_FRONT_TO_SIDE,-110.911987837547,32.2578467539361,3,FOUR_WAY_INTERSECTION,ANGLE_FRONT_TO_SIDE,TUCSON,2009-09-16 14:44:00,UNKNOWN_99,UNKNOWN_99
2345552,2,ANGLE_FRONT_TO_SIDE,-111.894959715642,33.3058462565124,3,INTERSECTION_AS_PART_OF_INTERCHANGE,ANGLE_FRONT_TO_SIDE,CHANDLER,2009-09-11 10:58:00,NO_IMPROPER_ACTION,FAILED_TO_YIELD_RIGHT_OF_WAY_103
2345620,2,UNKNOWN_99,-110.969935734843,32.2145327763396,3,NOT_AT_INTERSECTION_0,UNKNOWN_99,TUCSON,2009-09-16 09:07:00,NO_IMPROPER_ACTION,UNKNOWN_99
2345635,2,ANGLE_FRONT_TO_SIDE,-111.827741570368,33.2916441081755,3,NOT_AT_INTERSECTION_0,ANGLE_FRONT_TO_SIDE,CHANDLER,2009-09-30 14:30:00,FAILED_TO_YIELD_RIGHT_OF_WAY_103,NOT_APPLICABLE_MINUS_1+NO_IMPROPER_ACTION+NOT_APPLICABLE_MINUS_1+NOT_APPLICABLE_MINUS_1
2345670,2,ANGLE_FRONT_TO_SIDE,-110.991395340769,32.1631883279703,3,FOUR_WAY_INTERSECTION,ANGLE_FRONT_TO_SIDE,TUCSON,2009-09-29 06:03:00,DROVE_RODE_IN_OPPOSING_TRAFFIC_LANE,NO_IMPROPER_ACTION
2345831,2,ANGLE_FRONT_TO_SIDE,-110.890206627394,32.2009755124851,3,T_INTERSECTION,ANGLE_FRONT_TO_SIDE,TUCSON,2009-09-29 09:05:00,NO_IMPROPER_ACTION,INATTENTION_DISTRACTION
2345879,2,OTHER_97,0,0,3,NOT_AT_INTERSECTION_0,OTHER_97,TUCSON,2009-09-30 17:09:00,FAILED_TO_YIELD_RIGHT_OF_WAY_103,SPEED_TOO_FAST_FOR_CONDITIONS
2345886,2,ANGLE_FRONT_TO_SIDE,-110.959486619303,32.2360079448924,3,FOUR_WAY_INTERSECTION,ANGLE_FRONT_TO_SIDE,TUCSON,2009-09-30 16:59:00,NO_IMPROPER_ACTION,DISREGARDED_TRAFFIC_SIGNAL
2345896,2,ANGLE_FRONT_TO_SIDE,-110.892702709295,32.2506373879474,3,FOUR_WAY_INTERSECTION,ANGLE_FRONT_TO_SIDE,TUCSON,2009-09-30 21:00:00,DISREGARDED_TRAFFIC_SIGNAL,NO_IMPROPER_ACTION+NOT_APPLICABLE_MINUS_1
2345945,2,REAR_TO_SIDE,-109.552951151836,31.3455175660677,1,FOUR_WAY_INTERSECTION,REAR_TO_SIDE,DOUGLAS,2009-09-02 12:53:00,DISREGARDED_TRAFFIC_SIGNAL,NO_IMPROPER_ACTION
2345969,2,ANGLE_FRONT_TO_SIDE,-111.632717102968,33.4151177585302,3,FOUR_WAY_INTERSECTION,ANGLE_FRONT_TO_SIDE,UNSPECIFIED_999,2009-09-16 19:32:00,UNKNOWN_99,UNKNOWN_99
2345998,2,ANGLE_FRONT_TO_SIDE,-111.923731258627,33.3031792049156,2,T_INTERSECTION,ANGLE_FRONT_TO_SIDE,CHANDLER,2009-09-03 15:38:00,NO_IMPROPER_ACTION,FAILED_TO_YIELD_RIGHT_OF_WAY_103
2346058,2,REAR_END,-110.952454466369,32.24015811359,3,NOT_AT_INTERSECTION_0,REAR_END,TUCSON,2009-09-22 17:30:00,UNKNOWN_99,UNKNOWN_99+NOT_APPLICABLE_MINUS_1
2346059,2,REAR_END,-110.971824908092,32.240032185125,3,NOT_AT_INTERSECTION_0,REAR_END,TUCSON,2009-09-22 10:53:00,NO_IMPROPER_ACTION,UNKNOWN_99
2346077,2,ANGLE_FRONT_TO_SIDE,-111.934941030649,33.3759240159063,2,T_INTERSECTION,ANGLE_FRONT_TO_SIDE,TEMPE,2009-09-18 07:33:00,NO_IMPROPER_ACTION,FAILED_TO_YIELD_RIGHT_OF_WAY_103
2346079,2,ANGLE_FRONT_TO_SIDE,0,0,3,FOUR_WAY_INTERSECTION,ANGLE_FRONT_TO_SIDE,KINGMAN,2009-09-23 16:11:00,INATTENTION_DISTRACTION,NO_IMPROPER_ACTION
2346120,8,SIDESWIPE_SAME_DIRECTION,-111.592166675221,32.0239994602634,2,NOT_AT_INTERSECTION_0,SIDESWIPE_SAME_DIRECTION,UNSPECIFIED_999,2009-09-05 06:21:00,NO_IMPROPER_ACTION+NO_IMPROPER_ACTION+NO_IMPROPER_ACTION+NO_IMPROPER_ACTION+NO_IMPROPER_ACTION+NO_IMPROPER_ACTION+NO_IMPROPER_ACTION,OTHER_97
2346193,2,ANGLE_FRONT_TO_SIDE,-111.853857337845,33.2528759381088,3,FOUR_WAY_INTERSECTION,ANGLE_FRONT_TO_SIDE,CHANDLER,2009-09-19 08:51:00,RAN_STOP_SIGN,NO_IMPROPER_ACTION+NOT_APPLICABLE_MINUS_1
2346219,2,SIDESWIPE_OPPOSITE_DIRECTION,-112.204748950915,33.5238063344835,2,NOT_AT_INTERSECTION_0,SIDESWIPE_OPPOSITE_DIRECTION,GLENDALE,2009-09-23 18:04:00,NO_IMPROPER_ACTION+NOT_APPLICABLE_MINUS_1,INATTENTION_DISTRACTION+NOT_APPLICABLE_MINUS_1+NOT_APPLICABLE_MINUS_1
2346278,2,SIDESWIPE_SAME_DIRECTION,-112.290237276398,33.4936039556892,2,FOUR_WAY_INTERSECTION,SIDESWIPE_SAME_DIRECTION,UNSPECIFIED_999,2009-09-24 07:51:00,UNKNOWN_99,FAILED_TO_YIELD_RIGHT_OF_WAY_103
2346315,2,ANGLE_FRONT_TO_SIDE,0,0,2,NOT_AT_INTERSECTION_0,ANGLE_FRONT_TO_SIDE,GLENDALE,2009-09-18 08:59:00,NO_IMPROPER_ACTION,FAILED_TO_YIELD_RIGHT_OF_WAY_103
2346320,2,OTHER_97,-112.157922514987,33.5384175382877,2,T_INTERSECTION,OTHER_97,GLENDALE,2009-09-18 13:28:00,DROVE_RODE_IN_OPPOSING_TRAFFIC_LANE,NO_IMPROPER_ACTION
2346507,2,ANGLE_FRONT_TO_SIDE,-111.996186140797,33.6442519746026,4,T_INTERSECTION,ANGLE_FRONT_TO_SIDE,PHOENIX,2009-09-05 11:36:00,FAILED_TO_YIELD_RIGHT_OF_WAY_103,NOT_APPLICABLE_MINUS_1+NO_IMPROPER_ACTION+NOT_APPLICABLE_MINUS_1
2346556,2,OTHER_97,-112.073263125103,33.4067128674522,2,FOUR_WAY_INTERSECTION,OTHER_97,PHOENIX,2009-09-03 14:09:00,DISREGARDED_TRAFFIC_SIGNAL,NO_IMPROPER_ACTION
2346590,2,ANGLE_FRONT_TO_SIDE,-111.916905281365,33.5602965857602,3,T_INTERSECTION,ANGLE_FRONT_TO_SIDE,SCOTTSDALE,2009-09-28 13:43:00,DROVE_RODE_IN_OPPOSING_TRAFFIC_LANE,NO_IMPROPER_ACTION
2346616,2,ANGLE_FRONT_TO_SIDE,-111.141502364499,32.3907881309648,3,T_INTERSECTION,ANGLE_FRONT_TO_SIDE,MARANA,2009-09-30 06:21:00,NO_IMPROPER_ACTION,FAILED_TO_YIELD_RIGHT_OF_WAY_103
2346705,2,ANGLE_FRONT_TO_SIDE,-112.03005654951,33.4948488381205,3,FOUR_WAY_INTERSECTION,ANGLE_FRONT_TO_SIDE,PHOENIX,2009-09-07 18:19:00,DISREGARDED_TRAFFIC_SIGNAL,NO_IMPROPER_ACTION
2346752,2,SIDESWIPE_SAME_DIRECTION,-111.653784472481,35.1982444663631,1,T_INTERSECTION,SIDESWIPE_SAME_DIRECTION,FLAGSTAFF,2009-09-22 09:28:00,OTHER_97,INATTENTION_DISTRACTION