IncidentID,num_vehicles_involved,eCollisionManner,Longitude,Latitude,InjurySeverity,eIntersectionType,eCollisionManner,city_name,IncidentDateTime,cyclist_citations,driver_citations
2346760,2,LEFT_TURN,-110.989180814169,32.1778510952438,4,T_INTERSECTION,LEFT_TURN,TUCSON,2009-09-13 17:35:00,NO_IMPROPER_ACTION,NOT_APPLICABLE_MINUS_1+FAILED_TO_YIELD_RIGHT_OF_WAY_103
2346815,2,LEFT_TURN,-111.942866265207,33.6379679074338,3,T_INTERSECTION,LEFT_TURN,PHOENIX,2009-09-12 07:43:00,NO_IMPROPER_ACTION,INATTENTION_DISTRACTION
2346822,2,OTHER_97,-110.988453865658,32.250269425995,3,T_INTERSECTION,OTHER_97,TUCSON,2009-09-14 13:11:00,NO_IMPROPER_ACTION,FAILED_TO_YIELD_RIGHT_OF_WAY_103
2346835,2,ANGLE_FRONT_TO_SIDE,-112.143602663793,33.6982792720542,2,T_INTERSECTION,ANGLE_FRONT_TO_SIDE,PHOENIX,2009-09-05 09:56:00,NO_IMPROPER_ACTION,FAILED_TO_YIELD_RIGHT_OF_WAY_103
2347459,2,ANGLE_FRONT_TO_SIDE,-112.168543936678,33.5963259264448,2,FOUR_WAY_INTERSECTION,ANGLE_FRONT_TO_SIDE,PHOENIX,2009-09-12 19:30:00,OTHER_97,NO_IMPROPER_ACTION
2347632,2,OTHER_97,-111.986903970928,33.4948399800506,3,FOUR_WAY_INTERSECTION,OTHER_97,PHOENIX,2009-09-17 18:33:00,OTHER_97,NO_IMPROPER_ACTION
2347670,2,LEFT_TURN,-112.013392993805,33.6260847848392,3,FOUR_WAY_INTERSECTION,LEFT_TURN,PHOENIX,2009-09-06 16:33:00,FAILED_TO_YIELD_RIGHT_OF_WAY_103,NOT_APPLICABLE_MINUS_1+NO_IMPROPER_ACTION
2347731,2,REAR_END,-112.015204746959,33.6405123086177,4,NOT_AT_INTERSECTION_0,REAR_END,PHOENIX,2009-09-07 12:00:00,OTHER_97,NO_IMPROPER_ACTION
2347829,2,OTHER_97,-111.841345679175,33.3045881954617,1,NOT_AT_INTERSECTION_0,OTHER_97,CHANDLER,2009-09-30 13:38:00,OTHER_97,NO_IMPROPER_ACTION
2347891,2,ANGLE_FRONT_TO_SIDE,-112.10007649228,33.4491914288027,2,FOUR_WAY_INTERSECTION,ANGLE_FRONT_TO_SIDE,PHOENIX,2009-09-18 00:20:00,NO_IMPROPER_ACTION,FAILED_TO_YIELD_RIGHT_OF_WAY_103
2347954,2,ANGLE_FRONT_TO_SIDE,-112.030235243017,33.502211827797,3,FOUR_WAY_INTERSECTION,ANGLE_FRONT_TO_SIDE,PHOENIX,2009-09-16 15:30:00,DISREGARDED_PAVEMENT_MARKINGS,DISREGARDED_PAVEMENT_MARKINGS
2348063,2,ANGLE_FRONT_TO_SIDE,-111.996032509558,33.4804157133681,3,NOT_AT_INTERSECTION_0,ANGLE_FRONT_TO_SIDE,PHOENIX,2009-09-26 11:40:00,NO_IMPROPER_ACTION,SPEED_TOO_FAST_FOR_CONDITIONS
2348098,2,OTHER_97,-112.08345465909,33.4948930068797,4,FOUR_WAY_INTERSECTION,OTHER_97,PHOENIX,2009-09-22 22:47:00,INATTENTION_DISTRACTION,NOT_APPLICABLE_MINUS_1+FAILED_TO_YIELD_RIGHT_OF_WAY_103
2348271,2,OTHER_97,-112.151278967406,33.603536049368,3,FOUR_WAY_INTERSECTION,OTHER_97,PHOENIX,2009-09-24 16:42:00,NO_IMPROPER_ACTION,FAILED_TO_YIELD_RIGHT_OF_WAY_103
2348286,2,ANGLE_FRONT_TO_SIDE,-112.15984411193,33.4805163275496,3,T_INTERSECTION,ANGLE_FRONT_TO_SIDE,PHOENIX,2009-09-13 12:34:00,DROVE_RODE_IN_OPPOSING_TRAFFIC_LANE,NO_IMPROPER_ACTION+NOT_APPLICABLE_MINUS_1
2348397,2,ANGLE_FRONT_TO_SIDE,-112.242379048946,33.4979715049659,2,FOUR_WAY_INTERSECTION,ANGLE_FRONT_TO_SIDE,PHOENIX,2009-09-03 23:00:00,NO_IMPROPER_ACTION,UNKNOWN_99
2348464,2,ANGLE_FRONT_TO_SIDE,-112.069384929062,33.4599847792658,3,FOUR_WAY_INTERSECTION,ANGLE_FRONT_TO_SIDE,PHOENIX,2009-09-27 14:00:00,UNKNOWN_99,NO_IMPROPER_ACTION
2348483,2,OTHER_97,0,0,2,T_INTERSECTION,OTHER_97,PHOENIX,2009-09-26 16:26:00,FAILED_TO_YIELD_RIGHT_OF_WAY_103,NO_IMPROPER_ACTION
2348516,2,ANGLE_FRONT_TO_SIDE,-112.030201866952,33.4657736339138,3,FOUR_WAY_INTERSECTION,ANGLE_FRONT_TO_SIDE,PHOENIX,2009-09-05 17:17:00,NO_IMPROPER_ACTION,DISREGARDED_TRAFFIC_SIGNAL
2348542,2,ANGLE_FRONT_TO_SIDE,-112.057837880868,33.2950356261417,3,T_INTERSECTION,ANGLE_FRONT_TO_SIDE,PHOENIX,2009-09-29 07:36:00,OTHER_97,FAILED_TO_YIELD_RIGHT_OF_WAY_103
2348555,2,ANGLE_FRONT_TO_SIDE,-112.026079887674,33.3933410619214,3,NOT_AT_INTERSECTION_0,ANGLE_FRONT_TO_SIDE,PHOENIX,2009-09-28 04:44:00,FAILED_TO_YIELD_RIGHT_OF_WAY_103,NOT_APPLICABLE_MINUS_1+NO_IMPROPER_ACTION
2348559,2,LEFT_TURN,-112.125629377557,33.5348924031089,3,T_INTERSECTION,LEFT_TURN,PHOENIX,2009-09-11 15:36:00,FAILED_TO_YIELD_RIGHT_OF_WAY_103,NO_IMPROPER_ACTION+NOT_APPLICABLE_MINUS_1
2348721,2,SIDESWIPE_SAME_DIRECTION,-112.1476614279,33.6473215067119,3,NOT_AT_INTERSECTION_0,SIDESWIPE_SAME_DIRECTION,PHOENIX,2009-09-19 14:53:00,MADE_IMPROPER_TURN,NO_IMPROPER_ACTION
2348730,2,LEFT_TURN,-112.030755107763,33.6405143460298,3,FOUR_WAY_INTERSECTION,LEFT_TURN,PHOENIX,2009-09-23 23:50:00,NO_IMPROPER_ACTION,FAILED_TO_YIELD_RIGHT_OF_WAY_103
2348892,2,ANGLE_FRONT_TO_SIDE,-112.0302075051,33.4625539189027,2,INTERSECTION_AS_PART_OF_INTERCHANGE,ANGLE_FRONT_TO_SIDE,PHOENIX,2009-10-06 17:32:00,DROVE_RODE_IN_OPPOSING_TRAFFIC_LANE,NO_IMPROPER_ACTION
2348956,2,ANGLE_FRONT_TO_SIDE,-112.134349757936,33.5387001550626,4,NOT_AT_INTERSECTION_0,ANGLE_FRONT_TO_SIDE,PHOENIX,2009-11-12 19:34:00,NOT_APPLICABLE_MINUS_1+KNOWINGLY_OPERATED_WITH_FAULTY_MISSING_EQUIPMENT+NOT_APPLICABLE_MINUS_1+NOT_APPLICABLE_MINUS_1,NO_IMPROPER_ACTION
2348989,2,ANGLE_FRONT_TO_SIDE,-111.986942106054,33.3315604508294,3,T_INTERSECTION,ANGLE_FRONT_TO_SIDE,PHOENIX,2009-09-28 07:18:00,FAILED_TO_YIELD_RIGHT_OF_WAY_103,NO_IMPROPER_ACTION
2349015,2,LEFT_TURN,-112.012793916961,33.4613581112263,2,NOT_AT_INTERSECTION_0,LEFT_TURN,PHOENIX,2009-09-01 16:41:00,DROVE_RODE_IN_OPPOSING_TRAFFIC_LANE,NO_IMPROPER_ACTION
2349103,2,OTHER_97,-111.858456555839,33.2338990736391,3,NOT_AT_INTERSECTION_0,OTHER_97,CHANDLER,2009-10-23 06:59:00,NO_IMPROPER_ACTION,FAILED_TO_YIELD_RIGHT_OF_WAY_103
2349241,2,REAR_END,-111.996186227239,33.6442272478366,2,T_INTERSECTION,REAR_END,PHOENIX,2009-10-07 17:21:00,UNKNOWN_99,NOT_APPLICABLE_MINUS_1+UNKNOWN_99+NOT_APPLICABLE_MINUS_1
2349326,2,ANGLE_FRONT_TO_SIDE,-112.063530976768,33.5641418397844,2,T_INTERSECTION,ANGLE_FRONT_TO_SIDE,PHOENIX,2009-10-01 17:35:00,FAILED_TO_YIELD_RIGHT_OF_WAY_103,NO_IMPROPER_ACTION
2349425,2,LEFT_TURN,-111.997347204714,33.3050330289394,2,FOUR_WAY_INTERSECTION,LEFT_TURN,PHOENIX,2009-10-01 20:26:00,DROVE_RODE_IN_OPPOSING_TRAFFIC_LANE,NO_IMPROPER_ACTION
2349527,2,HEAD_ON,-112.228667415147,33.5041054716372,3,T_INTERSECTION,HEAD_ON,PHOENIX,2009-10-08 07:39:00,NOT_APPLICABLE_MINUS_1+UNKNOWN_99,NO_IMPROPER_ACTION
2349549,2,ANGLE_FRONT_TO_SIDE,-112.047506434654,33.4548117175658,3,FOUR_WAY_INTERSECTION,ANGLE_FRONT_TO_SIDE,PHOENIX,2009-10-13 07:20:00,INATTENTION_DISTRACTION,NO_IMPROPER_ACTION
2349594,2,OTHER_97,-111.648967091021,35.2007503055889,1,NOT_AT_INTERSECTION_0,OTHER_97,FLAGSTAFF,2009-10-06 08:08:00,NO_IMPROPER_ACTION,NOT_APPLICABLE_MINUS_1+NOT_APPLICABLE_MINUS_1+INATTENTION_DISTRACTION+NOT_APPLICABLE_MINUS_1
2349699,2,SIDESWIPE_SAME_DIRECTION,-111.995463797939,33.3380704801523,3,T_INTERSECTION,SIDESWIPE_SAME_DIRECTION,PHOENIX,2009-10-08 08:07:00,SPEED_TOO_FAST_FOR_CONDITIONS,NO_IMPROPER_ACTION
2349705,2,ANGLE_FRONT_TO_SIDE,-111.980331350962,33.3054403755468,3,FOUR_WAY_INTERSECTION,ANGLE_FRONT_TO_SIDE,PHOENIX,2009-10-08 10:23:00,FAILED_TO_YIELD_RIGHT_OF_WAY_103,NO_IMPROPER_ACTION
2349786,2,OTHER_97,-112.099579506016,33.5354503064612,2,NOT_AT_INTERSECTION_0,OTHER_97,PHOENIX,2009-10-10 13:00:00,DROVE_RODE_IN_OPPOSING_TRAFFIC_LANE,NO_IMPROPER_ACTION
2349921,2,ANGLE_FRONT_TO_SIDE,-112.049491188747,33.5092087637844,3,NOT_AT_INTERSECTION_0,ANGLE_FRONT_TO_SIDE,PHOENIX,2009-10-18 12:56:00,NO_IMPROPER_ACTION,FAILED_TO_YIELD_RIGHT_OF_WAY_103
2349930,2,OTHER_97,-112.880659302419,32.5175327068634,1,NOT_AT_INTERSECTION_0,OTHER_97,UNSPECIFIED_999,2009-10-21 18:51:00,UNKNOWN_99,UNKNOWN_99
2349949,2,ANGLE_FRONT_TO_SIDE,-112.091100211945,33.5109989662727,4,NOT_AT_INTERSECTION_0,ANGLE_FRONT_TO_SIDE,PHOENIX,2009-10-16 08:43:00,OTHER_97,NO_IMPROPER_ACTION
2350153,2,ANGLE_FRONT_TO_SIDE,-112.091228865761,33.4564157847358,3,NOT_AT_INTERSECTION_0,ANGLE_FRONT_TO_SIDE,PHOENIX,2009-10-18 11:15:00,OTHER_97,NOT_APPLICABLE_MINUS_1+NO_IMPROPER_ACTION
2350188,2,ANGLE_FRONT_TO_SIDE,-112.038938212489,33.5056494720537,4,FOUR_WAY_INTERSECTION,ANGLE_FRONT_TO_SIDE,PHOENIX,2009-10-14 16:49:00,NO_IMPROPER_ACTION,FAILED_TO_YIELD_RIGHT_OF_WAY_103
2350246,2,ANGLE_FRONT_TO_SIDE,-111.995569485865,33.466955852675,3,NOT_AT_INTERSECTION_0,ANGLE_FRONT_TO_SIDE,PHOENIX,2009-10-16 17:32:00,MADE_IMPROPER_TURN,NO_IMPROPER_ACTION
2350254,2,ANGLE_FRONT_TO_SIDE,-112.001251601847,33.6126262280215,2,FOUR_WAY_INTERSECTION,ANGLE_FRONT_TO_SIDE,PHOENIX,2009-10-15 18:57:00,OTHER_97,FAILED_TO_YIELD_RIGHT_OF_WAY_103
2350262,2,LEFT_TURN,-111.839603184714,33.4557447820026,1,INTERSECTION_AS_PART_OF_INTERCHANGE,LEFT_TURN,MESA,2009-10-15 08:00:00,DROVE_RODE_IN_OPPOSING_TRAFFIC_LANE,NO_IMPROPER_ACTION
2350266,2,LEFT_TURN,-112.065108906314,33.4657862797287,2,NOT_AT_INTERSECTION_0,LEFT_TURN,PHOENIX,2009-10-16 14:00:00,NO_IMPROPER_ACTION,NO_IMPROPER_ACTION
2350346,2,SIDESWIPE_SAME_DIRECTION,-112.073475193162,33.567715565436,2,NOT_AT_INTERSECTION_0,SIDESWIPE_SAME_DIRECTION,PHOENIX,2009-10-21 20:50:00,KNOWINGLY_OPERATED_WITH_FAULTY_MISSING_EQUIPMENT,NO_IMPROPER_ACTION
2350727,2,SIDESWIPE_SAME_DIRECTION,-111.832829451046,33.3039182871763,4,T_INTERSECTION,SIDESWIPE_SAME_DIRECTION,CHANDLER,2009-10-23 19:37:00,OTHER_97,NOT_APPLICABLE_MINUS_1+NO_IMPROPER_ACTION
2350754,2,ANGLE_FRONT_TO_SIDE,0,0,3,T_INTERSECTION,ANGLE_FRONT_TO_SIDE,UNSPECIFIED_999,2009-10-01 11:00:00,NO_IMPROPER_ACTION,FAILED_TO_YIELD_RIGHT_OF_WAY_103
2350840,2,ANGLE_FRONT_TO_SIDE,-111.939622729743,33.3943025683909,3,NOT_AT_INTERSECTION_0,ANGLE_FRONT_TO_SIDE,TEMPE,2009-10-05 17:36:00,NO_IMPROPER_ACTION,FAILED_TO_YIELD_RIGHT_OF_WAY_103
2350850,2,ANGLE_FRONT_TO_SIDE,-111.947300411583,33.421924604752,2,T_INTERSECTION,ANGLE_FRONT_TO_SIDE,TEMPE,2009-10-05 16:38:00,DROVE_RODE_IN_OPPOSING_TRAFFIC_LANE,NO_IMPROPER_ACTION
2350853,2,LEFT_TURN,-112.125346513461,33.5963874233865,2,FOUR_WAY_INTERSECTION,LEFT_TURN,PHOENIX,2009-10-30 07:51:00,NO_IMPROPER_ACTION,NOT_APPLICABLE_MINUS_1+FAILED_TO_YIELD_RIGHT_OF_WAY_103+NOT_APPLICABLE_MINUS_1
2350854,2,HEAD_ON,-112.069358196031,33.4647665761099,2,NOT_AT_INTERSECTION_0,HEAD_ON,PHOENIX,2009-10-15 17:16:00,INATTENTION_DISTRACTION,NO_IMPROPER_ACTION+NOT_APPLICABLE_MINUS_1
2350957,2,ANGLE_FRONT_TO_SIDE,-112.099724103453,33.6473903263998,2,T_INTERSECTION,ANGLE_FRONT_TO_SIDE,PHOENIX,2009-10-26 16:24:00,OTHER_97,NO_IMPROPER_ACTION
2350969,2,OTHER_97,-110.986390920058,31.9056762042059,3,FOUR_WAY_INTERSECTION,OTHER_97,SAHUARITA,2009-10-11 22:38:00,DROVE_RODE_IN_OPPOSING_TRAFFIC_LANE,DISREGARDED_TRAFFIC_SIGNAL+NOT_APPLICABLE_MINUS_1
2350980,2,ANGLE_FRONT_TO_SIDE,-110.951005529196,32.2284362024977,3,NOT_AT_INTERSECTION_0,ANGLE_FRONT_TO_SIDE,TUCSON,2009-10-08 12:26:00,INATTENTION_DISTRACTION,NO_IMPROPER_ACTION
2351023,2,OTHER_97,-112.099416495758,33.6400996884525,2,FOUR_WAY_INTERSECTION,OTHER_97,PHOENIX,2009-10-24 09:28:00,NO_IMPROPER_ACTION,FAILED_TO_YIELD_RIGHT_OF_WAY_103
2351050,2,SIDESWIPE_SAME_DIRECTION,-111.824220859986,33.304236426532,2,NOT_AT_INTERSECTION_0,SIDESWIPE_SAME_DIRECTION,CHANDLER,2009-10-22 18:01:00,NO_IMPROPER_ACTION,INATTENTION_DISTRACTION
2351054,2,ANGLE_FRONT_TO_SIDE,-112.134205562676,33.563882674041,3,T_INTERSECTION,ANGLE_FRONT_TO_SIDE,PHOENIX,2009-10-25 10:27:00,NO_IMPROPER_ACTION,INATTENTION_DISTRACTION
2351076,2,ANGLE_FRONT_TO_SIDE,0,0,3,FOUR_WAY_INTERSECTION,ANGLE_FRONT_TO_SIDE,UNSPECIFIED_999,2009-10-08 07:22:00,DROVE_RODE_IN_OPPOSING_TRAFFIC_LANE,NOT_APPLICABLE_MINUS_1+SPEED_TOO_FAST_FOR_CONDITIONS
2351102,2,OTHER_97,-110.028625052007,34.2508057942353,2,NOT_AT_INTERSECTION_0,OTHER_97,SHOW LOW,2009-10-06 10:45:00,NO_IMPROPER_ACTION,FAILED_TO_YIELD_RIGHT_OF_WAY_103
2351117,2,ANGLE_FRONT_TO_SIDE,0,0,3,FOUR_WAY_INTERSECTION,ANGLE_FRONT_TO_SIDE,YUMA,2009-10-08 12:28:00,INATTENTION_DISTRACTION,NOT_APPLICABLE_MINUS_1+NO_IMPROPER_ACTION+NOT_APPLICABLE_MINUS_1
2351129,2,LEFT_TURN,0,0,2,FOUR_WAY_INTERSECTION,LEFT_TURN,UNSPECIFIED_999,2009-10-12 17:11:00,NO_IMPROPER_ACTION,FAILED_TO_YIELD_RIGHT_OF_WAY_103
2351194,2,SIDESWIPE_SAME_DIRECTION,-112.14745707383,33.465943428898,3,FOUR_WAY_INTERSECTION,SIDESWIPE_SAME_DIRECTION,PHOENIX,2009-10-06 09:40:00,OTHER_97,RAN_STOP_SIGN
2351212,2,ANGLE_FRONT_TO_SIDE,-111.756293741151,33.3501221878555,2,NOT_AT_INTERSECTION_0,ANGLE_FRONT_TO_SIDE,GILBERT,2009-10-05 16:04:00,NO_IMPROPER_ACTION,NO_IMPROPER_ACTION
2351240,2,ANGLE_FRONT_TO_SIDE,-111.859669867522,33.3715052643927,3,FOUR_WAY_INTERSECTION,ANGLE_FRONT_TO_SIDE,MESA,2009-10-06 15:10:00,DISREGARDED_TRAFFIC_SIGNAL,NO_IMPROPER_ACTION+NOT_APPLICABLE_MINUS_1+NOT_APPLICABLE_MINUS_1
2351273,2,ANGLE_FRONT_TO_SIDE,-111.720681463583,33.2776712543392,2,FOUR_WAY_INTERSECTION,ANGLE_FRONT_TO_SIDE,GILBERT,2009-10-10 14:35:00,WALKED_ON_WRONG_SIDE_OF_ROAD,FAILED_TO_YIELD_RIGHT_OF_WAY_103
2351317,2,ANGLE_FRONT_TO_SIDE,-112.246334041732,33.580891748905,3,FOUR_WAY_INTERSECTION,ANGLE_FRONT_TO_SIDE,PEORIA,2009-10-14 16:00:00,NO_IMPROPER_ACTION,FAILED_TO_YIELD_RIGHT_OF_WAY_103
2351357,2,SIDESWIPE_SAME_DIRECTION,-111.909101224315,33.4081916217183,3,NOT_AT_INTERSECTION_0,SIDESWIPE_SAME_DIRECTION,TEMPE,2009-10-11 19:20:00,NO_IMPROPER_ACTION,INATTENTION_DISTRACTION
2351362,2,ANGLE_FRONT_TO_SIDE,-112.09131300896,33.4949207649466,1,FOUR_WAY_INTERSECTION,ANGLE_FRONT_TO_SIDE,PHOENIX,2009-10-21 19:18:00,DISREGARDED_TRAFFIC_SIGNAL,NO_IMPROPER_ACTION
2351386,2,SIDESWIPE_SAME_DIRECTION,-111.917917000085,33.4424616153827,4,NOT_AT_INTERSECTION_0,SIDESWIPE_SAME_DIRECTION,TEMPE,2009-10-12 07:24:00,MADE_IMPROPER_TURN,NO_IMPROPER_ACTION
2351405,2,ANGLE_FRONT_TO_SIDE,-111.951995965622,33.378205324761,2,NOT_AT_INTERSECTION_0,ANGLE_FRONT_TO_SIDE,TEMPE,2009-10-11 11:38:00,NO_IMPROPER_ACTION,FAILED_TO_YIELD_RIGHT_OF_WAY_103
2351451,2,ANGLE_FRONT_TO_SIDE,0,0,2,FOUR_WAY_INTERSECTION,ANGLE_FRONT_TO_SIDE,SCOTTSDALE,2009-10-08 05:59:00,FAILED_TO_YIELD_RIGHT_OF_WAY_103,NO_IMPROPER_ACTION
2351458,2,ANGLE_FRONT_TO_SIDE,0,0,3,NOT_AT_INTERSECTION_0,ANGLE_FRONT_TO_SIDE,TEMPE,2009-10-15 18:17:00,OTHER_97,NO_IMPROPER_ACTION
2351599,2,LEFT_TURN,-111.865854546616,33.3967536052596,3,T_INTERSECTION,LEFT_TURN,MESA,2009-10-02 15:39:00,OTHER_97,NO_IMPROPER_ACTION
2351633,2,ANGLE_FRONT_TO_SIDE,-112.047531669521,33.5159124880661,2,NOT_AT_INTERSECTION_0,ANGLE_FRONT_TO_SIDE,PHOENIX,2009-10-29 16:55:00,OTHER_97,NO_IMPROPER_ACTION
2351703,2,ANGLE_FRONT_TO_SIDE,-111.890707012119,33.3784654809947,3,FOUR_WAY_INTERSECTION,ANGLE_FRONT_TO_SIDE,MESA,2009-10-14 16:24:00,UNKNOWN_99,NO_IMPROPER_ACTION
2351707,2,UNKNOWN_99,-111.840490186943,33.3932509727232,3,NOT_AT_INTERSECTION_0,UNKNOWN_99,MESA,2009-10-02 07:28:00,UNKNOWN_99,UNKNOWN_99
2351748,2,OTHER_97,-112.121335400979,33.6397479416198,2,FOUR_WAY_INTERSECTION,OTHER_97,PHOENIX,2009-10-24 21:27:00,FAILED_TO_YIELD_RIGHT_OF_WAY_103,NO_IMPROPER_ACTION
2351892,2,SIDESWIPE_SAME_DIRECTION,-111.684568433602,33.4085774028806,3,FOUR_WAY_INTERSECTION,SIDESWIPE_SAME_DIRECTION,MESA,2009-10-05 13:50:00,INATTENTION_DISTRACTION,FAILED_TO_YIELD_RIGHT_OF_WAY_103
2351909,2,REAR_END,-111.646865014328,33.4078110986107,4,NOT_AT_INTERSECTION_0,REAR_END,MESA,2009-10-03 00:34:00,NO_IMPROPER_ACTION,SPEED_TOO_FAST_FOR_CONDITIONS
2351918,2,ANGLE_FRONT_TO_SIDE,-111.661573282541,35.1886290880311,2,NOT_AT_INTERSECTION_0,ANGLE_FRONT_TO_SIDE,FLAGSTAFF,2009-10-15 11:47:00,OTHER_97,FAILED_TO_YIELD_RIGHT_OF_WAY_103
2351927,2,ANGLE_FRONT_TO_SIDE,-112.099663248994,33.5593559234726,2,NOT_AT_INTERSECTION_0,ANGLE_FRONT_TO_SIDE,PHOENIX,2009-10-09 19:22:00,OTHER_97,NOT_APPLICABLE_MINUS_1+FAILED_TO_YIELD_RIGHT_OF_WAY_103+NOT_APPLICABLE_MINUS_1
2351938,2,ANGLE_FRONT_TO_SIDE,-112.099687863025,33.5539077260695,3,NOT_AT_INTERSECTION_0,ANGLE_FRONT_TO_SIDE,PHOENIX,2009-10-27 08:58:00,OTHER_97,UNKNOWN_99
2352002,2,ANGLE_FRONT_TO_SIDE,-112.065150579046,33.4766099057786,1,FOUR_WAY_INTERSECTION,ANGLE_FRONT_TO_SIDE,PHOENIX,2009-10-16 09:24:00,DISREGARDED_TRAFFIC_SIGNAL,NO_IMPROPER_ACTION
2352005,2,OTHER_97,-111.930814935191,33.5021394818388,3,FOUR_WAY_INTERSECTION,OTHER_97,SCOTTSDALE,2009-10-19 06:55:00,NO_IMPROPER_ACTION,FAILED_TO_YIELD_RIGHT_OF_WAY_103
2352023,2,OTHER_97,-111.649666599056,35.1937255472849,3,FOUR_WAY_INTERSECTION,OTHER_97,FLAGSTAFF,2009-10-16 14:43:00,NO_IMPROPER_ACTION,FAILED_TO_YIELD_RIGHT_OF_WAY_103
2352127,2,ANGLE_FRONT_TO_SIDE,-110.952455793436,32.2373146486059,3,FOUR_WAY_INTERSECTION,ANGLE_FRONT_TO_SIDE,TUCSON,2009-10-01 11:00:00,FAILED_TO_YIELD_RIGHT_OF_WAY_103,NO_IMPROPER_ACTION
2352159,2,REAR_END,-112.058962855868,33.451489524187,1,FOUR_WAY_INTERSECTION,REAR_END,PHOENIX,2009-10-04 14:10:00,UNKNOWN_99,INATTENTION_DISTRACTION
2352341,2,OTHER_97,-112.047812552796,33.4228458693933,3,NOT_AT_INTERSECTION_0,OTHER_97,PHOENIX,2009-09-30 11:08:00,OTHER_97,INATTENTION_DISTRACTION
2352345,2,ANGLE_FRONT_TO_SIDE,-112.118117924918,33.7982762039562,2,FOUR_WAY_INTERSECTION,ANGLE_FRONT_TO_SIDE,PHOENIX,2009-09-12 08:28:00,FAILED_TO_YIELD_RIGHT_OF_WAY_103,NO_IMPROPER_ACTION
2352356,2,REAR_END,-111.853158575347,33.571790983324,3,NOT_AT_INTERSECTION_0,REAR_END,SCOTTSDALE,2009-10-13 10:28:00,NO_IMPROPER_ACTION,SPEED_TOO_FAST_FOR_CONDITIONS
2352384,2,ANGLE_FRONT_TO_SIDE,-111.9001990048,33.527584013062,2,FOUR_WAY_INTERSECTION,ANGLE_FRONT_TO_SIDE,SCOTTSDALE,2009-10-02 15:01:00,RAN_STOP_SIGN,NO_IMPROPER_ACTION
2352399,2,ANGLE_FRONT_TO_SIDE,-111.689555078349,33.3793379286665,2,T_INTERSECTION,ANGLE_FRONT_TO_SIDE,GILBERT,2009-10-21 16:00:00,FAILED_TO_YIELD_RIGHT_OF_WAY_103,NO_IMPROPER_ACTION
2352452,2,OTHER_97,-111.770760689067,33.4518113962469,3,FOUR_WAY_INTERSECTION,OTHER_97,MESA,2009-10-20 08:17:00,NO_IMPROPER_ACTION,FAILED_TO_YIELD_RIGHT_OF_WAY_103
2352462,2,ANGLE_FRONT_TO_SIDE,0,0,3,T_INTERSECTION,ANGLE_FRONT_TO_SIDE,TEMPE,2009-10-02 16:13:00,DROVE_RODE_IN_OPPOSING_TRAFFIC_LANE,OTHER_97
2352500,2,LEFT_TURN,-111.732129486579,33.4154152253317,2,T_INTERSECTION,LEFT_TURN,MESA,2009-10-14 14:31:00,DROVE_RODE_IN_OPPOSING_TRAFFIC_LANE,NO_IMPROPER_ACTION
2352553,2,OTHER_97,-112.241990323831,33.6381241837814,1,FOUR_WAY_INTERSECTION,OTHER_97,PEORIA,2009-10-01 18:08:00,FAILED_TO_YIELD_RIGHT_OF_WAY_103,INATTENTION_DISTRACTION
2352616,2,ANGLE_FRONT_TO_SIDE,-111.703738194216,33.2926442782998,2,T_INTERSECTION,ANGLE_FRONT_TO_SIDE,GILBERT,2009-10-13 16:01:00,NO_IMPROPER_ACTION,FAILED_TO_YIELD_RIGHT_OF_WAY_103
2352766,2,OTHER_97,-111.910060283659,33.4219792631109,3,NOT_AT_INTERSECTION_0,OTHER_97,TEMPE,2009-10-15 18:53:00,OTHER_97,NO_IMPROPER_ACTION
2352773,2,ANGLE_FRONT_TO_SIDE,-111.917689251265,33.4218790305408,1,T_INTERSECTION,ANGLE_FRONT_TO_SIDE,TEMPE,2009-10-08 08:50:00,FAILED_TO_YIELD_RIGHT_OF_WAY_103,NO_IMPROPER_ACTION
2352803,2,ANGLE_FRONT_TO_SIDE,-111.939690985787,33.4001010300393,3,FOUR_WAY_INTERSECTION,ANGLE_FRONT_TO_SIDE,TEMPE,2009-10-21 16:53:00,NO_IMPROPER_ACTION,FAILED_TO_YIELD_RIGHT_OF_WAY_103
2352807,2,ANGLE_FRONT_TO_SIDE,-111.926290404946,33.4128940489221,2,FOUR_WAY_INTERSECTION,ANGLE_FRONT_TO_SIDE,TEMPE,2009-10-22 00:11:00,NO_IMPROPER_ACTION,FAILED_TO_YIELD_RIGHT_OF_WAY_103
2352829,2,OTHER_97,-111.685066503498,33.3839636433057,1,FOUR_WAY_INTERSECTION,OTHER_97,MESA,2009-10-01 10:30:00,UNKNOWN_99,INATTENTION_DISTRACTION
2352843,2,ANGLE_FRONT_TO_SIDE,-111.896047520827,33.4876022875341,3,T_INTERSECTION,ANGLE_FRONT_TO_SIDE,SCOTTSDALE,2009-10-08 14:21:00,DROVE_RODE_IN_OPPOSING_TRAFFIC_LANE,FAILED_TO_YIELD_RIGHT_OF_WAY_103
2352863,2,ANGLE_FRONT_TO_SIDE,-111.961574599954,33.3782540949388,1,NOT_AT_INTERSECTION_0,ANGLE_FRONT_TO_SIDE,TEMPE,2009-10-15 09:03:00,FAILED_TO_YIELD_RIGHT_OF_WAY_103,NO_IMPROPER_ACTION+NOT_APPLICABLE_MINUS_1+NOT_APPLICABLE_MINUS_1+NOT_APPLICABLE_MINUS_1