IncidentID,num_vehicles_involved,eCollisionManner,Longitude,Latitude,InjurySeverity,eIntersectionType,eCollisionManner,city_name,IncidentDateTime,cyclist_citations,driver_citations
2352864,2,ANGLE_FRONT_TO_SIDE,0,0,3,NOT_AT_INTERSECTION_0,ANGLE_FRONT_TO_SIDE,TEMPE,2009-10-23 12:58:00,NO_IMPROPER_ACTION,FAILED_TO_YIELD_RIGHT_OF_WAY_103
2352948,2,ANGLE_FRONT_TO_SIDE,-112.116380010706,33.581932114426,4,INTERSECTION_AS_PART_OF_INTERCHANGE,ANGLE_FRONT_TO_SIDE,PHOENIX,2009-10-25 11:39:00,NO_IMPROPER_ACTION,DISREGARDED_TRAFFIC_SIGNAL
2352998,2,ANGLE_FRONT_TO_SIDE,-111.824293695516,33.3352218191569,3,TRAFFIC_CIRCLE,ANGLE_FRONT_TO_SIDE,CHANDLER,2009-10-08 16:10:00,DROVE_RODE_IN_OPPOSING_TRAFFIC_LANE,NO_IMPROPER_ACTION
2353004,2,ANGLE_FRONT_TO_SIDE,-111.928934604139,33.4203443815031,3,T_INTERSECTION,ANGLE_FRONT_TO_SIDE,TEMPE,2009-10-18 13:58:00,RAN_STOP_SIGN,RAN_STOP_SIGN
2353027,2,LEFT_TURN,-112.290151730297,33.4880689439861,3,FOUR_WAY_INTERSECTION,LEFT_TURN,AVONDALE,2009-10-21 07:11:00,OTHER_97,INATTENTION_DISTRACTION
2353031,2,ANGLE_FRONT_TO_SIDE,-111.926290662019,33.4142957421666,3,NOT_AT_INTERSECTION_0,ANGLE_FRONT_TO_SIDE,TEMPE,2009-10-17 12:52:00,DROVE_RODE_IN_OPPOSING_TRAFFIC_LANE,NO_IMPROPER_ACTION
2353053,2,OTHER_97,-111.776352760309,34.8395909093081,3,FOUR_WAY_INTERSECTION,OTHER_97,SEDONA,2009-10-01 13:13:00,RAN_STOP_SIGN,NO_IMPROPER_ACTION+NOT_APPLICABLE_MINUS_1
2353067,2,ANGLE_FRONT_TO_SIDE,-111.928934604139,33.4203443815031,2,T_INTERSECTION,ANGLE_FRONT_TO_SIDE,TEMPE,2009-10-25 15:04:00,RAN_STOP_SIGN,RAN_STOP_SIGN
2353113,2,HEAD_ON,0,0,4,T_INTERSECTION,HEAD_ON,UNSPECIFIED_999,2009-10-08 11:59:00,DROVE_RODE_IN_OPPOSING_TRAFFIC_LANE,NO_IMPROPER_ACTION
2353114,2,ANGLE_FRONT_TO_SIDE,0,0,3,NOT_AT_INTERSECTION_0,ANGLE_FRONT_TO_SIDE,TEMPE,2009-10-19 17:40:00,NO_IMPROPER_ACTION,FAILED_TO_YIELD_RIGHT_OF_WAY_103
2353125,2,ANGLE_FRONT_TO_SIDE,-111.917694244108,33.4075295314405,2,FOUR_WAY_INTERSECTION,ANGLE_FRONT_TO_SIDE,TEMPE,2009-10-22 10:21:00,NO_IMPROPER_ACTION,FAILED_TO_YIELD_RIGHT_OF_WAY_103
2353136,2,ANGLE_FRONT_TO_SIDE,-111.939577768407,33.3920851163757,2,NOT_AT_INTERSECTION_0,ANGLE_FRONT_TO_SIDE,TEMPE,2009-10-22 11:42:00,FAILED_TO_YIELD_RIGHT_OF_WAY_103,NO_IMPROPER_ACTION
2353158,2,OTHER_97,-112.237817905994,33.6814867985855,2,FOUR_WAY_INTERSECTION,OTHER_97,PEORIA,2009-10-29 14:53:00,NO_IMPROPER_ACTION,FAILED_TO_YIELD_RIGHT_OF_WAY_103
2353180,2,ANGLE_FRONT_TO_SIDE,-111.928407331272,33.3637893144265,3,FOUR_WAY_INTERSECTION,ANGLE_FRONT_TO_SIDE,TEMPE,2009-10-18 07:09:00,NO_IMPROPER_ACTION,FAILED_TO_YIELD_RIGHT_OF_WAY_103
2353239,2,ANGLE_FRONT_TO_SIDE,-111.927928198452,33.4147645552982,2,NOT_AT_INTERSECTION_0,ANGLE_FRONT_TO_SIDE,TEMPE,2009-10-05 16:22:00,DROVE_RODE_IN_OPPOSING_TRAFFIC_LANE,NO_IMPROPER_ACTION
2353372,2,OTHER_97,-111.643383318461,35.1925501282555,3,T_INTERSECTION,OTHER_97,FLAGSTAFF,2009-10-21 13:31:00,FAILED_TO_YIELD_RIGHT_OF_WAY_103,NO_IMPROPER_ACTION
2353387,2,REAR_END,-111.652593998403,35.1944255925619,3,NOT_AT_INTERSECTION_0,REAR_END,FLAGSTAFF,2009-10-19 12:09:00,FAILED_TO_YIELD_RIGHT_OF_WAY_103,NO_IMPROPER_ACTION
2353440,2,SIDESWIPE_SAME_DIRECTION,-111.651045147549,35.1960626743335,1,NOT_AT_INTERSECTION_0,SIDESWIPE_SAME_DIRECTION,FLAGSTAFF,2009-10-23 15:32:00,FAILED_TO_KEEP_IN_PROPER_LANE,FAILED_TO_YIELD_RIGHT_OF_WAY_103
2353442,2,LEFT_TURN,-110.995778937937,32.4097747138254,3,FOUR_WAY_INTERSECTION,LEFT_TURN,ORO VALLEY,2009-10-16 16:53:00,NO_IMPROPER_ACTION,INATTENTION_DISTRACTION
2353468,2,REAR_END,-110.968937210387,32.4589277742045,3,NOT_AT_INTERSECTION_0,REAR_END,ORO VALLEY,2009-10-12 08:48:00,NO_IMPROPER_ACTION,NO_IMPROPER_ACTION
2353481,2,SIDESWIPE_SAME_DIRECTION,-111.649249217415,35.19860094238,2,NOT_AT_INTERSECTION_0,SIDESWIPE_SAME_DIRECTION,FLAGSTAFF,2009-10-24 13:11:00,NO_IMPROPER_ACTION,OTHER_97
2353490,2,SIDESWIPE_SAME_DIRECTION,-111.866186742757,33.5732335004179,1,NOT_AT_INTERSECTION_0,SIDESWIPE_SAME_DIRECTION,SCOTTSDALE,2009-10-24 11:30:00,UNKNOWN_99,UNKNOWN_99
2353495,2,REAR_END,-111.924872694559,33.5021895185626,3,NOT_AT_INTERSECTION_0,REAR_END,SCOTTSDALE,2009-10-24 02:35:00,NO_IMPROPER_ACTION+NOT_APPLICABLE_MINUS_1+NOT_APPLICABLE_MINUS_1+NOT_APPLICABLE_MINUS_1,INATTENTION_DISTRACTION
2353547,2,ANGLE_FRONT_TO_SIDE,-110.965638324896,32.4295118284942,2,T_INTERSECTION,ANGLE_FRONT_TO_SIDE,ORO VALLEY,2009-10-06 07:05:00,NO_IMPROPER_ACTION,INATTENTION_DISTRACTION
2353571,2,ANGLE_FRONT_TO_SIDE,-111.014390159906,32.3372693985535,3,T_INTERSECTION,ANGLE_FRONT_TO_SIDE,UNSPECIFIED_999,2009-10-08 18:39:00,NO_IMPROPER_ACTION,NOT_APPLICABLE_MINUS_1+INATTENTION_DISTRACTION
2353640,2,ANGLE_FRONT_TO_SIDE,-111.789922223141,33.3660947807351,2,NOT_AT_INTERSECTION_0,ANGLE_FRONT_TO_SIDE,GILBERT,2009-10-29 17:14:00,NO_IMPROPER_ACTION,FAILED_TO_YIELD_RIGHT_OF_WAY_103
2353694,2,ANGLE_FRONT_TO_SIDE,-111.878331390164,33.6115598431244,2,FOUR_WAY_INTERSECTION,ANGLE_FRONT_TO_SIDE,SCOTTSDALE,2009-10-26 07:20:00,NO_IMPROPER_ACTION,FAILED_TO_YIELD_RIGHT_OF_WAY_103
2353700,2,OTHER_97,-112.13461717455,33.4586562614513,4,FOUR_WAY_INTERSECTION,OTHER_97,PHOENIX,2009-10-23 17:24:00,DISREGARDED_TRAFFIC_SIGNAL,NOT_APPLICABLE_MINUS_1+NOT_APPLICABLE_MINUS_1+NO_IMPROPER_ACTION+NOT_APPLICABLE_MINUS_1
2353717,2,ANGLE_FRONT_TO_SIDE,-111.960827258932,33.4219342468359,1,FOUR_WAY_INTERSECTION,ANGLE_FRONT_TO_SIDE,TEMPE,2009-10-24 18:11:00,DISREGARDED_TRAFFIC_SIGNAL,NO_IMPROPER_ACTION
2353796,2,ANGLE_FRONT_TO_SIDE,-111.876430168549,33.349465059877,2,FOUR_WAY_INTERSECTION,ANGLE_FRONT_TO_SIDE,CHANDLER,2009-10-31 13:14:00,OTHER_97,NOT_APPLICABLE_MINUS_1+FAILED_TO_YIELD_RIGHT_OF_WAY_103
2354127,2,ANGLE_FRONT_TO_SIDE,0,0,2,UNKNOWN_99,ANGLE_FRONT_TO_SIDE,GILBERT,2009-10-21 15:00:00,DID_NOT_USE_CROSSWALK,OTHER_97
2354215,2,LEFT_TURN,-111.805405873477,33.4005950668841,3,FOUR_WAY_INTERSECTION,LEFT_TURN,MESA,2009-10-27 05:32:00,DROVE_RODE_IN_OPPOSING_TRAFFIC_LANE,NO_IMPROPER_ACTION
2354258,2,OTHER_97,-112.271254670313,33.638097908821,3,T_INTERSECTION,OTHER_97,UNSPECIFIED_999,2009-10-15 18:35:00,DROVE_RODE_IN_OPPOSING_TRAFFIC_LANE,INATTENTION_DISTRACTION+NOT_APPLICABLE_MINUS_1
2354309,2,LEFT_TURN,-111.863826367649,33.4148192169349,1,FOUR_WAY_INTERSECTION,LEFT_TURN,MESA,2009-10-08 16:55:00,DROVE_RODE_IN_OPPOSING_TRAFFIC_LANE,NO_IMPROPER_ACTION
2354354,2,OTHER_97,0,0,4,T_INTERSECTION,OTHER_97,UNSPECIFIED_999,2009-10-12 16:20:00,NOT_APPLICABLE_MINUS_1+NO_IMPROPER_ACTION,INATTENTION_DISTRACTION
2354357,2,REAR_END,-111.644419004328,33.3647145848649,3,NOT_AT_INTERSECTION_0,REAR_END,MESA,2009-10-06 06:00:00,NO_IMPROPER_ACTION,UNKNOWN_99+NOT_APPLICABLE_MINUS_1
2354371,2,LEFT_TURN,0,0,2,T_INTERSECTION,LEFT_TURN,UNSPECIFIED_999,2009-10-22 12:26:00,DROVE_RODE_IN_OPPOSING_TRAFFIC_LANE,NO_IMPROPER_ACTION
2354379,2,ANGLE_FRONT_TO_SIDE,0,0,1,FOUR_WAY_INTERSECTION,ANGLE_FRONT_TO_SIDE,GILBERT,2009-10-10 10:56:00,NO_IMPROPER_ACTION,NO_IMPROPER_ACTION+NOT_APPLICABLE_MINUS_1
2354445,2,ANGLE_FRONT_TO_SIDE,-111.822942240136,33.4222176730028,2,NOT_AT_INTERSECTION_0,ANGLE_FRONT_TO_SIDE,MESA,2009-10-26 16:30:00,DID_NOT_USE_CROSSWALK,NO_IMPROPER_ACTION
2354462,2,LEFT_TURN,0,0,3,NOT_AT_INTERSECTION_0,LEFT_TURN,UNSPECIFIED_999,2009-10-28 07:53:00,INATTENTION_DISTRACTION,NO_IMPROPER_ACTION
2354513,2,ANGLE_FRONT_TO_SIDE,-111.942410753546,33.4219284958379,1,FOUR_WAY_INTERSECTION,ANGLE_FRONT_TO_SIDE,TEMPE,2009-10-30 10:55:00,NO_IMPROPER_ACTION,FAILED_TO_YIELD_RIGHT_OF_WAY_103
2354542,2,LEFT_TURN,-111.940020002407,33.4253618027272,2,FOUR_WAY_INTERSECTION,LEFT_TURN,TEMPE,2009-10-27 16:26:00,NO_IMPROPER_ACTION,FAILED_TO_YIELD_RIGHT_OF_WAY_103
2354556,2,OTHER_97,-111.961113245248,33.4314344464026,4,NOT_AT_INTERSECTION_0,OTHER_97,TEMPE,2009-10-25 09:03:00,NO_IMPROPER_ACTION,NOT_APPLICABLE_MINUS_1+INATTENTION_DISTRACTION
2354670,2,OTHER_97,-111.077988306207,32.3702377571044,2,NOT_AT_INTERSECTION_0,OTHER_97,UNSPECIFIED_999,2009-10-21 14:07:00,INATTENTION_DISTRACTION,NO_IMPROPER_ACTION+NOT_APPLICABLE_MINUS_1
2354799,2,ANGLE_FRONT_TO_SIDE,-111.874580447732,33.4032181514555,3,NOT_AT_INTERSECTION_0,ANGLE_FRONT_TO_SIDE,MESA,2009-10-31 19:46:00,DROVE_RODE_IN_OPPOSING_TRAFFIC_LANE,NO_IMPROPER_ACTION
2354805,2,ANGLE_FRONT_TO_SIDE,-111.68612191138,33.2710299301542,4,FOUR_WAY_INTERSECTION,ANGLE_FRONT_TO_SIDE,GILBERT,2009-10-15 16:59:00,DISREGARDED_TRAFFIC_SIGNAL,NO_IMPROPER_ACTION
2354825,2,ANGLE_FRONT_TO_SIDE,0,0,3,FOUR_WAY_INTERSECTION,ANGLE_FRONT_TO_SIDE,MESA,2009-10-30 21:30:00,NOT_APPLICABLE_MINUS_1+DROVE_RODE_IN_OPPOSING_TRAFFIC_LANE,INATTENTION_DISTRACTION
2354851,2,ANGLE_FRONT_TO_SIDE,-110.2776242208,31.5540864817062,3,NOT_AT_INTERSECTION_0,ANGLE_FRONT_TO_SIDE,SIERRA VISTA,2009-10-30 11:27:00,DID_NOT_USE_CROSSWALK,NO_IMPROPER_ACTION
2354853,2,OTHER_97,-111.870348031406,33.3930089041321,3,NOT_AT_INTERSECTION_0,OTHER_97,MESA,2009-10-14 16:55:00,OTHER_97,SPEED_TOO_FAST_FOR_CONDITIONS
2354881,2,ANGLE_FRONT_TO_SIDE,-112.301763123864,33.6033099728095,2,UNKNOWN_99,ANGLE_FRONT_TO_SIDE,YOUNGTOWN,2009-10-21 18:05:00,UNKNOWN_99,UNKNOWN_99
2354908,2,SIDESWIPE_SAME_DIRECTION,-111.781735231684,33.4299409847905,4,T_INTERSECTION,SIDESWIPE_SAME_DIRECTION,MESA,2009-10-29 15:12:00,NO_IMPROPER_ACTION,FAILED_TO_YIELD_RIGHT_OF_WAY_103
2354909,2,ANGLE_FRONT_TO_SIDE,-111.874667239891,33.3930649368015,2,FOUR_WAY_INTERSECTION,ANGLE_FRONT_TO_SIDE,MESA,2009-10-18 13:13:00,DISREGARDED_TRAFFIC_SIGNAL,NO_IMPROPER_ACTION
2354915,2,OTHER_97,-112.396619557681,33.4314737653124,3,T_INTERSECTION,OTHER_97,GOODYEAR,2009-10-27 08:36:00,UNKNOWN_99,UNKNOWN_99
2354954,3,ANGLE_FRONT_TO_SIDE,-111.684796343392,33.3903981885331,3,FOUR_WAY_INTERSECTION,ANGLE_FRONT_TO_SIDE,MESA,2009-10-09 20:11:00,FAILED_TO_KEEP_IN_PROPER_LANE,NO_IMPROPER_ACTION+NO_IMPROPER_ACTION+NOT_APPLICABLE_MINUS_1
2354974,2,ANGLE_FRONT_TO_SIDE,-111.686935424778,33.3793391409431,4,NOT_AT_INTERSECTION_0,ANGLE_FRONT_TO_SIDE,MESA,2009-10-31 12:43:00,DROVE_RODE_IN_OPPOSING_TRAFFIC_LANE,NO_IMPROPER_ACTION
2354990,2,HEAD_ON,-111.874176411634,33.4075247960671,4,UNKNOWN_99,HEAD_ON,MESA,2009-10-28 08:21:00,DROVE_RODE_IN_OPPOSING_TRAFFIC_LANE,INATTENTION_DISTRACTION+NOT_APPLICABLE_MINUS_1
2355001,4,REAR_END,-112.255020437942,33.6743314268369,1,FOUR_WAY_INTERSECTION,REAR_END,PEORIA,2009-10-23 12:45:00,NO_IMPROPER_ACTION,NOT_APPLICABLE_MINUS_1+FOLLOWED_TOO_CLOSELY+FOLLOWED_TOO_CLOSELY+NO_IMPROPER_ACTION
2355027,2,ANGLE_FRONT_TO_SIDE,-111.87359183674,33.3205703048558,1,T_INTERSECTION,ANGLE_FRONT_TO_SIDE,CHANDLER,2009-10-28 12:31:00,FAILED_TO_YIELD_RIGHT_OF_WAY_103,NO_IMPROPER_ACTION
2355048,2,OTHER_97,0,0,3,FOUR_WAY_INTERSECTION,OTHER_97,UNSPECIFIED_999,2009-10-26 08:04:00,OTHER_97,INATTENTION_DISTRACTION
2355085,2,LEFT_TURN,-110.852102346192,32.2466900116418,3,NOT_AT_INTERSECTION_0,LEFT_TURN,TUCSON,2009-10-08 18:13:00,OTHER_97,NOT_APPLICABLE_MINUS_1+NOT_APPLICABLE_MINUS_1+NOT_APPLICABLE_MINUS_1+NO_IMPROPER_ACTION+NOT_APPLICABLE_MINUS_1+NOT_APPLICABLE_MINUS_1
2355131,2,ANGLE_FRONT_TO_SIDE,-110.961082635129,32.2822995194332,3,NOT_AT_INTERSECTION_0,ANGLE_FRONT_TO_SIDE,TUCSON,2009-10-08 09:28:00,NO_IMPROPER_ACTION,NOT_APPLICABLE_MINUS_1+FAILED_TO_YIELD_RIGHT_OF_WAY_103+NOT_APPLICABLE_MINUS_1
2355254,2,ANGLE_FRONT_TO_SIDE,-110.988803998331,32.2720671986101,3,NOT_AT_INTERSECTION_0,ANGLE_FRONT_TO_SIDE,TUCSON,2009-10-01 13:42:00,DROVE_RODE_IN_OPPOSING_TRAFFIC_LANE,NO_IMPROPER_ACTION
2355264,2,ANGLE_FRONT_TO_SIDE,-110.935363497892,32.2427370326026,2,FOUR_WAY_INTERSECTION,ANGLE_FRONT_TO_SIDE,TUCSON,2009-10-01 17:16:00,NO_IMPROPER_ACTION,NO_IMPROPER_ACTION
2355266,2,REAR_END,0,0,3,NOT_AT_INTERSECTION_0,REAR_END,BUCKEYE,2009-10-26 15:17:00,OTHER_97,INATTENTION_DISTRACTION
2355299,2,ANGLE_FRONT_TO_SIDE,-110.954696032439,32.2068858192164,3,FOUR_WAY_INTERSECTION,ANGLE_FRONT_TO_SIDE,TUCSON,2009-10-01 17:25:00,NO_IMPROPER_ACTION,MADE_IMPROPER_TURN
2355341,2,ANGLE_FRONT_TO_SIDE,-111.90451810819,33.3201559790516,4,T_INTERSECTION,ANGLE_FRONT_TO_SIDE,CHANDLER,2009-10-21 12:07:00,DROVE_RODE_IN_OPPOSING_TRAFFIC_LANE,NO_IMPROPER_ACTION
2355366,2,SIDESWIPE_SAME_DIRECTION,-110.891318531969,32.23620428907,4,NOT_AT_INTERSECTION_0,SIDESWIPE_SAME_DIRECTION,TUCSON,2009-10-01 12:52:00,NO_IMPROPER_ACTION,FAILED_TO_YIELD_RIGHT_OF_WAY_103+NOT_APPLICABLE_MINUS_1
2355399,2,SIDESWIPE_SAME_DIRECTION,-110.879531999733,32.2361830382279,3,NOT_AT_INTERSECTION_0,SIDESWIPE_SAME_DIRECTION,TUCSON,2009-10-02 17:52:00,FAILED_TO_YIELD_RIGHT_OF_WAY_103,KNOWINGLY_OPERATED_WITH_FAULTY_MISSING_EQUIPMENT
2355402,2,LEFT_TURN,-111.923748788987,33.3038582305341,2,NOT_AT_INTERSECTION_0,LEFT_TURN,CHANDLER,2009-10-20 16:33:00,FAILED_TO_YIELD_RIGHT_OF_WAY_103,NO_IMPROPER_ACTION
2355424,2,OTHER_97,-110.909582201002,32.2288988937659,3,FOUR_WAY_INTERSECTION,OTHER_97,TUCSON,2009-10-15 15:50:00,NO_IMPROPER_ACTION,FAILED_TO_YIELD_RIGHT_OF_WAY_103
2355425,2,ANGLE_FRONT_TO_SIDE,-110.965519444502,32.2212106979601,3,T_INTERSECTION,ANGLE_FRONT_TO_SIDE,TUCSON,2009-10-03 14:39:00,FAILED_TO_YIELD_RIGHT_OF_WAY_103,NO_IMPROPER_ACTION
2355434,2,ANGLE_FRONT_TO_SIDE,-110.931074821348,32.2360540131461,3,FOUR_WAY_INTERSECTION,ANGLE_FRONT_TO_SIDE,TUCSON,2009-10-09 16:16:00,FAILED_TO_YIELD_RIGHT_OF_WAY_103,NO_IMPROPER_ACTION
2355439,2,ANGLE_FRONT_TO_SIDE,-110.952518912492,32.2478195128664,4,FOUR_WAY_INTERSECTION,ANGLE_FRONT_TO_SIDE,TUCSON,2009-10-02 05:21:00,NO_IMPROPER_ACTION,RAN_STOP_SIGN
2355445,2,ANGLE_FRONT_TO_SIDE,-110.79635542628,32.2037787225176,3,T_INTERSECTION,ANGLE_FRONT_TO_SIDE,TUCSON,2009-10-15 07:31:00,FAILED_TO_KEEP_IN_PROPER_LANE,NO_IMPROPER_ACTION+NOT_APPLICABLE_MINUS_1
2355583,2,ANGLE_FRONT_TO_SIDE,-110.840961975568,32.1931775252093,3,NOT_AT_INTERSECTION_0,ANGLE_FRONT_TO_SIDE,TUCSON,2009-10-16 17:40:00,NO_IMPROPER_ACTION,FAILED_TO_YIELD_RIGHT_OF_WAY_103
2355601,2,LEFT_TURN,0,0,3,NOT_AT_INTERSECTION_0,LEFT_TURN,UNSPECIFIED_999,2009-10-05 19:02:00,FAILED_TO_YIELD_RIGHT_OF_WAY_103,NO_IMPROPER_ACTION
2355635,2,SIDESWIPE_OPPOSITE_DIRECTION,-112.211283673669,33.6926478303804,3,NOT_AT_INTERSECTION_0,SIDESWIPE_OPPOSITE_DIRECTION,GLENDALE,2009-10-09 07:02:00,NO_IMPROPER_ACTION,DROVE_RODE_IN_OPPOSING_TRAFFIC_LANE
2355668,2,OTHER_97,-110.961030925241,32.272251402974,3,NOT_AT_INTERSECTION_0,OTHER_97,TUCSON,2009-10-07 11:57:00,OTHER_97,NO_IMPROPER_ACTION
2355740,2,REAR_END,0,0,3,NOT_AT_INTERSECTION_0,REAR_END,TUCSON,2009-10-18 13:36:00,INATTENTION_DISTRACTION,NO_IMPROPER_ACTION
2355810,2,ANGLE_FRONT_TO_SIDE,-110.956783793495,32.2395930228372,1,FOUR_WAY_INTERSECTION,ANGLE_FRONT_TO_SIDE,TUCSON,2009-10-19 18:41:00,NO_IMPROPER_ACTION,FAILED_TO_YIELD_RIGHT_OF_WAY_103
2355821,2,ANGLE_FRONT_TO_SIDE,-110.97805401475,32.2647545327383,1,T_INTERSECTION,ANGLE_FRONT_TO_SIDE,TUCSON,2009-10-19 15:40:00,NO_IMPROPER_ACTION,NOT_APPLICABLE_MINUS_1+FAILED_TO_YIELD_RIGHT_OF_WAY_103+NOT_APPLICABLE_MINUS_1
2355834,2,ANGLE_FRONT_TO_SIDE,0,0,2,UNKNOWN_99,ANGLE_FRONT_TO_SIDE,UNSPECIFIED_999,2009-10-26 18:36:00,NO_IMPROPER_ACTION,UNKNOWN_99
2355898,2,ANGLE_FRONT_TO_SIDE,-112.195021439415,33.5383972490547,3,T_INTERSECTION,ANGLE_FRONT_TO_SIDE,GLENDALE,2009-10-28 07:50:00,NO_IMPROPER_ACTION,INATTENTION_DISTRACTION
2355992,2,SIDESWIPE_OPPOSITE_DIRECTION,-110.935298221584,32.2360990803428,4,FOUR_WAY_INTERSECTION,SIDESWIPE_OPPOSITE_DIRECTION,TUCSON,2009-10-21 16:19:00,NO_IMPROPER_ACTION,FAILED_TO_YIELD_RIGHT_OF_WAY_103
2356003,2,OTHER_97,-112.17760527003,33.5638273471563,3,FOUR_WAY_INTERSECTION,OTHER_97,GLENDALE,2009-10-14 11:36:00,DROVE_RODE_IN_OPPOSING_TRAFFIC_LANE,NO_IMPROPER_ACTION
2356035,2,ANGLE_FRONT_TO_SIDE,-112.080733763494,33.5416714736809,1,T_INTERSECTION,ANGLE_FRONT_TO_SIDE,PHOENIX,2009-10-21 13:01:00,NO_IMPROPER_ACTION,RAN_STOP_SIGN
2356060,2,ANGLE_FRONT_TO_SIDE,-110.9096326261,32.2343690278413,3,NOT_AT_INTERSECTION_0,ANGLE_FRONT_TO_SIDE,TUCSON,2009-10-12 17:20:00,NOT_APPLICABLE_MINUS_1+DROVE_RODE_IN_OPPOSING_TRAFFIC_LANE,NO_IMPROPER_ACTION+NOT_APPLICABLE_MINUS_1
2356061,2,ANGLE_FRONT_TO_SIDE,-112.186176375827,33.5530353689156,4,FOUR_WAY_INTERSECTION,ANGLE_FRONT_TO_SIDE,GLENDALE,2009-10-14 22:10:00,KNOWINGLY_OPERATED_WITH_FAULTY_MISSING_EQUIPMENT,FAILED_TO_YIELD_RIGHT_OF_WAY_103
2356117,2,LEFT_TURN,-110.955300231645,32.2405982670221,3,T_INTERSECTION,LEFT_TURN,TUCSON,2009-10-23 09:00:00,INATTENTION_DISTRACTION,NO_IMPROPER_ACTION
2356154,2,ANGLE_FRONT_TO_SIDE,0,0,4,NOT_AT_INTERSECTION_0,ANGLE_FRONT_TO_SIDE,UNSPECIFIED_999,2009-10-23 10:00:00,FAILED_TO_YIELD_RIGHT_OF_WAY_103,NO_IMPROPER_ACTION
2356174,2,LEFT_TURN,-110.815365577333,32.220985687352,3,FOUR_WAY_INTERSECTION,LEFT_TURN,TUCSON,2009-10-13 15:25:00,INATTENTION_DISTRACTION,NO_IMPROPER_ACTION
2356192,2,ANGLE_FRONT_TO_SIDE,-110.948342196302,32.2509420989933,2,FOUR_WAY_INTERSECTION,ANGLE_FRONT_TO_SIDE,TUCSON,2009-10-13 07:52:00,NO_IMPROPER_ACTION,FAILED_TO_YIELD_RIGHT_OF_WAY_103
2356211,2,SIDESWIPE_SAME_DIRECTION,0,0,2,T_INTERSECTION,SIDESWIPE_SAME_DIRECTION,GOODYEAR,2009-10-22 17:20:00,UNSAFE_LANE_CHANGE,NO_IMPROPER_ACTION
2356234,2,REAR_END,-111.909134096504,33.4147741013891,3,FOUR_WAY_INTERSECTION,REAR_END,TEMPE,2009-10-31 13:21:00,NO_IMPROPER_ACTION,SPEED_TOO_FAST_FOR_CONDITIONS
2356245,2,ANGLE_FRONT_TO_SIDE,-111.926371834245,33.44434403553,1,NOT_AT_INTERSECTION_0,ANGLE_FRONT_TO_SIDE,TEMPE,2009-10-17 18:48:00,FAILED_TO_YIELD_RIGHT_OF_WAY_103,NO_IMPROPER_ACTION+NOT_APPLICABLE_MINUS_1
2356276,2,LEFT_TURN,-111.926255858914,33.4244895579252,3,FOUR_WAY_INTERSECTION,LEFT_TURN,TEMPE,2009-10-23 17:10:00,NO_IMPROPER_ACTION,FAILED_TO_YIELD_RIGHT_OF_WAY_103
2356409,2,ANGLE_FRONT_TO_SIDE,-110.978169463504,32.2864761396935,1,FOUR_WAY_INTERSECTION,ANGLE_FRONT_TO_SIDE,TUCSON,2009-10-25 16:46:00,OTHER_97,NO_IMPROPER_ACTION+NOT_APPLICABLE_MINUS_1
2356416,2,ANGLE_FRONT_TO_SIDE,-110.956853897126,32.2498407236639,2,FOUR_WAY_INTERSECTION,ANGLE_FRONT_TO_SIDE,TUCSON,2009-10-25 15:33:00,DISREGARDED_TRAFFIC_SIGNAL,NO_IMPROPER_ACTION
2356424,2,ANGLE_FRONT_TO_SIDE,-110.901189711982,32.2452638071731,3,NOT_AT_INTERSECTION_0,ANGLE_FRONT_TO_SIDE,TUCSON,2009-10-26 07:56:00,NO_IMPROPER_ACTION,MADE_IMPROPER_TURN
2356457,2,SIDESWIPE_SAME_DIRECTION,-110.95100575806,32.2252229990258,2,NOT_AT_INTERSECTION_0,SIDESWIPE_SAME_DIRECTION,TUCSON,2009-10-26 09:49:00,NO_IMPROPER_ACTION,INATTENTION_DISTRACTION+NOT_APPLICABLE_MINUS_1
2356508,2,ANGLE_FRONT_TO_SIDE,-111.8399482657,33.4296548317831,3,T_INTERSECTION,ANGLE_FRONT_TO_SIDE,MESA,2009-03-27 17:14:00,NO_IMPROPER_ACTION,NOT_APPLICABLE_MINUS_1+NOT_APPLICABLE_MINUS_1+FAILED_TO_YIELD_RIGHT_OF_WAY_103+NOT_APPLICABLE_MINUS_1+NOT_APPLICABLE_MINUS_1
2356510,2,ANGLE_FRONT_TO_SIDE,-111.848248166837,33.4218633801277,2,NOT_AT_INTERSECTION_0,ANGLE_FRONT_TO_SIDE,MESA,2009-10-22 08:02:00,NO_IMPROPER_ACTION,INATTENTION_DISTRACTION
2356529,2,OTHER_97,-111.926297854662,33.4191494121245,4,T_INTERSECTION,OTHER_97,TEMPE,2009-10-25 04:44:00,FAILED_TO_YIELD_RIGHT_OF_WAY_103,NO_IMPROPER_ACTION+NOT_APPLICABLE_MINUS_1
2356561,2,HEAD_ON,-112.373058487333,34.5688117742102,4,NOT_AT_INTERSECTION_0,HEAD_ON,UNSPECIFIED_999,2009-10-23 18:05:00,INATTENTION_DISTRACTION,NO_IMPROPER_ACTION+NOT_APPLICABLE_MINUS_1
2356617,2,ANGLE_FRONT_TO_SIDE,-110.974882819644,32.2359447741477,1,FOUR_WAY_INTERSECTION,ANGLE_FRONT_TO_SIDE,TUCSON,2009-10-31 14:39:00,DROVE_RODE_IN_OPPOSING_TRAFFIC_LANE,NO_IMPROPER_ACTION
2356622,2,ANGLE_FRONT_TO_SIDE,-112.20302213156,33.6719675817092,2,FOUR_WAY_INTERSECTION,ANGLE_FRONT_TO_SIDE,GLENDALE,2009-10-25 15:21:00,NO_IMPROPER_ACTION,FAILED_TO_YIELD_RIGHT_OF_WAY_103