IncidentID,num_vehicles_involved,eCollisionManner,Longitude,Latitude,InjurySeverity,eIntersectionType,eCollisionManner,city_name,IncidentDateTime,cyclist_citations,driver_citations
2356652,2,LEFT_TURN,-112.186381683766,33.6504687941558,3,T_INTERSECTION,LEFT_TURN,GLENDALE,2009-10-28 14:20:00,DROVE_RODE_IN_OPPOSING_TRAFFIC_LANE,INATTENTION_DISTRACTION
2356665,2,ANGLE_FRONT_TO_SIDE,-110.909726514542,32.2511615245835,2,NOT_AT_INTERSECTION_0,ANGLE_FRONT_TO_SIDE,TUCSON,2009-10-30 13:09:00,NO_IMPROPER_ACTION,FAILED_TO_YIELD_RIGHT_OF_WAY_103+NOT_APPLICABLE_MINUS_1
2356730,2,LEFT_TURN,-111.874404356654,33.4221410915812,2,FOUR_WAY_INTERSECTION,LEFT_TURN,MESA,2009-10-15 10:58:00,INATTENTION_DISTRACTION,NO_IMPROPER_ACTION
2356847,2,OTHER_97,-112.069303184254,33.4675293474933,3,LEGACY_INTERSECTION_RELATED_PRIOR_2009_98,OTHER_97,PHOENIX,2009-01-09 17:33:00,DROVE_RODE_IN_OPPOSING_TRAFFIC_LANE,NO_IMPROPER_ACTION
2356849,2,OTHER_97,-112.012717125998,33.6405124545319,3,UNKNOWN_99,OTHER_97,PHOENIX,2009-01-12 09:11:00,OTHER_97,NO_IMPROPER_ACTION
2356857,2,OTHER_97,-112.073906704569,33.5617220707806,1,NOT_AT_INTERSECTION_0,OTHER_97,PHOENIX,2009-01-23 11:23:00,OTHER_97,NO_IMPROPER_ACTION
2356858,2,OTHER_97,-112.047281635529,33.3996543886905,2,LEGACY_INTERSECTION_RELATED_PRIOR_2009_98,OTHER_97,PHOENIX,2009-01-23 16:10:00,OTHER_97,NO_IMPROPER_ACTION
2356860,2,OTHER_97,-111.986667686066,33.5095678542776,1,LEGACY_INTERSECTION_RELATED_PRIOR_2009_98,OTHER_97,PHOENIX,2009-01-22 11:59:00,OTHER_97,NO_IMPROPER_ACTION
2356862,2,OTHER_97,-112.196224390324,33.4658811465657,3,NOT_AT_INTERSECTION_0,OTHER_97,PHOENIX,2009-01-15 15:36:00,NO_IMPROPER_ACTION,NO_IMPROPER_ACTION
2356864,2,OTHER_97,-112.065186957557,33.552157086378,3,UNKNOWN_99,OTHER_97,PHOENIX,2009-01-12 18:15:00,INATTENTION_DISTRACTION,INATTENTION_DISTRACTION+NOT_APPLICABLE_MINUS_1
2356866,2,OTHER_97,-112.030241032872,33.4725348570114,4,NOT_AT_INTERSECTION_0,OTHER_97,PHOENIX,2009-01-30 18:26:00,FAILED_TO_YIELD_RIGHT_OF_WAY_103,NO_IMPROPER_ACTION+NOT_APPLICABLE_MINUS_1
2356867,2,OTHER_97,-112.116890110252,33.5422284564257,3,LEGACY_INTERSECTION_RELATED_PRIOR_2009_98,OTHER_97,PHOENIX,2009-01-30 09:36:00,FAILED_TO_YIELD_RIGHT_OF_WAY_103,NO_IMPROPER_ACTION
2356871,2,OTHER_97,-112.091533693811,33.6547614916069,3,LEGACY_INTERSECTION_RELATED_PRIOR_2009_98,OTHER_97,PHOENIX,2009-02-04 17:55:00,OTHER_97,FAILED_TO_YIELD_RIGHT_OF_WAY_103
2356873,2,OTHER_97,-112.117469925633,33.449100700814,2,LEGACY_INTERSECTION_RELATED_PRIOR_2009_98,OTHER_97,PHOENIX,2009-02-09 16:04:00,OTHER_97,NO_IMPROPER_ACTION
2356874,2,OTHER_97,-111.980435711915,33.3504176820117,3,NOT_AT_INTERSECTION_0,OTHER_97,PHOENIX,2009-01-13 16:25:00,NO_IMPROPER_ACTION,NOT_APPLICABLE_MINUS_1+FAILED_TO_YIELD_RIGHT_OF_WAY_103
2356877,2,OTHER_97,-111.988193366758,33.5992956135077,4,UNKNOWN_99,OTHER_97,PHOENIX,2009-02-06 17:13:00,OTHER_97,NOT_APPLICABLE_MINUS_1+INATTENTION_DISTRACTION+NOT_APPLICABLE_MINUS_1
2356880,2,OTHER_97,-112.099976347398,33.4502549071017,4,NOT_AT_INTERSECTION_0,OTHER_97,PHOENIX,2009-02-06 13:10:00,INATTENTION_DISTRACTION,NO_IMPROPER_ACTION
2356881,2,OTHER_97,-112.065137314838,33.4498845867028,4,LEGACY_INTERSECTION_RELATED_PRIOR_2009_98,OTHER_97,PHOENIX,2009-02-10 19:44:00,OTHER_97,INATTENTION_DISTRACTION
2356884,2,OTHER_97,-112.15136433462,33.5973430142574,2,UNKNOWN_99,OTHER_97,PHOENIX,2009-02-12 13:02:00,OTHER_97,NO_IMPROPER_ACTION
2356885,2,OTHER_97,-112.028856711502,33.4948696491643,2,UNKNOWN_99,OTHER_97,PHOENIX,2009-02-18 16:11:00,OTHER_97,NO_IMPROPER_ACTION
2356886,2,OTHER_97,-111.842859589038,33.2979968555998,2,NOT_AT_INTERSECTION_0,OTHER_97,CHANDLER,2009-01-12 15:09:00,INATTENTION_DISTRACTION,NO_IMPROPER_ACTION
2356887,2,OTHER_97,-111.761886057046,33.207717305575,2,LEGACY_INTERSECTION_RELATED_PRIOR_2009_98,OTHER_97,CHANDLER,2009-01-09 08:40:00,NO_IMPROPER_ACTION,FAILED_TO_YIELD_RIGHT_OF_WAY_103
2356888,2,OTHER_97,-111.832757200659,33.3061360317599,1,LEGACY_INTERSECTION_RELATED_PRIOR_2009_98,OTHER_97,CHANDLER,2009-01-05 13:08:00,DROVE_RODE_IN_OPPOSING_TRAFFIC_LANE,NO_IMPROPER_ACTION
2356891,2,OTHER_97,-112.08285984079,33.6546404389209,4,LEGACY_INTERSECTION_RELATED_PRIOR_2009_98,OTHER_97,PHOENIX,2009-02-24 07:20:00,OTHER_97,NO_IMPROPER_ACTION
2356893,2,OTHER_97,-112.127147396041,33.3921184352235,2,LEGACY_INTERSECTION_RELATED_PRIOR_2009_98,OTHER_97,UNSPECIFIED_999,2009-01-09 16:39:00,NO_IMPROPER_ACTION,FAILED_TO_YIELD_RIGHT_OF_WAY_103
2356894,2,OTHER_97,-112.204577375508,33.4974879514691,4,LEGACY_INTERSECTION_RELATED_PRIOR_2009_98,OTHER_97,PHOENIX,2009-01-30 16:06:00,FAILED_TO_YIELD_RIGHT_OF_WAY_103,NOT_APPLICABLE_MINUS_1+SPEED_TOO_FAST_FOR_CONDITIONS
2356896,2,OTHER_97,-112.117745575718,33.5689323544658,3,UNKNOWN_99,OTHER_97,PHOENIX,2009-02-19 08:07:00,OTHER_97,INATTENTION_DISTRACTION
2356901,3,OTHER_97,-112.065428515002,33.63918066644,4,UNKNOWN_99,OTHER_97,PHOENIX,2009-03-04 11:25:00,OTHER_97+OTHER_97,NO_IMPROPER_ACTION
2356902,2,OTHER_97,-112.102435056403,33.538617403235,4,UNKNOWN_99,OTHER_97,PHOENIX,2009-03-05 11:59:00,OTHER_97,NO_IMPROPER_ACTION
2356904,2,OTHER_97,-112.220568697921,33.4892789102915,3,NOT_AT_INTERSECTION_0,OTHER_97,PHOENIX,2009-03-05 17:00:00,OTHER_97,MADE_IMPROPER_TURN+NOT_APPLICABLE_MINUS_1+NOT_APPLICABLE_MINUS_1+NOT_APPLICABLE_MINUS_1
2356907,2,OTHER_97,-112.012866567153,33.5120029164323,4,NOT_AT_INTERSECTION_0,OTHER_97,PHOENIX,2009-03-05 18:51:00,FAILED_TO_YIELD_RIGHT_OF_WAY_103,NO_IMPROPER_ACTION+NOT_APPLICABLE_MINUS_1+NOT_APPLICABLE_MINUS_1
2356913,2,OTHER_97,-112.05628172128,33.5311555389243,3,NOT_AT_INTERSECTION_0,OTHER_97,PHOENIX,2009-03-11 07:47:00,NO_IMPROPER_ACTION,OTHER_UNSAFE_PASSING
2356914,2,OTHER_97,-112.025932214104,33.4657719514677,3,LEGACY_INTERSECTION_RELATED_PRIOR_2009_98,OTHER_97,PHOENIX,2009-03-18 13:37:00,FAILED_TO_YIELD_RIGHT_OF_WAY_103,NO_IMPROPER_ACTION
2356915,2,OTHER_97,-112.00443637124,33.5826058573492,4,LEGACY_INTERSECTION_RELATED_PRIOR_2009_98,OTHER_97,PHOENIX,2009-03-10 10:45:00,NO_IMPROPER_ACTION,FAILED_TO_YIELD_RIGHT_OF_WAY_103
2356916,2,OTHER_97,-112.065611819771,33.6330500857069,4,LEGACY_INTERSECTION_RELATED_PRIOR_2009_98,OTHER_97,PHOENIX,2009-03-20 13:06:00,INATTENTION_DISTRACTION,INATTENTION_DISTRACTION
2356917,2,OTHER_97,-112.168580887526,33.5988328228228,2,LEGACY_INTERSECTION_RELATED_PRIOR_2009_98,OTHER_97,PHOENIX,2009-03-25 10:02:00,FAILED_TO_YIELD_RIGHT_OF_WAY_103,INATTENTION_DISTRACTION+NOT_APPLICABLE_MINUS_1
2356918,2,OTHER_97,-112.067474116784,33.451488471527,2,LEGACY_INTERSECTION_RELATED_PRIOR_2009_98,OTHER_97,PHOENIX,2009-03-31 17:11:00,OTHER_97,NO_IMPROPER_ACTION
2356921,2,OTHER_97,-112.065102777711,33.4313379574012,2,LEGACY_INTERSECTION_RELATED_PRIOR_2009_98,OTHER_97,PHOENIX,2009-04-01 16:34:00,NO_IMPROPER_ACTION,INATTENTION_DISTRACTION
2356922,2,OTHER_97,-112.047641330469,33.4733477019288,2,UNKNOWN_99,OTHER_97,PHOENIX,2009-04-03 15:38:00,NO_IMPROPER_ACTION,FAILED_TO_YIELD_RIGHT_OF_WAY_103
2356924,2,OTHER_97,-112.047620255451,33.4939964991853,2,UNKNOWN_99,OTHER_97,PHOENIX,2009-04-07 10:58:00,INATTENTION_DISTRACTION,NO_IMPROPER_ACTION
2356925,2,OTHER_97,-112.082489305093,33.4332070990107,2,NOT_AT_INTERSECTION_0,OTHER_97,PHOENIX,2009-04-06 14:48:00,FAILED_TO_YIELD_RIGHT_OF_WAY_103,FAILED_TO_YIELD_RIGHT_OF_WAY_103
2356927,2,OTHER_97,-112.046083966352,33.3927777515761,2,UNKNOWN_99,OTHER_97,PHOENIX,2009-04-03 15:06:00,NO_IMPROPER_ACTION,FAILED_TO_YIELD_RIGHT_OF_WAY_103
2356937,2,OTHER_97,-112.028158414347,33.377785786684,3,NOT_AT_INTERSECTION_0,OTHER_97,PHOENIX,2009-04-17 06:20:00,NO_IMPROPER_ACTION,FAILED_TO_YIELD_RIGHT_OF_WAY_103
2356942,2,OTHER_97,-112.046860875072,33.5382414196933,3,UNKNOWN_99,OTHER_97,PHOENIX,2009-04-27 12:35:00,NO_IMPROPER_ACTION+NOT_APPLICABLE_MINUS_1,FAILED_TO_YIELD_RIGHT_OF_WAY_103
2356944,2,OTHER_97,-112.22165946023,33.5089643116839,1,UNKNOWN_99,OTHER_97,PHOENIX,2009-04-30 15:16:00,NO_IMPROPER_ACTION,FAILED_TO_YIELD_RIGHT_OF_WAY_103
2356945,2,OTHER_97,-112.04755744967,33.5037037828695,3,LEGACY_INTERSECTION_RELATED_PRIOR_2009_98,OTHER_97,PHOENIX,2009-05-06 16:13:00,FAILED_TO_YIELD_RIGHT_OF_WAY_103,NO_IMPROPER_ACTION
2356950,2,OTHER_97,-112.142972823145,33.4804022399468,2,LEGACY_INTERSECTION_RELATED_PRIOR_2009_98,OTHER_97,PHOENIX,2009-05-14 07:25:00,NO_IMPROPER_ACTION,NOT_APPLICABLE_MINUS_1+FAILED_TO_YIELD_RIGHT_OF_WAY_103
2356951,2,OTHER_97,-112.14877023687,33.5819111639946,3,UNKNOWN_99,OTHER_97,PHOENIX,2009-05-15 15:10:00,UNKNOWN_99,UNKNOWN_99
2356952,2,OTHER_97,-111.995761125534,33.5970285897663,2,LEGACY_INTERSECTION_RELATED_PRIOR_2009_98,OTHER_97,PHOENIX,2009-05-14 15:32:00,OTHER_97,INATTENTION_DISTRACTION
2356953,2,OTHER_97,-112.041064473474,33.6403761543916,3,UNKNOWN_99,OTHER_97,PHOENIX,2009-05-14 14:28:00,OTHER_97,NO_IMPROPER_ACTION
2356954,2,OTHER_97,-112.117621981634,33.5094425147672,2,UNKNOWN_99,OTHER_97,PHOENIX,2009-05-15 10:04:00,INATTENTION_DISTRACTION,FAILED_TO_YIELD_RIGHT_OF_WAY_103
2356957,2,OTHER_97,-112.107990277883,33.7723232490789,4,LEGACY_INTERSECTION_RELATED_PRIOR_2009_98,OTHER_97,PHOENIX,2009-05-22 08:28:00,NO_IMPROPER_ACTION,FAILED_TO_YIELD_RIGHT_OF_WAY_103
2356958,2,OTHER_97,-112.020645736261,33.6404997205041,3,UNKNOWN_99,OTHER_97,PHOENIX,2009-05-21 10:32:00,OTHER_97,UNKNOWN_99
2356959,2,OTHER_97,-112.134411675745,33.4731649089059,2,LEGACY_INTERSECTION_RELATED_PRIOR_2009_98,OTHER_97,PHOENIX,2009-05-23 19:52:00,INATTENTION_DISTRACTION,NOT_APPLICABLE_MINUS_1+FAILED_TO_YIELD_RIGHT_OF_WAY_103+NOT_APPLICABLE_MINUS_1
2356961,2,OTHER_97,-111.989240390764,33.4803177082713,4,UNKNOWN_99,OTHER_97,PHOENIX,2009-05-28 12:20:00,INATTENTION_DISTRACTION,INATTENTION_DISTRACTION
2356962,2,OTHER_97,-112.151517273883,33.5099625253417,1,LEGACY_INTERSECTION_RELATED_PRIOR_2009_98,OTHER_97,PHOENIX,2009-05-29 14:45:00,FAILED_TO_YIELD_RIGHT_OF_WAY_103,NO_IMPROPER_ACTION
2356964,2,OTHER_97,-112.004163044095,33.452431815979,3,NOT_AT_INTERSECTION_0,OTHER_97,PHOENIX,2009-06-02 07:22:00,NO_IMPROPER_ACTION,OTHER_UNSAFE_PASSING
2356965,2,OTHER_97,-112.065502722943,33.6475540906294,1,LEGACY_INTERSECTION_RELATED_PRIOR_2009_98,OTHER_97,PHOENIX,2009-06-02 16:53:00,DISREGARDED_TRAFFIC_SIGNAL,NO_IMPROPER_ACTION
2356971,2,OTHER_97,-112.186185898279,33.5086796576636,3,LEGACY_INTERSECTION_RELATED_PRIOR_2009_98,OTHER_97,PHOENIX,2009-06-09 12:28:00,NO_IMPROPER_ACTION,FAILED_TO_YIELD_RIGHT_OF_WAY_103+NOT_APPLICABLE_MINUS_1+NOT_APPLICABLE_MINUS_1
2356973,2,OTHER_97,-112.220447909301,33.5080391718909,3,UNKNOWN_99,OTHER_97,PHOENIX,2009-06-08 17:08:00,OTHER_97,NO_IMPROPER_ACTION+NOT_APPLICABLE_MINUS_1
2356975,2,OTHER_97,-112.099086438041,33.3911214824882,3,LEGACY_INTERSECTION_RELATED_PRIOR_2009_98,OTHER_97,PHOENIX,2009-06-10 16:30:00,OTHER_97,UNKNOWN_99
2356976,2,OTHER_97,-112.047764930085,33.4269078453108,2,LEGACY_INTERSECTION_RELATED_PRIOR_2009_98,OTHER_97,PHOENIX,2009-06-17 06:46:00,OTHER_97,INATTENTION_DISTRACTION
2356978,2,OTHER_97,-112.169652064725,33.4702311731088,3,NOT_AT_INTERSECTION_0,OTHER_97,PHOENIX,2009-06-17 19:33:00,UNKNOWN_99,UNKNOWN_99
2356979,2,OTHER_97,-112.057997770616,33.4946752122032,3,LEGACY_INTERSECTION_RELATED_PRIOR_2009_98,OTHER_97,PHOENIX,2009-06-19 11:58:00,FAILED_TO_YIELD_RIGHT_OF_WAY_103,NO_IMPROPER_ACTION
2356980,2,OTHER_97,-112.13480481834,33.5818766543077,4,UNKNOWN_99,OTHER_97,PHOENIX,2009-06-18 10:47:00,INATTENTION_DISTRACTION,INATTENTION_DISTRACTION
2356981,2,OTHER_97,-112.142991885967,33.4761293200771,3,LEGACY_INTERSECTION_RELATED_PRIOR_2009_98,OTHER_97,PHOENIX,2009-06-22 07:59:00,DROVE_RODE_IN_OPPOSING_TRAFFIC_LANE,NOT_APPLICABLE_MINUS_1+NO_IMPROPER_ACTION+NOT_APPLICABLE_MINUS_1
2356982,2,OTHER_97,-112.074237766233,33.6257445736847,4,LEGACY_INTERSECTION_RELATED_PRIOR_2009_98,OTHER_97,PHOENIX,2009-06-22 16:36:00,SPEED_TOO_FAST_FOR_CONDITIONS,NO_IMPROPER_ACTION+NOT_APPLICABLE_MINUS_1+NOT_APPLICABLE_MINUS_1
2356983,2,OTHER_97,-112.220646730332,33.4693613611408,2,LEGACY_INTERSECTION_RELATED_PRIOR_2009_98,OTHER_97,PHOENIX,2009-06-19 07:45:00,DISREGARDED_TRAFFIC_SIGNAL,NO_IMPROPER_ACTION
2356984,2,OTHER_97,-112.099579015407,33.5722093311616,3,LEGACY_INTERSECTION_RELATED_PRIOR_2009_98,OTHER_97,PHOENIX,2009-06-24 06:55:00,OTHER_97,NO_IMPROPER_ACTION
2356985,2,OTHER_97,-112.054223989431,33.4482915673604,3,LEGACY_INTERSECTION_RELATED_PRIOR_2009_98,OTHER_97,PHOENIX,2009-06-26 10:38:00,NO_IMPROPER_ACTION,FAILED_TO_YIELD_RIGHT_OF_WAY_103
2356986,2,OTHER_97,-112.27247960825,33.4938011104471,2,LEGACY_INTERSECTION_RELATED_PRIOR_2009_98,OTHER_97,UNSPECIFIED_999,2009-06-25 12:45:00,DROVE_RODE_IN_OPPOSING_TRAFFIC_LANE,NO_IMPROPER_ACTION
2356987,2,OTHER_97,-111.986627036042,33.7262920535953,4,LEGACY_INTERSECTION_RELATED_PRIOR_2009_98,OTHER_97,PHOENIX,2009-06-24 19:15:00,NO_IMPROPER_ACTION,UNKNOWN_99+NOT_APPLICABLE_MINUS_1
2356988,2,OTHER_97,-111.977751573816,33.6050237592455,3,LEGACY_INTERSECTION_RELATED_PRIOR_2009_98,OTHER_97,PHOENIX,2009-06-25 13:11:00,OTHER_97,NOT_APPLICABLE_MINUS_1+NO_IMPROPER_ACTION
2356989,2,OTHER_97,-111.960373490159,33.6367966474464,4,NOT_AT_INTERSECTION_0,OTHER_97,PHOENIX,2009-06-25 06:45:00,UNKNOWN_99,UNKNOWN_99
2356993,2,OTHER_97,-112.151583516418,33.5052157199329,3,LEGACY_INTERSECTION_RELATED_PRIOR_2009_98,OTHER_97,PHOENIX,2009-07-01 11:04:00,OTHER_97,NO_IMPROPER_ACTION
2356995,2,OTHER_97,-112.134521359822,33.4190611839973,4,NOT_AT_INTERSECTION_0,OTHER_97,PHOENIX,2009-07-13 12:43:00,FAILED_TO_YIELD_RIGHT_OF_WAY_103,NO_IMPROPER_ACTION
2356996,2,OTHER_97,-112.108027826356,33.5878985540644,3,LEGACY_INTERSECTION_RELATED_PRIOR_2009_98,OTHER_97,PHOENIX,2009-07-20 17:33:00,INATTENTION_DISTRACTION,NO_IMPROPER_ACTION
2356997,2,OTHER_97,-112.113397168006,33.5819699762343,3,LEGACY_INTERSECTION_RELATED_PRIOR_2009_98,OTHER_97,PHOENIX,2009-07-20 07:07:00,NO_IMPROPER_ACTION,FAILED_TO_YIELD_RIGHT_OF_WAY_103
2356998,2,OTHER_97,-112.065007158343,33.5101177520083,4,UNKNOWN_99,OTHER_97,PHOENIX,2009-07-01 09:37:00,OTHER_97,OTHER_97
2356999,2,OTHER_97,-112.052131975791,33.5826150584897,2,NOT_AT_INTERSECTION_0,OTHER_97,PHOENIX,2009-06-05 13:45:00,FAILED_TO_YIELD_RIGHT_OF_WAY_103,NO_IMPROPER_ACTION
2357001,2,OTHER_97,-111.986968792989,33.4843129519505,3,UNKNOWN_99,OTHER_97,PHOENIX,2009-07-14 10:04:00,NO_IMPROPER_ACTION,NO_IMPROPER_ACTION
2357002,2,OTHER_97,-111.987153005872,33.4485176819423,2,UNKNOWN_99,OTHER_97,PHOENIX,2009-07-23 08:48:00,UNKNOWN_99,UNKNOWN_99
2357007,2,OTHER_97,-112.151539530502,33.512735844102,4,UNKNOWN_99,OTHER_97,PHOENIX,2009-07-30 19:30:00,KNOWINGLY_OPERATED_WITH_FAULTY_MISSING_EQUIPMENT,NO_IMPROPER_ACTION
2357008,2,OTHER_97,-112.082651803069,33.4653461982729,3,UNKNOWN_99,OTHER_97,PHOENIX,2009-08-03 17:51:00,NO_IMPROPER_ACTION,NOT_APPLICABLE_MINUS_1+INATTENTION_DISTRACTION+NOT_APPLICABLE_MINUS_1
2357011,2,OTHER_97,-112.073740005749,33.4853381994296,3,LEGACY_INTERSECTION_RELATED_PRIOR_2009_98,OTHER_97,PHOENIX,2009-08-04 15:47:00,OTHER_97,NO_IMPROPER_ACTION
2357014,2,OTHER_97,-112.18279625928,33.4805058945687,3,UNKNOWN_99,OTHER_97,PHOENIX,2009-08-04 07:48:00,OTHER_97,NO_IMPROPER_ACTION
2357015,2,OTHER_97,-112.030353558909,33.5057020563776,3,LEGACY_INTERSECTION_RELATED_PRIOR_2009_98,OTHER_97,PHOENIX,2009-08-10 15:51:00,NO_IMPROPER_ACTION,FAILED_TO_YIELD_RIGHT_OF_WAY_103
2357016,2,OTHER_97,-112.134198242014,33.5154265377308,3,UNKNOWN_99,OTHER_97,PHOENIX,2009-08-19 06:56:00,OTHER_97+NOT_APPLICABLE_MINUS_1,NOT_APPLICABLE_MINUS_1+NO_IMPROPER_ACTION
2357017,2,OTHER_97,-111.988451073884,33.6023397776843,3,LEGACY_INTERSECTION_RELATED_PRIOR_2009_98,OTHER_97,PHOENIX,2009-08-14 16:46:00,DROVE_RODE_IN_OPPOSING_TRAFFIC_LANE,NO_IMPROPER_ACTION
2357019,2,OTHER_97,-112.134522915388,33.4368723923454,4,LEGACY_INTERSECTION_RELATED_PRIOR_2009_98,OTHER_97,PHOENIX,2009-08-20 15:32:00,DROVE_RODE_IN_OPPOSING_TRAFFIC_LANE,NO_IMPROPER_ACTION
2357020,2,OTHER_97,-112.134489456087,33.4296466672178,2,LEGACY_INTERSECTION_RELATED_PRIOR_2009_98,OTHER_97,PHOENIX,2009-08-20 16:38:00,OTHER_97,NOT_APPLICABLE_MINUS_1+NOT_APPLICABLE_MINUS_1+NOT_APPLICABLE_MINUS_1+NO_IMPROPER_ACTION+NOT_APPLICABLE_MINUS_1+NOT_APPLICABLE_MINUS_1+NOT_APPLICABLE_MINUS_1
2357021,2,OTHER_97,-112.091166934196,33.5384837344915,2,LEGACY_INTERSECTION_RELATED_PRIOR_2009_98,OTHER_97,PHOENIX,2009-08-24 14:40:00,INATTENTION_DISTRACTION+NOT_APPLICABLE_MINUS_1,INATTENTION_DISTRACTION
2357023,2,OTHER_97,-112.203135166077,33.7121611269197,1,LEGACY_INTERSECTION_RELATED_PRIOR_2009_98,OTHER_97,PHOENIX,2009-08-26 12:50:00,DROVE_RODE_IN_OPPOSING_TRAFFIC_LANE,INATTENTION_DISTRACTION
2357024,2,OTHER_97,-112.225403767979,33.4945300548584,3,LEGACY_INTERSECTION_RELATED_PRIOR_2009_98,OTHER_97,PHOENIX,2009-08-26 14:52:00,RAN_STOP_SIGN,NO_IMPROPER_ACTION+NOT_APPLICABLE_MINUS_1+NOT_APPLICABLE_MINUS_1+NOT_APPLICABLE_MINUS_1
2357025,2,OTHER_97,-112.050338290862,33.6150664021245,4,UNKNOWN_99,OTHER_97,PHOENIX,2009-08-26 06:50:00,NO_IMPROPER_ACTION,FAILED_TO_YIELD_RIGHT_OF_WAY_103
2357026,2,OTHER_97,-112.065206362287,33.4613458030934,3,LEGACY_INTERSECTION_RELATED_PRIOR_2009_98,OTHER_97,PHOENIX,2009-08-26 09:26:00,FAILED_TO_YIELD_RIGHT_OF_WAY_103,NO_IMPROPER_ACTION
2357027,2,OTHER_97,-112.134489456087,33.4296466672178,3,LEGACY_INTERSECTION_RELATED_PRIOR_2009_98,OTHER_97,PHOENIX,2009-08-26 16:00:00,DROVE_RODE_IN_OPPOSING_TRAFFIC_LANE,NO_IMPROPER_ACTION+NOT_APPLICABLE_MINUS_1
2357028,2,OTHER_97,-112.06502408294,33.5273372635426,2,LEGACY_INTERSECTION_RELATED_PRIOR_2009_98,OTHER_97,PHOENIX,2009-08-27 08:21:00,DISREGARDED_TRAFFIC_SIGNAL,NOT_APPLICABLE_MINUS_1+NOT_APPLICABLE_MINUS_1+NO_IMPROPER_ACTION+NOT_APPLICABLE_MINUS_1
2357029,2,OTHER_97,-112.012870141975,33.4671786775301,4,LEGACY_INTERSECTION_RELATED_PRIOR_2009_98,OTHER_97,PHOENIX,2009-08-26 14:29:00,OTHER_97,NO_IMPROPER_ACTION
2357030,2,OTHER_97,-112.099606589699,33.5494745338372,2,LEGACY_INTERSECTION_RELATED_PRIOR_2009_98,OTHER_97,PHOENIX,2009-08-28 20:49:00,SPEED_TOO_FAST_FOR_CONDITIONS,NO_IMPROPER_ACTION
2357032,2,OTHER_97,-112.134122937555,33.5707933163569,4,NOT_AT_INTERSECTION_0,OTHER_97,PHOENIX,2009-09-01 18:04:00,OTHER_97,NO_IMPROPER_ACTION
2357033,2,OTHER_97,-111.980370997135,33.3478946552403,3,UNKNOWN_99,OTHER_97,PHOENIX,2009-06-22 06:58:00,NO_IMPROPER_ACTION,FAILED_TO_YIELD_RIGHT_OF_WAY_103
2357035,2,OTHER_97,-112.23842267267,33.4313988845092,4,LEGACY_INTERSECTION_RELATED_PRIOR_2009_98,OTHER_97,PHOENIX,2009-09-01 09:06:00,NO_IMPROPER_ACTION,FAILED_TO_YIELD_RIGHT_OF_WAY_103
2357039,2,OTHER_97,-111.987119336941,33.4656689872304,2,LEGACY_INTERSECTION_RELATED_PRIOR_2009_98,OTHER_97,PHOENIX,2009-09-09 07:25:00,NOT_APPLICABLE_MINUS_1+OTHER_97+NOT_APPLICABLE_MINUS_1,FAILED_TO_YIELD_RIGHT_OF_WAY_103
2357044,2,OTHER_97,-112.068132621481,33.4902199574481,3,NOT_AT_INTERSECTION_0,OTHER_97,PHOENIX,2009-09-11 17:50:00,FAILED_TO_YIELD_RIGHT_OF_WAY_103,NO_IMPROPER_ACTION
2357045,2,OTHER_97,-112.059330483464,33.4067295319489,4,NOT_AT_INTERSECTION_0,OTHER_97,PHOENIX,2009-09-02 16:42:00,FAILED_TO_YIELD_RIGHT_OF_WAY_103,NO_IMPROPER_ACTION
2357046,2,OTHER_97,-112.255307757352,33.4284697856546,3,LEGACY_INTERSECTION_RELATED_PRIOR_2009_98,OTHER_97,PHOENIX,2009-09-15 15:35:00,OTHER_97,NO_IMPROPER_ACTION
2357047,2,OTHER_97,-112.073238518433,33.3935418529416,3,UNKNOWN_99,OTHER_97,PHOENIX,2009-09-16 20:15:00,OTHER_97,NO_IMPROPER_ACTION
2357049,2,OTHER_97,-112.015392364058,33.2910493305032,3,NOT_AT_INTERSECTION_0,OTHER_97,PHOENIX,2009-09-15 15:30:00,NO_IMPROPER_ACTION,SPEED_TOO_FAST_FOR_CONDITIONS