IncidentID,num_vehicles_involved,eCollisionManner,Longitude,Latitude,InjurySeverity,eIntersectionType,eCollisionManner,city_name,IncidentDateTime,cyclist_citations,driver_citations
2357050,2,OTHER_97,-112.050479665567,33.43318365064,2,NOT_AT_INTERSECTION_0,OTHER_97,PHOENIX,2009-09-12 22:22:00,INATTENTION_DISTRACTION,NO_IMPROPER_ACTION
2357054,2,OTHER_97,-112.151476747487,33.545715804677,3,LEGACY_INTERSECTION_RELATED_PRIOR_2009_98,OTHER_97,GLENDALE,2009-09-24 17:49:00,NO_IMPROPER_ACTION,FAILED_TO_YIELD_RIGHT_OF_WAY_103+NOT_APPLICABLE_MINUS_1+NOT_APPLICABLE_MINUS_1
2357058,2,OTHER_97,-111.977876382355,33.6115297868184,2,LEGACY_INTERSECTION_RELATED_PRIOR_2009_98,OTHER_97,PHOENIX,2009-09-23 18:20:00,NO_IMPROPER_ACTION,FAILED_TO_YIELD_RIGHT_OF_WAY_103
2357060,2,OTHER_97,-112.191334401022,33.451506279332,2,UNKNOWN_99,OTHER_97,PHOENIX,2009-09-23 17:03:00,OTHER_97,NO_IMPROPER_ACTION
2357061,2,OTHER_97,-112.083400723951,33.493573697675,3,NOT_AT_INTERSECTION_0,OTHER_97,PHOENIX,2009-09-25 14:30:00,OTHER_97,NO_IMPROPER_ACTION
2357063,2,OTHER_97,-112.073662691515,33.4788439015017,3,LEGACY_INTERSECTION_RELATED_PRIOR_2009_98,OTHER_97,PHOENIX,2009-09-30 21:15:00,NO_IMPROPER_ACTION,FAILED_TO_YIELD_RIGHT_OF_WAY_103
2357065,2,OTHER_97,-112.065627323797,33.6548374699385,2,LEGACY_INTERSECTION_RELATED_PRIOR_2009_98,OTHER_97,PHOENIX,2009-09-29 10:41:00,OTHER_97,NO_IMPROPER_ACTION
2357067,2,OTHER_97,-111.999860247561,33.4803923867639,3,LEGACY_INTERSECTION_RELATED_PRIOR_2009_98,OTHER_97,PHOENIX,2009-08-20 20:29:00,NO_IMPROPER_ACTION,INATTENTION_DISTRACTION
2357070,2,OTHER_97,-112.030406908688,33.4242590323318,3,LEGACY_INTERSECTION_RELATED_PRIOR_2009_98,OTHER_97,PHOENIX,2009-10-01 15:24:00,INATTENTION_DISTRACTION,NO_IMPROPER_ACTION
2357073,2,OTHER_97,-112.108498360626,33.4950322207286,2,LEGACY_INTERSECTION_RELATED_PRIOR_2009_98,OTHER_97,PHOENIX,2009-10-06 09:00:00,OTHER_97,INATTENTION_DISTRACTION
2357074,2,OTHER_97,-112.117395793531,33.6837591919954,3,LEGACY_INTERSECTION_RELATED_PRIOR_2009_98,OTHER_97,PHOENIX,2009-10-02 07:10:00,DROVE_RODE_IN_OPPOSING_TRAFFIC_LANE,NO_IMPROPER_ACTION+NOT_APPLICABLE_MINUS_1
2357075,2,OTHER_97,-112.038864634717,33.5091873938563,2,LEGACY_INTERSECTION_RELATED_PRIOR_2009_98,OTHER_97,PHOENIX,2009-10-06 11:09:00,OTHER_97,INATTENTION_DISTRACTION
2357076,2,OTHER_97,-112.053963031002,33.5092194030968,3,NOT_AT_INTERSECTION_0,OTHER_97,PHOENIX,2009-10-02 06:49:00,NO_IMPROPER_ACTION,FAILED_TO_YIELD_RIGHT_OF_WAY_103
2357078,2,OTHER_97,-112.071682503649,33.5677294324896,3,LEGACY_INTERSECTION_RELATED_PRIOR_2009_98,OTHER_97,PHOENIX,2009-10-08 15:31:00,OTHER_97,FAILED_TO_YIELD_RIGHT_OF_WAY_103
2357079,2,OTHER_97,-112.121470044116,33.6397054470514,2,LEGACY_INTERSECTION_RELATED_PRIOR_2009_98,OTHER_97,PHOENIX,2009-10-08 07:33:00,DISREGARDED_TRAFFIC_SIGNAL,NO_IMPROPER_ACTION
2357082,2,OTHER_97,-112.024523536405,33.4803802491927,3,UNKNOWN_99,OTHER_97,PHOENIX,2009-10-05 10:27:00,OTHER_97,INATTENTION_DISTRACTION
2357083,2,OTHER_97,-112.030207173482,33.4948461573797,2,LEGACY_INTERSECTION_RELATED_PRIOR_2009_98,OTHER_97,PHOENIX,2009-10-06 14:34:00,DISREGARDED_TRAFFIC_SIGNAL,NO_IMPROPER_ACTION
2357085,2,OTHER_97,-112.177690686151,33.4913252279275,2,LEGACY_INTERSECTION_RELATED_PRIOR_2009_98,OTHER_97,PHOENIX,2009-10-07 18:46:00,FAILED_TO_YIELD_RIGHT_OF_WAY_103,NO_IMPROPER_ACTION+NOT_APPLICABLE_MINUS_1
2357086,2,OTHER_97,-112.05187450195,33.5164190957218,3,LEGACY_INTERSECTION_RELATED_PRIOR_2009_98,OTHER_97,PHOENIX,2009-10-12 16:05:00,FAILED_TO_YIELD_RIGHT_OF_WAY_103,NO_IMPROPER_ACTION
2357088,2,OTHER_97,-111.989602154014,33.480327664896,3,UNKNOWN_99,OTHER_97,PHOENIX,2009-10-14 07:47:00,NO_IMPROPER_ACTION,SPEED_TOO_FAST_FOR_CONDITIONS
2357091,2,OTHER_97,-112.07256348267,33.5093054039841,3,LEGACY_INTERSECTION_RELATED_PRIOR_2009_98,OTHER_97,PHOENIX,2009-10-19 07:33:00,OTHER_97,NO_IMPROPER_ACTION+NOT_APPLICABLE_MINUS_1
2357092,2,OTHER_97,-112.112604723907,33.4949323514256,2,LEGACY_INTERSECTION_RELATED_PRIOR_2009_98,OTHER_97,PHOENIX,2009-10-21 16:24:00,DISREGARDED_TRAFFIC_SIGNAL,NO_IMPROPER_ACTION
2357095,2,OTHER_97,-112.186456466909,33.4665464569163,4,NOT_AT_INTERSECTION_0,OTHER_97,PHOENIX,2009-10-24 21:40:00,FAILED_TO_YIELD_RIGHT_OF_WAY_103,NOT_APPLICABLE_MINUS_1+NO_IMPROPER_ACTION+NOT_APPLICABLE_MINUS_1
2357098,2,OTHER_97,-112.056227048312,33.5236784403415,2,LEGACY_INTERSECTION_RELATED_PRIOR_2009_98,OTHER_97,PHOENIX,2009-11-02 15:59:00,FAILED_TO_YIELD_RIGHT_OF_WAY_103,NO_IMPROPER_ACTION
2357100,2,OTHER_97,-112.064547297221,33.5092209631567,3,UNKNOWN_99,OTHER_97,PHOENIX,2009-11-04 07:07:00,OTHER_97,INATTENTION_DISTRACTION
2357101,2,OTHER_97,-112.013922122385,33.6663075621484,4,UNKNOWN_99,OTHER_97,PHOENIX,2009-11-05 10:05:00,DROVE_RODE_IN_OPPOSING_TRAFFIC_LANE,NO_IMPROPER_ACTION
2357102,2,OTHER_97,-112.146721966589,33.5819177368267,3,LEGACY_INTERSECTION_RELATED_PRIOR_2009_98,OTHER_97,PHOENIX,2009-10-26 07:15:00,FAILED_TO_YIELD_RIGHT_OF_WAY_103,NO_IMPROPER_ACTION
2357104,2,OTHER_97,-112.125859460848,33.4659132179328,3,LEGACY_INTERSECTION_RELATED_PRIOR_2009_98,OTHER_97,PHOENIX,2009-11-02 11:28:00,NO_IMPROPER_ACTION,FAILED_TO_YIELD_RIGHT_OF_WAY_103
2357106,2,OTHER_97,-112.082444341952,33.5148096246208,3,UNKNOWN_99,OTHER_97,PHOENIX,2009-11-10 17:14:00,OTHER_97,FAILED_TO_YIELD_RIGHT_OF_WAY_103
2357107,2,OTHER_97,-112.06509355062,33.5397616306043,3,UNKNOWN_99,OTHER_97,PHOENIX,2009-11-12 07:43:00,OTHER_97,INATTENTION_DISTRACTION
2357110,2,OTHER_97,-112.134248922893,33.5550498399077,2,UNKNOWN_99,OTHER_97,PHOENIX,2009-10-23 18:15:00,INATTENTION_DISTRACTION,NO_IMPROPER_ACTION
2357114,2,OTHER_97,-112.116977404316,33.553035602132,3,LEGACY_INTERSECTION_RELATED_PRIOR_2009_98,OTHER_97,PHOENIX,2009-11-17 09:18:00,OTHER_97,INATTENTION_DISTRACTION
2357116,2,OTHER_97,-111.967488811811,33.6260046272534,4,LEGACY_INTERSECTION_RELATED_PRIOR_2009_98,OTHER_97,PHOENIX,2009-11-10 15:13:00,DROVE_RODE_IN_OPPOSING_TRAFFIC_LANE,NO_IMPROPER_ACTION
2357118,2,OTHER_97,-112.13800841702,33.5818080295736,3,LEGACY_INTERSECTION_RELATED_PRIOR_2009_98,OTHER_97,PHOENIX,2009-11-19 07:48:00,OTHER_97,NO_IMPROPER_ACTION
2357120,2,OTHER_97,-112.15164756299,33.4949227305931,3,LEGACY_INTERSECTION_RELATED_PRIOR_2009_98,OTHER_97,PHOENIX,2009-11-17 06:23:00,OTHER_97,NO_IMPROPER_ACTION
2357121,2,OTHER_97,-112.029289666399,33.6695045162392,3,UNKNOWN_99,OTHER_97,PHOENIX,2009-11-19 15:44:00,FAILED_TO_YIELD_RIGHT_OF_WAY_103,NO_IMPROPER_ACTION
2357124,2,OTHER_97,-112.013218642293,33.5990730412512,3,LEGACY_INTERSECTION_RELATED_PRIOR_2009_98,OTHER_97,PHOENIX,2009-11-23 15:51:00,OTHER_97,NO_IMPROPER_ACTION+NOT_APPLICABLE_MINUS_1
2357125,2,OTHER_97,-112.056297943745,33.5377765623546,2,UNKNOWN_99,OTHER_97,PHOENIX,2009-11-23 16:30:00,FAILED_TO_YIELD_RIGHT_OF_WAY_103,FAILED_TO_YIELD_RIGHT_OF_WAY_103+NOT_APPLICABLE_MINUS_1
2357126,2,OTHER_97,-111.993806102896,33.6405680218904,2,UNKNOWN_99,OTHER_97,PHOENIX,2009-11-23 18:33:00,OTHER_97,NO_IMPROPER_ACTION+NOT_APPLICABLE_MINUS_1+NOT_APPLICABLE_MINUS_1
2357127,2,OTHER_97,-112.186352266105,33.4732417042929,3,LEGACY_INTERSECTION_RELATED_PRIOR_2009_98,OTHER_97,PHOENIX,2009-11-19 13:58:00,NO_IMPROPER_ACTION,NOT_APPLICABLE_MINUS_1+NOT_APPLICABLE_MINUS_1+FAILED_TO_YIELD_RIGHT_OF_WAY_103
2357131,2,OTHER_97,-112.100101503088,33.4486562630644,4,UNKNOWN_99,OTHER_97,PHOENIX,2009-11-24 16:06:00,DROVE_RODE_IN_OPPOSING_TRAFFIC_LANE,NO_IMPROPER_ACTION
2357136,2,OTHER_97,-112.142907735054,33.55899329109,2,UNKNOWN_99,OTHER_97,PHOENIX,2009-12-02 07:53:00,OTHER_97,INATTENTION_DISTRACTION
2357137,2,OTHER_97,-112.013154454829,33.5968782829656,3,LEGACY_INTERSECTION_RELATED_PRIOR_2009_98,OTHER_97,PHOENIX,2009-12-01 08:13:00,NO_IMPROPER_ACTION,FAILED_TO_YIELD_RIGHT_OF_WAY_103
2357139,2,OTHER_97,-112.01717176174,33.4804537638978,3,LEGACY_INTERSECTION_RELATED_PRIOR_2009_98,OTHER_97,PHOENIX,2009-12-02 11:56:00,FAILED_TO_YIELD_RIGHT_OF_WAY_103,OTHER_97
2357143,2,OTHER_97,-112.203178839574,33.4911787735107,2,LEGACY_INTERSECTION_RELATED_PRIOR_2009_98,OTHER_97,PHOENIX,2009-12-04 17:36:00,NO_IMPROPER_ACTION,NOT_APPLICABLE_MINUS_1+FAILED_TO_YIELD_RIGHT_OF_WAY_103
2357144,2,OTHER_97,-112.233711862529,33.4249495735029,2,LEGACY_INTERSECTION_RELATED_PRIOR_2009_98,OTHER_97,PHOENIX,2009-12-03 08:10:00,UNKNOWN_99,UNKNOWN_99
2357146,2,OTHER_97,-112.168818095248,33.5021391417081,3,LEGACY_INTERSECTION_RELATED_PRIOR_2009_98,OTHER_97,PHOENIX,2009-12-10 07:50:00,OTHER_97,NO_IMPROPER_ACTION
2357155,2,OTHER_97,-112.082762893797,33.6546402943803,3,LEGACY_INTERSECTION_RELATED_PRIOR_2009_98,OTHER_97,PHOENIX,2009-12-14 07:55:00,DROVE_RODE_IN_OPPOSING_TRAFFIC_LANE,NO_IMPROPER_ACTION
2357156,2,OTHER_97,-112.131503854329,33.6396089955907,3,UNKNOWN_99,OTHER_97,PHOENIX,2009-12-18 11:30:00,OTHER_97,NO_IMPROPER_ACTION+NOT_APPLICABLE_MINUS_1
2357158,2,OTHER_97,-112.026585025092,33.65773162626,4,UNKNOWN_99,OTHER_97,PHOENIX,2009-12-14 13:08:00,FAILED_TO_YIELD_RIGHT_OF_WAY_103,NO_IMPROPER_ACTION
2357159,2,OTHER_97,-112.056276354442,33.4947200380633,4,LEGACY_INTERSECTION_RELATED_PRIOR_2009_98,OTHER_97,PHOENIX,2009-12-17 14:14:00,DISREGARDED_TRAFFIC_SIGNAL,NO_IMPROPER_ACTION
2357163,2,OTHER_97,-112.012931397066,33.4632619150547,3,NOT_AT_INTERSECTION_0,OTHER_97,PHOENIX,2009-12-29 13:59:00,INATTENTION_DISTRACTION,NOT_APPLICABLE_MINUS_1+NO_IMPROPER_ACTION
2357165,2,OTHER_97,-112.04750648357,33.5382778419223,2,LEGACY_INTERSECTION_RELATED_PRIOR_2009_98,OTHER_97,PHOENIX,2009-12-31 16:52:00,OTHER_97,NO_IMPROPER_ACTION
2357169,2,OTHER_97,-112.117026452025,33.4990230852962,2,UNKNOWN_99,OTHER_97,PHOENIX,2009-12-02 12:30:00,INATTENTION_DISTRACTION,NO_IMPROPER_ACTION
2357270,2,REAR_END,-111.824123813598,33.3062329145074,4,FOUR_WAY_INTERSECTION,REAR_END,CHANDLER,2009-10-07 19:46:00,DROVE_RODE_IN_OPPOSING_TRAFFIC_LANE,NO_IMPROPER_ACTION
2358085,2,SIDESWIPE_SAME_DIRECTION,0,0,2,T_INTERSECTION,SIDESWIPE_SAME_DIRECTION,UNSPECIFIED_999,2009-10-15 10:05:00,NO_IMPROPER_ACTION,FAILED_TO_YIELD_RIGHT_OF_WAY_103+NOT_APPLICABLE_MINUS_1+NOT_APPLICABLE_MINUS_1
2359128,2,ANGLE_FRONT_TO_SIDE,-112.238261637215,33.5818761215942,4,FOUR_WAY_INTERSECTION,ANGLE_FRONT_TO_SIDE,PEORIA,2009-11-01 09:00:00,DISREGARDED_TRAFFIC_SIGNAL,NO_IMPROPER_ACTION+NOT_APPLICABLE_MINUS_1
2359366,2,LEFT_TURN,-111.935252725743,33.3782408873484,2,FOUR_WAY_INTERSECTION,LEFT_TURN,TEMPE,2009-11-02 17:46:00,OTHER_97,NO_IMPROPER_ACTION
2359404,2,OTHER_97,-110.942497377427,32.2360296031273,3,T_INTERSECTION,OTHER_97,TUCSON,2009-11-03 13:34:00,NO_IMPROPER_ACTION,FAILED_TO_YIELD_RIGHT_OF_WAY_103+NOT_APPLICABLE_MINUS_1
2359511,2,OTHER_97,-112.237834285161,33.6814729698341,2,FOUR_WAY_INTERSECTION,OTHER_97,PEORIA,2009-11-04 16:35:00,NO_IMPROPER_ACTION,FAILED_TO_YIELD_RIGHT_OF_WAY_103
2359570,2,ANGLE_FRONT_TO_SIDE,-112.255007306676,33.5589594329353,2,T_INTERSECTION,ANGLE_FRONT_TO_SIDE,PEORIA,2009-11-06 19:26:00,INATTENTION_DISTRACTION,INATTENTION_DISTRACTION
2359585,2,ANGLE_FRONT_TO_SIDE,-112.256528204613,33.5663121457947,2,FOUR_WAY_INTERSECTION,ANGLE_FRONT_TO_SIDE,PEORIA,2009-11-06 11:27:00,OTHER_97,INATTENTION_DISTRACTION
2359624,2,ANGLE_FRONT_TO_SIDE,-112.306392069432,33.4281619030576,1,FOUR_WAY_INTERSECTION,ANGLE_FRONT_TO_SIDE,UNSPECIFIED_999,2009-11-02 14:06:00,UNKNOWN_99,NOT_APPLICABLE_MINUS_1+UNKNOWN_99
2359628,2,LEFT_TURN,-111.84185151929,33.4259983943458,2,FOUR_WAY_INTERSECTION,LEFT_TURN,MESA,2009-11-02 16:17:00,INATTENTION_DISTRACTION,NO_IMPROPER_ACTION
2359654,2,ANGLE_FRONT_TO_SIDE,-111.847847883618,33.4295362648576,2,NOT_AT_INTERSECTION_0,ANGLE_FRONT_TO_SIDE,MESA,2009-11-12 14:58:00,DROVE_RODE_IN_OPPOSING_TRAFFIC_LANE+NOT_APPLICABLE_MINUS_1,NO_IMPROPER_ACTION
2359655,2,ANGLE_FRONT_TO_SIDE,-111.667381857698,35.1842070434738,2,NOT_AT_INTERSECTION_0,ANGLE_FRONT_TO_SIDE,FLAGSTAFF,2009-11-03 00:18:00,KNOWINGLY_OPERATED_WITH_FAULTY_MISSING_EQUIPMENT,NO_IMPROPER_ACTION
2359667,2,LEFT_TURN,0,0,2,NOT_AT_INTERSECTION_0,LEFT_TURN,FLAGSTAFF,2009-11-03 11:11:00,INATTENTION_DISTRACTION,FAILED_TO_YIELD_RIGHT_OF_WAY_103
2359714,2,ANGLE_FRONT_TO_SIDE,-111.613501597541,35.2091205983719,3,NOT_AT_INTERSECTION_0,ANGLE_FRONT_TO_SIDE,FLAGSTAFF,2009-11-02 17:54:00,UNKNOWN_99,INATTENTION_DISTRACTION
2359721,2,ANGLE_FRONT_TO_SIDE,-111.848404606619,33.4077280539021,3,FOUR_WAY_INTERSECTION,ANGLE_FRONT_TO_SIDE,MESA,2009-11-12 07:36:00,SPEED_TOO_FAST_FOR_CONDITIONS,NO_IMPROPER_ACTION
2359722,2,LEFT_TURN,-110.965304719989,32.199583792185,1,T_INTERSECTION,LEFT_TURN,SOUTH TUCSON,2009-11-10 10:45:00,KNOWINGLY_OPERATED_WITH_FAULTY_MISSING_EQUIPMENT,NO_IMPROPER_ACTION
2359777,2,LEFT_TURN,0,0,3,NOT_AT_INTERSECTION_0,LEFT_TURN,TOLLESON,2009-11-06 17:38:00,INATTENTION_DISTRACTION,NOT_APPLICABLE_MINUS_1+NOT_APPLICABLE_MINUS_1+NO_IMPROPER_ACTION+NOT_APPLICABLE_MINUS_1
2359820,2,ANGLE_FRONT_TO_SIDE,-111.860990054832,33.6057723421832,3,T_INTERSECTION,ANGLE_FRONT_TO_SIDE,SCOTTSDALE,2009-11-08 10:15:00,NO_IMPROPER_ACTION,FAILED_TO_YIELD_RIGHT_OF_WAY_103
2359838,2,ANGLE_FRONT_TO_SIDE,-111.87755412417,33.3672891479911,1,FOUR_WAY_INTERSECTION,ANGLE_FRONT_TO_SIDE,MESA,2009-11-07 18:56:00,ELECTRONIC_COMMUNICATIONS_DEVICE,INATTENTION_DISTRACTION
2359884,2,LEFT_TURN,-111.90406273399,33.3784348804172,1,UNKNOWN_99,LEFT_TURN,TEMPE,2009-11-10 17:10:00,OTHER_97,NO_IMPROPER_ACTION
2359909,2,LEFT_TURN,-111.820743093502,33.3357252315236,2,FOUR_WAY_INTERSECTION,LEFT_TURN,GILBERT,2009-11-11 18:37:00,NO_IMPROPER_ACTION,FAILED_TO_YIELD_RIGHT_OF_WAY_103
2359935,2,ANGLE_FRONT_TO_SIDE,-111.806979748724,33.348875350983,2,T_INTERSECTION,ANGLE_FRONT_TO_SIDE,GILBERT,2009-11-06 08:07:00,NO_IMPROPER_ACTION,FAILED_TO_YIELD_RIGHT_OF_WAY_103
2359960,2,OTHER_97,-111.661571088672,35.1884915151222,2,NOT_AT_INTERSECTION_0,OTHER_97,FLAGSTAFF,2009-11-06 19:13:00,NO_IMPROPER_ACTION,OTHER_97
2360000,2,ANGLE_FRONT_TO_SIDE,-111.645874275357,35.1966934445529,1,NOT_AT_INTERSECTION_0,ANGLE_FRONT_TO_SIDE,FLAGSTAFF,2009-11-10 14:04:00,DID_NOT_USE_CROSSWALK,NO_IMPROPER_ACTION
2360071,2,ANGLE_FRONT_TO_SIDE,-111.62418423166,35.1962958428718,3,NOT_AT_INTERSECTION_0,ANGLE_FRONT_TO_SIDE,FLAGSTAFF,2009-11-14 10:34:00,OTHER_97,NO_IMPROPER_ACTION
2360092,2,ANGLE_FRONT_TO_SIDE,0,0,2,NOT_AT_INTERSECTION_0,ANGLE_FRONT_TO_SIDE,YUMA,2009-11-14 12:22:00,OTHER_97,NO_IMPROPER_ACTION
2360118,2,OTHER_97,-111.914707738804,33.3695513973095,2,NOT_AT_INTERSECTION_0,OTHER_97,TEMPE,2009-11-04 08:05:00,FAILED_TO_YIELD_RIGHT_OF_WAY_103,NO_IMPROPER_ACTION
2360121,2,SIDESWIPE_SAME_DIRECTION,-111.939957976851,33.4186778710334,1,NOT_AT_INTERSECTION_0,SIDESWIPE_SAME_DIRECTION,TEMPE,2009-11-04 09:37:00,UNKNOWN_99,UNKNOWN_99
2360160,2,OTHER_97,0,0,3,NOT_AT_INTERSECTION_0,OTHER_97,TEMPE,2009-11-04 21:55:00,NO_IMPROPER_ACTION,NO_IMPROPER_ACTION+NOT_APPLICABLE_MINUS_1
2360232,2,ANGLE_FRONT_TO_SIDE,-111.037789121164,32.3374719267208,3,FOUR_WAY_INTERSECTION,ANGLE_FRONT_TO_SIDE,UNSPECIFIED_999,2009-11-08 10:27:00,FAILED_TO_KEEP_IN_PROPER_LANE,NO_IMPROPER_ACTION
2360534,2,OTHER_97,-109.75494547,32.8491328627305,1,FOUR_WAY_INTERSECTION,OTHER_97,THATCHER,2009-11-10 14:30:00,DISREGARDED_TRAFFIC_SIGNAL,NO_IMPROPER_ACTION
2360538,2,SIDESWIPE_SAME_DIRECTION,-111.753805446925,33.4010054360521,3,FOUR_WAY_INTERSECTION,SIDESWIPE_SAME_DIRECTION,MESA,2009-11-23 07:32:00,OTHER_97,INATTENTION_DISTRACTION
2360544,2,LEFT_TURN,-112.420272867207,33.4937346610504,2,NOT_AT_INTERSECTION_0,LEFT_TURN,UNSPECIFIED_999,2009-11-10 19:10:00,FAILED_TO_YIELD_RIGHT_OF_WAY_103,NO_IMPROPER_ACTION
2360578,2,SIDESWIPE_SAME_DIRECTION,0,0,2,NOT_AT_INTERSECTION_0,SIDESWIPE_SAME_DIRECTION,UNSPECIFIED_999,2009-11-22 08:01:00,SPEED_TOO_FAST_FOR_CONDITIONS,KNOWINGLY_OPERATED_WITH_FAULTY_MISSING_EQUIPMENT
2360580,2,ANGLE_FRONT_TO_SIDE,-110.952421793988,32.2359834305799,1,FOUR_WAY_INTERSECTION,ANGLE_FRONT_TO_SIDE,TUCSON,2009-11-20 14:30:00,DISREGARDED_TRAFFIC_SIGNAL,NO_IMPROPER_ACTION+NOT_APPLICABLE_MINUS_1+NOT_APPLICABLE_MINUS_1
2360587,2,SIDESWIPE_SAME_DIRECTION,-111.851417832599,33.4294823327411,3,FOUR_WAY_INTERSECTION,SIDESWIPE_SAME_DIRECTION,MESA,2009-11-25 09:07:00,DID_NOT_USE_CROSSWALK,NO_IMPROPER_ACTION
2360628,2,ANGLE_FRONT_TO_SIDE,0,0,1,FOUR_WAY_INTERSECTION,ANGLE_FRONT_TO_SIDE,PRESCOTT VALLEY,2009-11-28 10:53:00,INATTENTION_DISTRACTION,NO_IMPROPER_ACTION
2360716,2,ANGLE_FRONT_TO_SIDE,-112.452881624488,34.7745948054666,2,FOUR_WAY_INTERSECTION,ANGLE_FRONT_TO_SIDE,CHINO VALLEY,2009-11-05 16:50:00,NO_IMPROPER_ACTION,FAILED_TO_YIELD_RIGHT_OF_WAY_103+NOT_APPLICABLE_MINUS_1+NOT_APPLICABLE_MINUS_1+NOT_APPLICABLE_MINUS_1
2360966,2,SIDESWIPE_SAME_DIRECTION,-111.66067844323,35.1928170848351,2,NOT_AT_INTERSECTION_0,SIDESWIPE_SAME_DIRECTION,FLAGSTAFF,2009-11-19 17:36:00,NO_IMPROPER_ACTION,FAILED_TO_YIELD_RIGHT_OF_WAY_103
2360980,2,ANGLE_FRONT_TO_SIDE,-111.568705157455,33.4151075232583,1,NOT_AT_INTERSECTION_0,ANGLE_FRONT_TO_SIDE,APACHE JUNCTION,2009-11-16 16:46:00,OTHER_97,NO_IMPROPER_ACTION
2360987,2,ANGLE_FRONT_TO_SIDE,-112.406079081543,33.4355306283595,3,FOUR_WAY_INTERSECTION,ANGLE_FRONT_TO_SIDE,GOODYEAR,2009-11-23 07:54:00,NO_IMPROPER_ACTION,FAILED_TO_YIELD_RIGHT_OF_WAY_103
2361016,2,UNKNOWN_99,-111.650491269977,35.2001008880495,4,FOUR_WAY_INTERSECTION,UNKNOWN_99,FLAGSTAFF,2009-11-23 18:01:00,DISREGARDED_TRAFFIC_SIGNAL,NO_IMPROPER_ACTION
2361083,2,REAR_END,-110.995665999676,32.3517563077922,3,FOUR_WAY_INTERSECTION,REAR_END,UNSPECIFIED_999,2009-11-06 05:45:00,KNOWINGLY_OPERATED_WITH_FAULTY_MISSING_EQUIPMENT,SPEED_TOO_FAST_FOR_CONDITIONS
2361103,2,ANGLE_FRONT_TO_SIDE,-112.324715480911,33.6089418514869,2,FOUR_WAY_INTERSECTION,ANGLE_FRONT_TO_SIDE,EL MIRAGE,2009-11-10 08:14:00,INATTENTION_DISTRACTION,NO_IMPROPER_ACTION
2361146,2,LEFT_TURN,-110.997542824319,32.290305494052,2,T_INTERSECTION,LEFT_TURN,UNSPECIFIED_999,2009-11-04 12:48:00,FAILED_TO_YIELD_RIGHT_OF_WAY_103,NOT_APPLICABLE_MINUS_1+NO_IMPROPER_ACTION
2361178,2,OTHER_97,0,0,2,FOUR_WAY_INTERSECTION,OTHER_97,COTTONWOOD,2009-11-24 17:49:00,UNKNOWN_99,FAILED_TO_YIELD_RIGHT_OF_WAY_103
2361202,2,ANGLE_FRONT_TO_SIDE,-110.812441693068,32.2209703131237,2,T_INTERSECTION,ANGLE_FRONT_TO_SIDE,TUCSON,2009-11-16 15:51:00,NO_IMPROPER_ACTION,OTHER_97+NOT_APPLICABLE_MINUS_1
2361289,2,ANGLE_FRONT_TO_SIDE,-110.797198227143,32.1166856706438,4,FOUR_WAY_INTERSECTION,ANGLE_FRONT_TO_SIDE,TUCSON,2009-11-18 17:53:00,FAILED_TO_YIELD_RIGHT_OF_WAY_103,NO_IMPROPER_ACTION
2361318,2,REAR_END,-110.904679178099,32.192540297957,3,NOT_AT_INTERSECTION_0,REAR_END,TUCSON,2009-11-17 02:40:00,NO_IMPROPER_ACTION,INATTENTION_DISTRACTION
2361326,2,SIDESWIPE_OPPOSITE_DIRECTION,-110.823808777288,32.2238803022642,1,NOT_AT_INTERSECTION_0,SIDESWIPE_OPPOSITE_DIRECTION,TUCSON,2009-11-17 20:55:00,OTHER_97,NO_IMPROPER_ACTION
2361429,2,LEFT_TURN,-110.999028458395,32.2288448781355,2,FOUR_WAY_INTERSECTION,LEFT_TURN,TUCSON,2009-11-20 18:26:00,OTHER_97,FAILED_TO_YIELD_RIGHT_OF_WAY_103
2361456,2,SIDESWIPE_SAME_DIRECTION,-110.952289486254,32.2647992410212,1,FOUR_WAY_INTERSECTION,SIDESWIPE_SAME_DIRECTION,TUCSON,2009-11-13 13:12:00,OTHER_UNSAFE_PASSING,NO_IMPROPER_ACTION
2361549,2,SIDESWIPE_OPPOSITE_DIRECTION,-111.646459391452,35.2060237434045,1,FOUR_WAY_INTERSECTION,SIDESWIPE_OPPOSITE_DIRECTION,FLAGSTAFF,2009-11-07 19:12:00,UNKNOWN_99,UNKNOWN_99
2361557,2,ANGLE_FRONT_TO_SIDE,-110.843925478382,32.2047212534523,2,NOT_AT_INTERSECTION_0,ANGLE_FRONT_TO_SIDE,TUCSON,2009-11-12 07:42:00,NO_IMPROPER_ACTION,FAILED_TO_YIELD_RIGHT_OF_WAY_103