IncidentID,num_vehicles_involved,eCollisionManner,Longitude,Latitude,InjurySeverity,eIntersectionType,eCollisionManner,city_name,IncidentDateTime,cyclist_citations,driver_citations
2361570,2,ANGLE_FRONT_TO_SIDE,-110.918035890866,32.22156738608,3,FOUR_WAY_INTERSECTION,ANGLE_FRONT_TO_SIDE,TUCSON,2009-11-20 16:26:00,NO_IMPROPER_ACTION,FAILED_TO_YIELD_RIGHT_OF_WAY_103
2361632,2,SIDESWIPE_OPPOSITE_DIRECTION,0,0,1,T_INTERSECTION,SIDESWIPE_OPPOSITE_DIRECTION,UNSPECIFIED_999,2009-11-17 14:10:00,NO_IMPROPER_ACTION,FAILED_TO_YIELD_RIGHT_OF_WAY_103
2361683,2,ANGLE_FRONT_TO_SIDE,-111.952402478887,33.3871874700921,2,NOT_AT_INTERSECTION_0,ANGLE_FRONT_TO_SIDE,TEMPE,2009-11-05 16:12:00,FAILED_TO_YIELD_RIGHT_OF_WAY_103,NO_IMPROPER_ACTION
2361705,2,LEFT_TURN,-111.721925976511,33.36788482659,3,T_INTERSECTION,LEFT_TURN,GILBERT,2009-11-18 16:09:00,OTHER_97,NO_IMPROPER_ACTION
2361706,2,ANGLE_FRONT_TO_SIDE,-112.176357951992,33.6107428660091,1,NOT_AT_INTERSECTION_0,ANGLE_FRONT_TO_SIDE,GLENDALE,2009-11-24 09:00:00,SPEED_TOO_FAST_FOR_CONDITIONS,FAILED_TO_YIELD_RIGHT_OF_WAY_103
2361772,2,ANGLE_FRONT_TO_SIDE,-111.909076418421,33.4221809424699,1,NOT_AT_INTERSECTION_0,ANGLE_FRONT_TO_SIDE,TEMPE,2009-11-04 14:26:00,DISREGARDED_TRAFFIC_SIGNAL+NOT_APPLICABLE_MINUS_1,NO_IMPROPER_ACTION
2361828,2,HEAD_ON,-112.012823427681,33.4613580841075,2,INTERSECTION_AS_PART_OF_INTERCHANGE,HEAD_ON,PHOENIX,2009-11-02 15:49:00,NO_IMPROPER_ACTION,FAILED_TO_YIELD_RIGHT_OF_WAY_103
2361906,2,ANGLE_FRONT_TO_SIDE,-111.940155799877,33.4219398529815,1,FOUR_WAY_INTERSECTION,ANGLE_FRONT_TO_SIDE,TEMPE,2009-11-13 12:53:00,NO_IMPROPER_ACTION,FAILED_TO_YIELD_RIGHT_OF_WAY_103
2361920,2,OTHER_97,0,0,1,T_INTERSECTION,OTHER_97,UNSPECIFIED_999,2009-11-17 10:49:00,NO_IMPROPER_ACTION,FAILED_TO_YIELD_RIGHT_OF_WAY_103
2361960,2,HEAD_ON,-111.905339254311,33.5093834527922,2,NOT_AT_INTERSECTION_0,HEAD_ON,SCOTTSDALE,2009-11-03 13:33:00,FAILED_TO_KEEP_IN_PROPER_LANE,NO_IMPROPER_ACTION
2362211,2,ANGLE_FRONT_TO_SIDE,-111.92616747763,33.4783029014539,2,NOT_AT_INTERSECTION_0,ANGLE_FRONT_TO_SIDE,SCOTTSDALE,2009-11-10 15:01:00,DROVE_RODE_IN_OPPOSING_TRAFFIC_LANE,NOT_APPLICABLE_MINUS_1+NO_IMPROPER_ACTION
2362240,2,ANGLE_FRONT_TO_SIDE,-110.978513054141,32.1995215548682,4,FOUR_WAY_INTERSECTION,ANGLE_FRONT_TO_SIDE,TUCSON,2009-11-21 10:18:00,NO_IMPROPER_ACTION,FAILED_TO_YIELD_RIGHT_OF_WAY_103
2362248,2,ANGLE_FRONT_TO_SIDE,-111.876726916043,33.5752665239413,1,T_INTERSECTION,ANGLE_FRONT_TO_SIDE,SCOTTSDALE,2009-11-10 08:31:00,UNKNOWN_99,UNKNOWN_99
2362291,2,ANGLE_FRONT_TO_SIDE,-110.857931409356,32.2252700255723,3,FOUR_WAY_INTERSECTION,ANGLE_FRONT_TO_SIDE,TUCSON,2009-11-22 09:28:00,NO_IMPROPER_ACTION,FAILED_TO_YIELD_RIGHT_OF_WAY_103
2362341,2,ANGLE_FRONT_TO_SIDE,-110.909600280941,32.2215595547992,1,FOUR_WAY_INTERSECTION,ANGLE_FRONT_TO_SIDE,TUCSON,2009-11-23 12:55:00,NO_IMPROPER_ACTION+NOT_APPLICABLE_MINUS_1,FAILED_TO_YIELD_RIGHT_OF_WAY_103
2362366,2,OTHER_97,-110.965289353751,32.2316617465565,2,NOT_AT_INTERSECTION_0,OTHER_97,TUCSON,2009-11-23 08:22:00,NO_IMPROPER_ACTION,INATTENTION_DISTRACTION
2362421,2,SIDESWIPE_SAME_DIRECTION,-110.944258731875,32.2214413764607,3,NOT_AT_INTERSECTION_0,SIDESWIPE_SAME_DIRECTION,TUCSON,2009-11-24 14:45:00,NO_IMPROPER_ACTION,FAILED_TO_YIELD_RIGHT_OF_WAY_103
2362429,2,ANGLE_FRONT_TO_SIDE,-111.772852878903,33.301542800682,2,T_INTERSECTION,ANGLE_FRONT_TO_SIDE,GILBERT,2009-11-17 18:32:00,NO_IMPROPER_ACTION,FAILED_TO_YIELD_RIGHT_OF_WAY_103
2362453,2,SIDESWIPE_SAME_DIRECTION,-111.941284096535,33.4259466663559,3,NOT_AT_INTERSECTION_0,SIDESWIPE_SAME_DIRECTION,TEMPE,2009-11-16 19:16:00,NO_IMPROPER_ACTION,UNKNOWN_99
2362475,2,OTHER_97,-110.90957986201,32.2287754570172,3,NOT_AT_INTERSECTION_0,OTHER_97,TUCSON,2009-11-25 13:51:00,NO_IMPROPER_ACTION,NOT_APPLICABLE_MINUS_1+FAILED_TO_YIELD_RIGHT_OF_WAY_103
2362499,2,ANGLE_FRONT_TO_SIDE,-110.8473259746,32.2496408471305,3,FOUR_WAY_INTERSECTION,ANGLE_FRONT_TO_SIDE,TUCSON,2009-11-25 10:11:00,NO_IMPROPER_ACTION,FAILED_TO_YIELD_RIGHT_OF_WAY_103
2362507,3,REAR_END,0,0,3,T_INTERSECTION,REAR_END,GLENDALE,2009-11-04 20:34:00,NO_IMPROPER_ACTION+NO_IMPROPER_ACTION,INATTENTION_DISTRACTION
2362565,2,ANGLE_FRONT_TO_SIDE,-112.21433473976,33.5122536196609,2,NOT_AT_INTERSECTION_0,ANGLE_FRONT_TO_SIDE,GLENDALE,2009-11-03 17:02:00,SPEED_TOO_FAST_FOR_CONDITIONS+NOT_APPLICABLE_MINUS_1,SPEED_TOO_FAST_FOR_CONDITIONS
2362576,2,SIDESWIPE_OPPOSITE_DIRECTION,-111.856685870614,33.4076333909929,2,FOUR_WAY_INTERSECTION,SIDESWIPE_OPPOSITE_DIRECTION,MESA,2009-11-21 15:58:00,DISREGARDED_TRAFFIC_SIGNAL,NO_IMPROPER_ACTION
2362590,2,OTHER_97,-112.190903410434,33.6266832081132,3,UNKNOWN_99,OTHER_97,GLENDALE,2009-11-03 10:17:00,UNKNOWN_99,UNKNOWN_99
2362598,2,SIDESWIPE_OPPOSITE_DIRECTION,-111.952009580822,33.4146172691845,3,NOT_AT_INTERSECTION_0,SIDESWIPE_OPPOSITE_DIRECTION,TEMPE,2009-11-13 02:19:00,DROVE_RODE_IN_OPPOSING_TRAFFIC_LANE,NOT_APPLICABLE_MINUS_1+NO_IMPROPER_ACTION
2362632,2,ANGLE_FRONT_TO_SIDE,-112.151696625781,33.5675051930921,2,NOT_AT_INTERSECTION_0,ANGLE_FRONT_TO_SIDE,GLENDALE,2009-11-06 16:05:00,UNKNOWN_99,UNKNOWN_99
2362652,2,OTHER_97,-111.722089874662,33.4228452568203,1,NOT_AT_INTERSECTION_0,OTHER_97,MESA,2009-11-09 12:02:00,NO_IMPROPER_ACTION,FAILED_TO_YIELD_RIGHT_OF_WAY_103
2362706,2,SIDESWIPE_SAME_DIRECTION,-111.722500500879,32.8795649004607,1,NOT_AT_INTERSECTION_0,SIDESWIPE_SAME_DIRECTION,CASA GRANDE,2009-11-14 13:33:00,SPEED_TOO_FAST_FOR_CONDITIONS,NO_IMPROPER_ACTION
2362715,2,UNKNOWN_99,0,0,2,NOT_AT_INTERSECTION_0,UNKNOWN_99,FLAGSTAFF,2009-11-17 15:45:00,FAILED_TO_YIELD_RIGHT_OF_WAY_103,UNKNOWN_99
2362763,2,OTHER_97,-111.734847840907,32.9087823512216,3,NOT_AT_INTERSECTION_0,OTHER_97,CASA GRANDE,2009-11-17 07:44:00,NO_IMPROPER_ACTION,FAILED_TO_YIELD_RIGHT_OF_WAY_103
2362811,2,SIDESWIPE_SAME_DIRECTION,-111.788015820567,33.4299093523834,1,FOUR_WAY_INTERSECTION,SIDESWIPE_SAME_DIRECTION,MESA,2009-11-13 07:59:00,DROVE_RODE_IN_OPPOSING_TRAFFIC_LANE,NO_IMPROPER_ACTION+NOT_APPLICABLE_MINUS_1
2362813,2,SIDESWIPE_SAME_DIRECTION,0,0,2,T_INTERSECTION,SIDESWIPE_SAME_DIRECTION,UNSPECIFIED_999,2009-11-23 13:42:00,DROVE_RODE_IN_OPPOSING_TRAFFIC_LANE,NO_IMPROPER_ACTION
2362832,2,OTHER_97,-112.476167799142,34.5456021575413,3,FOUR_WAY_INTERSECTION,OTHER_97,PRESCOTT,2009-11-24 19:48:00,DISREGARDED_TRAFFIC_SIGNAL,NO_IMPROPER_ACTION
2362835,2,ANGLE_FRONT_TO_SIDE,-111.698164342215,33.4373913188219,3,T_INTERSECTION,ANGLE_FRONT_TO_SIDE,MESA,2009-11-12 16:10:00,FAILED_TO_KEEP_IN_PROPER_LANE,NO_IMPROPER_ACTION+NOT_APPLICABLE_MINUS_1
2362844,2,SIDESWIPE_OPPOSITE_DIRECTION,0,0,3,NOT_AT_INTERSECTION_0,SIDESWIPE_OPPOSITE_DIRECTION,UNSPECIFIED_999,2009-11-21 15:33:00,DROVE_RODE_IN_OPPOSING_TRAFFIC_LANE,UNKNOWN_99
2362878,2,ANGLE_FRONT_TO_SIDE,-111.615343429992,33.4077798037843,2,FOUR_WAY_INTERSECTION,ANGLE_FRONT_TO_SIDE,UNSPECIFIED_999,2009-11-25 16:45:00,NOT_APPLICABLE_MINUS_1+DROVE_RODE_IN_OPPOSING_TRAFFIC_LANE,NO_IMPROPER_ACTION
2362880,2,UNKNOWN_99,-111.934957687792,33.392898232813,3,FOUR_WAY_INTERSECTION,UNKNOWN_99,TEMPE,2009-11-25 02:15:00,UNKNOWN_99,INATTENTION_DISTRACTION
2362948,2,OTHER_97,-111.748659791781,32.8941424705128,2,FOUR_WAY_INTERSECTION,OTHER_97,CASA GRANDE,2009-11-01 11:59:00,UNKNOWN_99,UNKNOWN_99
2363109,2,LEFT_TURN,-111.770432938857,33.4518121310279,2,NOT_AT_INTERSECTION_0,LEFT_TURN,MESA,2009-11-28 15:10:00,NO_IMPROPER_ACTION,FAILED_TO_YIELD_RIGHT_OF_WAY_103
2363150,3,LEFT_TURN,-112.220072173003,33.6103367535027,3,FOUR_WAY_INTERSECTION,LEFT_TURN,PEORIA,2009-11-30 06:52:00,NO_IMPROPER_ACTION,NO_IMPROPER_ACTION+FAILED_TO_YIELD_RIGHT_OF_WAY_103
2363206,2,ANGLE_FRONT_TO_SIDE,-112.186181277597,33.5746923293421,4,FOUR_WAY_INTERSECTION,ANGLE_FRONT_TO_SIDE,GLENDALE,2009-11-05 18:14:00,NO_IMPROPER_ACTION,FAILED_TO_YIELD_RIGHT_OF_WAY_103
2363207,2,OTHER_97,-111.936675663676,33.4226965508795,1,NOT_AT_INTERSECTION_0,OTHER_97,TEMPE,2009-11-18 11:16:00,NO_IMPROPER_ACTION,OTHER_97
2363294,2,ANGLE_FRONT_TO_SIDE,-111.924409845123,33.4075170135317,2,NOT_AT_INTERSECTION_0,ANGLE_FRONT_TO_SIDE,TEMPE,2009-11-18 16:30:00,OTHER_97,NO_IMPROPER_ACTION
2363297,2,ANGLE_FRONT_TO_SIDE,-111.037820950133,32.3374583995938,3,FOUR_WAY_INTERSECTION,ANGLE_FRONT_TO_SIDE,UNSPECIFIED_999,2009-11-20 21:10:00,NO_IMPROPER_ACTION,FAILED_TO_YIELD_RIGHT_OF_WAY_103
2363384,2,ANGLE_FRONT_TO_SIDE,-110.787986458001,32.1107279001432,3,NOT_AT_INTERSECTION_0,ANGLE_FRONT_TO_SIDE,TUCSON,2009-11-03 07:46:00,NO_IMPROPER_ACTION,FAILED_TO_YIELD_RIGHT_OF_WAY_103
2363389,2,HEAD_ON,-111.327835868835,34.2630971407097,2,T_INTERSECTION,HEAD_ON,PAYSON,2009-11-25 17:40:00,UNKNOWN_99,UNKNOWN_99
2363415,2,ANGLE_FRONT_TO_SIDE,-111.919706019688,33.3180334093853,3,FOUR_WAY_INTERSECTION,ANGLE_FRONT_TO_SIDE,CHANDLER,2009-11-10 07:55:00,DROVE_RODE_IN_OPPOSING_TRAFFIC_LANE,NO_IMPROPER_ACTION
2363433,2,ANGLE_FRONT_TO_SIDE,-111.832841607037,33.315159621173,3,T_INTERSECTION,ANGLE_FRONT_TO_SIDE,CHANDLER,2009-11-10 18:44:00,NO_IMPROPER_ACTION,FAILED_TO_YIELD_RIGHT_OF_WAY_103
2363541,2,SIDESWIPE_SAME_DIRECTION,0,0,3,NOT_AT_INTERSECTION_0,SIDESWIPE_SAME_DIRECTION,UNSPECIFIED_999,2009-11-10 15:11:00,NO_IMPROPER_ACTION,FAILED_TO_YIELD_RIGHT_OF_WAY_103+NOT_APPLICABLE_MINUS_1
2363550,2,OTHER_97,-111.859085384332,33.3351083076428,3,FOUR_WAY_INTERSECTION,OTHER_97,CHANDLER,2009-11-03 07:58:00,FAILED_TO_YIELD_RIGHT_OF_WAY_103,NO_IMPROPER_ACTION
2363595,2,ANGLE_FRONT_TO_SIDE,-111.892260601258,33.4075429619798,1,T_INTERSECTION,ANGLE_FRONT_TO_SIDE,TEMPE,2009-11-17 07:49:00,NO_IMPROPER_ACTION,NO_IMPROPER_ACTION
2363730,2,OTHER_97,-111.82218626989,33.3207278730714,1,NOT_AT_INTERSECTION_0,OTHER_97,CHANDLER,2009-11-13 14:45:00,NO_IMPROPER_ACTION,SPEED_TOO_FAST_FOR_CONDITIONS
2363761,2,ANGLE_FRONT_TO_SIDE,-111.842680470883,33.8427850914098,1,T_INTERSECTION,ANGLE_FRONT_TO_SIDE,SCOTTSDALE,2009-11-19 16:16:00,NO_IMPROPER_ACTION,FAILED_TO_YIELD_RIGHT_OF_WAY_103
2363797,2,ANGLE_FRONT_TO_SIDE,-111.923422708216,33.4101463013657,4,NOT_AT_INTERSECTION_0,ANGLE_FRONT_TO_SIDE,TEMPE,2009-11-17 07:31:00,NO_IMPROPER_ACTION,FAILED_TO_YIELD_RIGHT_OF_WAY_103
2363812,2,ANGLE_FRONT_TO_SIDE,-111.889563710353,33.3204064629215,3,FOUR_WAY_INTERSECTION,ANGLE_FRONT_TO_SIDE,CHANDLER,2009-11-15 07:34:00,NO_IMPROPER_ACTION,INATTENTION_DISTRACTION
2363863,2,ANGLE_FRONT_TO_SIDE,-110.946743582479,32.2887074301496,3,NOT_AT_INTERSECTION_0,ANGLE_FRONT_TO_SIDE,TUCSON,2009-11-06 06:00:00,NO_IMPROPER_ACTION,FAILED_TO_YIELD_RIGHT_OF_WAY_103
2363872,2,ANGLE_FRONT_TO_SIDE,-111.013203179986,32.3231501870173,4,NOT_AT_INTERSECTION_0,ANGLE_FRONT_TO_SIDE,UNSPECIFIED_999,2009-11-23 15:30:00,INATTENTION_DISTRACTION,NO_IMPROPER_ACTION
2363874,2,ANGLE_FRONT_TO_SIDE,-111.841529644976,33.2988391026028,3,FOUR_WAY_INTERSECTION,ANGLE_FRONT_TO_SIDE,CHANDLER,2009-11-13 14:46:00,FAILED_TO_YIELD_RIGHT_OF_WAY_103+NOT_APPLICABLE_MINUS_1,NO_IMPROPER_ACTION
2363876,2,ANGLE_FRONT_TO_SIDE,-110.901155530967,32.2578922463835,3,FOUR_WAY_INTERSECTION,ANGLE_FRONT_TO_SIDE,TUCSON,2009-11-06 17:58:00,NO_IMPROPER_ACTION,FAILED_TO_YIELD_RIGHT_OF_WAY_103
2363908,2,LEFT_TURN,-111.753654106369,33.4227616069486,1,FOUR_WAY_INTERSECTION,LEFT_TURN,MESA,2009-11-24 15:22:00,NO_IMPROPER_ACTION,NO_IMPROPER_ACTION+NOT_APPLICABLE_MINUS_1+NOT_APPLICABLE_MINUS_1+NOT_APPLICABLE_MINUS_1+NOT_APPLICABLE_MINUS_1+NOT_APPLICABLE_MINUS_1+NOT_APPLICABLE_MINUS_1+NOT_APPLICABLE_MINUS_1+NOT_APPLICABLE_MINUS_1+NOT_APPLICABLE_MINUS_1+NOT_APPLICABLE_MINUS_1+NOT_APPLICABLE_MINUS_1+NOT_APPLICABLE_MINUS_1+NOT_APPLICABLE_MINUS_1+NOT_APPLICABLE_MINUS_1+
2364094,2,OTHER_97,-111.885888986411,33.3059534246682,1,NOT_AT_INTERSECTION_0,OTHER_97,CHANDLER,2009-11-06 21:47:00,OTHER_97,FAILED_TO_YIELD_RIGHT_OF_WAY_103
2364101,2,ANGLE_FRONT_TO_SIDE,-110.891636030246,32.3083897592997,1,NOT_AT_INTERSECTION_0,ANGLE_FRONT_TO_SIDE,UNSPECIFIED_999,2009-11-27 15:15:00,NO_IMPROPER_ACTION,FAILED_TO_YIELD_RIGHT_OF_WAY_103
2364121,2,ANGLE_FRONT_TO_SIDE,-112.069367129018,33.4613122348553,3,FOUR_WAY_INTERSECTION,ANGLE_FRONT_TO_SIDE,PHOENIX,2009-11-02 21:33:00,DID_NOT_USE_CROSSWALK,INATTENTION_DISTRACTION
2364205,2,REAR_END,-111.926135569408,33.4840653347404,1,FOUR_WAY_INTERSECTION,REAR_END,SCOTTSDALE,2009-11-22 02:33:00,NO_IMPROPER_ACTION,OTHER_97
2364250,2,ANGLE_FRONT_TO_SIDE,-112.099792110563,33.6532128064808,3,NOT_AT_INTERSECTION_0,ANGLE_FRONT_TO_SIDE,PHOENIX,2009-11-06 14:13:00,FAILED_TO_YIELD_RIGHT_OF_WAY_103,NO_IMPROPER_ACTION
2364306,2,ANGLE_FRONT_TO_SIDE,-111.980385226993,33.3515823553675,3,T_INTERSECTION,ANGLE_FRONT_TO_SIDE,PHOENIX,2009-11-25 11:52:00,DROVE_RODE_IN_OPPOSING_TRAFFIC_LANE,NO_IMPROPER_ACTION
2364380,2,ANGLE_FRONT_TO_SIDE,-112.15134154303,33.5963188408291,2,FOUR_WAY_INTERSECTION,ANGLE_FRONT_TO_SIDE,PHOENIX,2009-11-20 15:49:00,DISREGARDED_TRAFFIC_SIGNAL,NO_IMPROPER_ACTION+NOT_APPLICABLE_MINUS_1
2364424,2,ANGLE_FRONT_TO_SIDE,-112.066426365475,33.6401983315655,2,NOT_AT_INTERSECTION_0,ANGLE_FRONT_TO_SIDE,PHOENIX,2009-11-20 17:56:00,DROVE_RODE_IN_OPPOSING_TRAFFIC_LANE,NO_IMPROPER_ACTION
2364495,2,ANGLE_FRONT_TO_SIDE,-112.203188565013,33.5050848644001,2,NOT_AT_INTERSECTION_0,ANGLE_FRONT_TO_SIDE,PHOENIX,2009-11-05 17:25:00,DID_NOT_USE_CROSSWALK,UNKNOWN_99
2364535,2,ANGLE_FRONT_TO_SIDE,-112.16840379156,33.6251727037745,1,FOUR_WAY_INTERSECTION,ANGLE_FRONT_TO_SIDE,PHOENIX,2009-11-23 17:50:00,NO_IMPROPER_ACTION,UNKNOWN_99
2364583,2,ANGLE_FRONT_TO_SIDE,-111.840078747788,33.3943614814457,3,NOT_AT_INTERSECTION_0,ANGLE_FRONT_TO_SIDE,MESA,2009-07-01 13:30:00,OTHER_97,FAILED_TO_YIELD_RIGHT_OF_WAY_103
2364595,2,ANGLE_FRONT_TO_SIDE,0,0,3,T_INTERSECTION,ANGLE_FRONT_TO_SIDE,TUCSON,2009-11-01 18:17:00,NO_IMPROPER_ACTION,FAILED_TO_YIELD_RIGHT_OF_WAY_103
2364601,2,ANGLE_FRONT_TO_SIDE,-111.86045053649,33.3929969566286,4,FOUR_WAY_INTERSECTION,ANGLE_FRONT_TO_SIDE,MESA,2009-07-23 18:21:00,OTHER_97,FAILED_TO_YIELD_RIGHT_OF_WAY_103
2364625,2,ANGLE_FRONT_TO_SIDE,-111.856319519089,33.4303560267981,3,NOT_AT_INTERSECTION_0,ANGLE_FRONT_TO_SIDE,MESA,2009-07-25 11:30:00,UNKNOWN_99,UNKNOWN_99
2364654,2,ANGLE_FRONT_TO_SIDE,-111.960069523768,33.6636364607296,3,FOUR_WAY_INTERSECTION,ANGLE_FRONT_TO_SIDE,PHOENIX,2009-11-21 16:40:00,NO_IMPROPER_ACTION,FAILED_TO_YIELD_RIGHT_OF_WAY_103
2364738,2,OTHER_97,-111.718914109512,33.4349008402113,2,NOT_AT_INTERSECTION_0,OTHER_97,MESA,2009-11-21 12:17:00,NO_IMPROPER_ACTION,NO_IMPROPER_ACTION
2364752,2,ANGLE_FRONT_TO_SIDE,-111.753929348529,33.3824839370994,1,FOUR_WAY_INTERSECTION,ANGLE_FRONT_TO_SIDE,MESA,2009-11-20 17:43:00,FAILED_TO_KEEP_IN_PROPER_LANE,NO_IMPROPER_ACTION
2364833,2,SIDESWIPE_SAME_DIRECTION,-111.75381962031,33.3936754919553,2,FOUR_WAY_INTERSECTION,SIDESWIPE_SAME_DIRECTION,MESA,2009-11-18 13:26:00,NO_IMPROPER_ACTION,NO_IMPROPER_ACTION
2364836,2,OTHER_97,-110.832266437197,32.1847038727315,3,FOUR_WAY_INTERSECTION,OTHER_97,TUCSON,2009-11-02 17:16:00,NO_IMPROPER_ACTION,FAILED_TO_YIELD_RIGHT_OF_WAY_103
2364929,2,ANGLE_FRONT_TO_SIDE,-112.047604629616,33.4803340455156,2,FOUR_WAY_INTERSECTION,ANGLE_FRONT_TO_SIDE,PHOENIX,2009-11-22 15:42:00,FAILED_TO_YIELD_RIGHT_OF_WAY_103,NO_IMPROPER_ACTION
2364940,2,SIDESWIPE_SAME_DIRECTION,-111.99690346817,33.3051951515217,1,NOT_AT_INTERSECTION_0,SIDESWIPE_SAME_DIRECTION,PHOENIX,2009-11-22 17:49:00,NO_IMPROPER_ACTION,UNKNOWN_99
2364966,2,LEFT_TURN,-112.015733181739,33.6404889870678,2,T_INTERSECTION,LEFT_TURN,PHOENIX,2009-11-24 18:00:00,UNKNOWN_99,UNKNOWN_99
2364981,2,LEFT_TURN,-111.889563864676,33.3203789892191,1,NOT_AT_INTERSECTION_0,LEFT_TURN,CHANDLER,2009-11-20 11:17:00,NO_IMPROPER_ACTION,DROVE_RODE_IN_OPPOSING_TRAFFIC_LANE
2364990,2,ANGLE_FRONT_TO_SIDE,-112.108302035724,33.5240697688935,1,FOUR_WAY_INTERSECTION,ANGLE_FRONT_TO_SIDE,PHOENIX,2009-11-17 18:36:00,OTHER_97,NO_IMPROPER_ACTION
2365019,2,ANGLE_FRONT_TO_SIDE,-111.824149020445,33.3201590608277,2,NOT_AT_INTERSECTION_0,ANGLE_FRONT_TO_SIDE,CHANDLER,2009-11-24 17:25:00,FAILED_TO_YIELD_RIGHT_OF_WAY_103,INATTENTION_DISTRACTION
2365024,2,UNKNOWN_99,-111.841631524982,33.3207762150781,1,NOT_AT_INTERSECTION_0,UNKNOWN_99,CHANDLER,2009-11-24 18:42:00,UNKNOWN_99,UNKNOWN_99
2365102,2,LEFT_TURN,-112.109171235622,33.3632178920819,2,T_INTERSECTION,LEFT_TURN,PHOENIX,2009-11-05 15:41:00,NO_IMPROPER_ACTION,NOT_APPLICABLE_MINUS_1+FAILED_TO_YIELD_RIGHT_OF_WAY_103
2365161,2,LEFT_TURN,-111.815134562552,33.3122196788799,1,FOUR_WAY_INTERSECTION,LEFT_TURN,CHANDLER,2009-11-18 07:52:00,RAN_STOP_SIGN,NO_IMPROPER_ACTION
2365202,2,SIDESWIPE_SAME_DIRECTION,-112.112956210499,33.4367733686897,3,FOUR_WAY_INTERSECTION,SIDESWIPE_SAME_DIRECTION,PHOENIX,2009-11-27 18:48:00,KNOWINGLY_OPERATED_WITH_FAULTY_MISSING_EQUIPMENT,FAILED_TO_YIELD_RIGHT_OF_WAY_103
2365233,2,LEFT_TURN,-112.237757484962,33.4945863568867,2,NOT_AT_INTERSECTION_0,LEFT_TURN,PHOENIX,2009-11-29 12:30:00,NO_IMPROPER_ACTION,FAILED_TO_YIELD_RIGHT_OF_WAY_103
2365275,2,ANGLE_FRONT_TO_SIDE,-112.136307584734,33.5819329312642,4,NOT_AT_INTERSECTION_0,ANGLE_FRONT_TO_SIDE,PHOENIX,2009-11-30 18:28:00,OTHER_97,NO_IMPROPER_ACTION
2365276,2,HEAD_ON,-110.893222737368,32.2652680662803,3,NOT_AT_INTERSECTION_0,HEAD_ON,TUCSON,2009-11-01 15:14:00,OTHER_97,NO_IMPROPER_ACTION
2365288,2,ANGLE_FRONT_TO_SIDE,-112.065005423387,33.5238461001918,2,FOUR_WAY_INTERSECTION,ANGLE_FRONT_TO_SIDE,PHOENIX,2009-11-02 09:27:00,NO_IMPROPER_ACTION,FAILED_TO_YIELD_RIGHT_OF_WAY_103
2365353,2,SIDESWIPE_OPPOSITE_DIRECTION,0,0,2,NOT_AT_INTERSECTION_0,SIDESWIPE_OPPOSITE_DIRECTION,PHOENIX,2009-11-08 17:01:00,INATTENTION_DISTRACTION,NO_IMPROPER_ACTION
2365366,2,ANGLE_FRONT_TO_SIDE,-112.069392171687,33.4660009670093,2,FOUR_WAY_INTERSECTION,ANGLE_FRONT_TO_SIDE,PHOENIX,2009-11-03 15:03:00,NO_IMPROPER_ACTION,INATTENTION_DISTRACTION
2365367,2,HEAD_ON,0,0,2,NOT_AT_INTERSECTION_0,HEAD_ON,UNSPECIFIED_999,2009-11-05 13:33:00,FAILED_TO_YIELD_RIGHT_OF_WAY_103+NOT_APPLICABLE_MINUS_1,NO_IMPROPER_ACTION+NOT_APPLICABLE_MINUS_1
2365375,2,OTHER_97,-112.099575059132,33.5784538512231,3,T_INTERSECTION,OTHER_97,PHOENIX,2009-11-10 13:03:00,NO_IMPROPER_ACTION,FAILED_TO_YIELD_RIGHT_OF_WAY_103
2365380,2,OTHER_97,-111.996110420812,33.6299991221814,3,T_INTERSECTION,OTHER_97,PHOENIX,2009-11-11 14:09:00,DROVE_RODE_IN_OPPOSING_TRAFFIC_LANE,FAILED_TO_YIELD_RIGHT_OF_WAY_103
2365391,2,REAR_END,-111.991146647679,33.754900677799,3,NOT_AT_INTERSECTION_0,REAR_END,PHOENIX,2009-11-01 08:38:00,INATTENTION_DISTRACTION,SPEED_TOO_FAST_FOR_CONDITIONS
2365394,2,ANGLE_FRONT_TO_SIDE,-112.108459196627,33.4949916238363,2,FOUR_WAY_INTERSECTION,ANGLE_FRONT_TO_SIDE,PHOENIX,2009-11-02 09:26:00,NO_IMPROPER_ACTION,FAILED_TO_YIELD_RIGHT_OF_WAY_103+NOT_APPLICABLE_MINUS_1
2365432,2,ANGLE_FRONT_TO_SIDE,-111.980400336083,33.3144354833367,2,T_INTERSECTION,ANGLE_FRONT_TO_SIDE,PHOENIX,2009-11-15 06:50:00,DROVE_RODE_IN_OPPOSING_TRAFFIC_LANE,FAILED_TO_YIELD_RIGHT_OF_WAY_103
2365505,2,ANGLE_FRONT_TO_SIDE,-112.11761956282,33.4985927085965,2,NOT_AT_INTERSECTION_0,ANGLE_FRONT_TO_SIDE,PHOENIX,2009-11-16 16:02:00,FAILED_TO_YIELD_RIGHT_OF_WAY_103,NO_IMPROPER_ACTION
2365515,2,OTHER_97,-112.073397657997,33.3922121459555,2,FOUR_WAY_INTERSECTION,OTHER_97,PHOENIX,2009-11-20 14:12:00,UNKNOWN_99,UNKNOWN_99
2365546,2,OTHER_97,-111.932844134052,33.5675052712275,2,NOT_AT_INTERSECTION_0,OTHER_97,PARADISE VALLEY,2009-10-07 12:26:00,OTHER_97,NO_IMPROPER_ACTION