IncidentID,num_vehicles_involved,eCollisionManner,Longitude,Latitude,InjurySeverity,eIntersectionType,eCollisionManner,city_name,IncidentDateTime,cyclist_citations,driver_citations
2365626,2,ANGLE_FRONT_TO_SIDE,-112.099636206412,33.5639121777487,2,FOUR_WAY_INTERSECTION,ANGLE_FRONT_TO_SIDE,PHOENIX,2009-11-29 10:23:00,NO_IMPROPER_ACTION,FAILED_TO_YIELD_RIGHT_OF_WAY_103
2365794,2,ANGLE_FRONT_TO_SIDE,-112.065024234377,33.5273779045767,2,FOUR_WAY_INTERSECTION,ANGLE_FRONT_TO_SIDE,PHOENIX,2009-11-16 18:00:00,DISREGARDED_TRAFFIC_SIGNAL,NO_IMPROPER_ACTION
2365905,2,ANGLE_FRONT_TO_SIDE,-111.911175753644,33.3502229582272,1,T_INTERSECTION,ANGLE_FRONT_TO_SIDE,TEMPE,2009-12-17 19:01:00,DROVE_RODE_IN_OPPOSING_TRAFFIC_LANE,OTHER_97
2365984,2,ANGLE_FRONT_TO_SIDE,-111.906830806419,33.3491516939563,3,FOUR_WAY_INTERSECTION,ANGLE_FRONT_TO_SIDE,TEMPE,2009-12-07 16:00:00,OTHER_97,NO_IMPROPER_ACTION
2366038,2,SIDESWIPE_SAME_DIRECTION,-111.76643989031,34.7483032797919,4,NOT_AT_INTERSECTION_0,SIDESWIPE_SAME_DIRECTION,UNSPECIFIED_999,2009-12-02 14:26:00,FAILED_TO_KEEP_IN_PROPER_LANE,OTHER_UNSAFE_PASSING
2366205,2,ANGLE_FRONT_TO_SIDE,-112.065222952171,33.5553037523153,2,T_INTERSECTION,ANGLE_FRONT_TO_SIDE,PHOENIX,2009-11-22 14:07:00,NO_IMPROPER_ACTION,NO_IMPROPER_ACTION
2367434,2,OTHER_97,-112.11342919336,33.4946737944381,2,FOUR_WAY_INTERSECTION,OTHER_97,PHOENIX,2009-12-25 21:48:00,DISREGARDED_TRAFFIC_SIGNAL,NOT_APPLICABLE_MINUS_1+NO_IMPROPER_ACTION+NOT_APPLICABLE_MINUS_1
2367604,2,ANGLE_FRONT_TO_SIDE,-112.060417631917,33.5713681096962,2,FIVE_POINT_OR_MORE,ANGLE_FRONT_TO_SIDE,PHOENIX,2009-12-31 16:52:00,INATTENTION_DISTRACTION,NO_IMPROPER_ACTION+NOT_APPLICABLE_MINUS_1
2367624,2,ANGLE_FRONT_TO_SIDE,-111.908918491474,33.4075050319931,2,FOUR_WAY_INTERSECTION,ANGLE_FRONT_TO_SIDE,TEMPE,2009-12-08 16:33:00,DISREGARDED_TRAFFIC_SIGNAL,NOT_APPLICABLE_MINUS_1+NO_IMPROPER_ACTION+NOT_APPLICABLE_MINUS_1+NOT_APPLICABLE_MINUS_1
2367706,2,ANGLE_FRONT_TO_SIDE,-111.930662640635,33.4147481217154,2,NOT_AT_INTERSECTION_0,ANGLE_FRONT_TO_SIDE,TEMPE,2009-12-17 15:55:00,NO_IMPROPER_ACTION,FAILED_TO_YIELD_RIGHT_OF_WAY_103+NOT_APPLICABLE_MINUS_1
2367756,2,LEFT_TURN,-111.897490964066,33.363853486242,3,FOUR_WAY_INTERSECTION,LEFT_TURN,TEMPE,2009-12-10 08:37:00,NO_IMPROPER_ACTION,FAILED_TO_YIELD_RIGHT_OF_WAY_103
2368023,2,LEFT_TURN,-111.563404708217,33.4041633395362,2,T_INTERSECTION,LEFT_TURN,APACHE JUNCTION,2009-12-08 10:00:00,DROVE_RODE_IN_OPPOSING_TRAFFIC_LANE,NO_IMPROPER_ACTION
2368143,2,HEAD_ON,-111.911297365672,33.3614880011633,4,NOT_AT_INTERSECTION_0,HEAD_ON,TEMPE,2009-12-14 08:00:00,FAILED_TO_YIELD_RIGHT_OF_WAY_103,NO_IMPROPER_ACTION
2368178,2,ANGLE_FRONT_TO_SIDE,-111.980072290127,33.5991635161081,2,NOT_AT_INTERSECTION_0,ANGLE_FRONT_TO_SIDE,PHOENIX,2009-12-01 11:22:00,INATTENTION_DISTRACTION,NO_IMPROPER_ACTION+NOT_APPLICABLE_MINUS_1
2368351,2,ANGLE_FRONT_TO_SIDE,-112.425015221373,33.3250776079699,4,T_INTERSECTION,ANGLE_FRONT_TO_SIDE,GOODYEAR,2009-12-24 07:14:00,DID_NOT_USE_CROSSWALK,NO_IMPROPER_ACTION
2368476,2,SIDESWIPE_SAME_DIRECTION,-111.927423144429,33.491309364056,1,NOT_AT_INTERSECTION_0,SIDESWIPE_SAME_DIRECTION,SCOTTSDALE,2009-12-05 20:58:00,NO_IMPROPER_ACTION,INATTENTION_DISTRACTION
2368494,3,ANGLE_FRONT_TO_SIDE,-112.220268538176,33.5886353057447,2,FOUR_WAY_INTERSECTION,ANGLE_FRONT_TO_SIDE,PEORIA,2009-12-02 15:33:00,OTHER_97+OTHER_97,INATTENTION_DISTRACTION
2368500,2,LEFT_TURN,-111.683984811802,33.4663416705757,2,FOUR_WAY_INTERSECTION,LEFT_TURN,MESA,2009-12-01 18:54:00,DISREGARDED_TRAFFIC_SIGNAL,NO_IMPROPER_ACTION+NOT_APPLICABLE_MINUS_1+NOT_APPLICABLE_MINUS_1+NOT_APPLICABLE_MINUS_1
2368560,2,ANGLE_FRONT_TO_SIDE,-111.940010605006,33.4190567403077,3,NOT_AT_INTERSECTION_0,ANGLE_FRONT_TO_SIDE,TEMPE,2009-12-08 16:41:00,INATTENTION_DISTRACTION,OTHER_97
2368563,2,SIDESWIPE_SAME_DIRECTION,-111.036203004153,32.3374635567673,3,NOT_AT_INTERSECTION_0,SIDESWIPE_SAME_DIRECTION,UNSPECIFIED_999,2009-12-05 13:10:00,INATTENTION_DISTRACTION,INATTENTION_DISTRACTION+NOT_APPLICABLE_MINUS_1
2368575,2,ANGLE_FRONT_TO_SIDE,-111.908883841961,33.4291629343347,1,FOUR_WAY_INTERSECTION,ANGLE_FRONT_TO_SIDE,TEMPE,2009-12-07 08:57:00,FAILED_TO_YIELD_RIGHT_OF_WAY_103,NO_IMPROPER_ACTION
2368592,2,ANGLE_FRONT_TO_SIDE,-111.947233259561,33.4254645379458,3,FOUR_WAY_INTERSECTION,ANGLE_FRONT_TO_SIDE,TEMPE,2009-12-09 16:20:00,NO_IMPROPER_ACTION,FAILED_TO_YIELD_RIGHT_OF_WAY_103
2368596,3,OTHER_97,-111.969538151315,33.4091162968317,4,FOUR_WAY_INTERSECTION,OTHER_97,TEMPE,2009-12-08 12:09:00,NO_IMPROPER_ACTION,NO_IMPROPER_ACTION+DISREGARDED_TRAFFIC_SIGNAL
2368739,2,ANGLE_FRONT_TO_SIDE,-111.856248636866,33.4364951728448,2,NOT_AT_INTERSECTION_0,ANGLE_FRONT_TO_SIDE,MESA,2009-12-11 14:34:00,NO_IMPROPER_ACTION,FAILED_TO_YIELD_RIGHT_OF_WAY_103
2368750,2,ANGLE_FRONT_TO_SIDE,-111.882596357809,33.5870471008179,2,T_INTERSECTION,ANGLE_FRONT_TO_SIDE,SCOTTSDALE,2009-12-05 18:50:00,DROVE_RODE_IN_OPPOSING_TRAFFIC_LANE,INATTENTION_DISTRACTION
2368815,2,SIDESWIPE_OPPOSITE_DIRECTION,-110.956743406101,32.2303815551123,3,FOUR_WAY_INTERSECTION,SIDESWIPE_OPPOSITE_DIRECTION,TUCSON,2009-12-08 15:30:00,NO_IMPROPER_ACTION,DROVE_RODE_IN_OPPOSING_TRAFFIC_LANE
2368933,2,ANGLE_FRONT_TO_SIDE,-111.750320963467,33.3936732192451,2,NOT_AT_INTERSECTION_0,ANGLE_FRONT_TO_SIDE,MESA,2009-12-01 09:39:00,FAILED_TO_KEEP_IN_PROPER_LANE,FAILED_TO_YIELD_RIGHT_OF_WAY_103
2368995,2,ANGLE_FRONT_TO_SIDE,-111.874645328926,33.3938878740558,3,NOT_AT_INTERSECTION_0,ANGLE_FRONT_TO_SIDE,MESA,2009-12-14 16:41:00,NO_IMPROPER_ACTION,FAILED_TO_YIELD_RIGHT_OF_WAY_103
2369033,2,ANGLE_FRONT_TO_SIDE,-111.804915103167,33.4514976655657,3,FOUR_WAY_INTERSECTION,ANGLE_FRONT_TO_SIDE,MESA,2009-12-11 20:25:00,NO_IMPROPER_ACTION,FAILED_TO_YIELD_RIGHT_OF_WAY_103
2369099,2,ANGLE_FRONT_TO_SIDE,0,0,3,FOUR_WAY_INTERSECTION,ANGLE_FRONT_TO_SIDE,YUMA,2009-12-16 17:41:00,DISREGARDED_TRAFFIC_SIGNAL,NOT_APPLICABLE_MINUS_1+NO_IMPROPER_ACTION
2369320,2,HEAD_ON,-111.789550637056,33.3477662327187,3,T_INTERSECTION,HEAD_ON,GILBERT,2009-12-15 16:59:00,NO_IMPROPER_ACTION,FAILED_TO_YIELD_RIGHT_OF_WAY_103
2369348,2,ANGLE_FRONT_TO_SIDE,-111.651809454585,35.1941871821709,3,FOUR_WAY_INTERSECTION,ANGLE_FRONT_TO_SIDE,FLAGSTAFF,2009-12-06 14:50:00,DISREGARDED_TRAFFIC_SIGNAL,NO_IMPROPER_ACTION
2369353,2,ANGLE_FRONT_TO_SIDE,-112.013007157531,33.5025783008587,2,FOUR_WAY_INTERSECTION,ANGLE_FRONT_TO_SIDE,PHOENIX,2009-12-10 18:09:00,DISREGARDED_PAVEMENT_MARKINGS,FAILED_TO_YIELD_RIGHT_OF_WAY_103+NOT_APPLICABLE_MINUS_1
2369474,2,SIDESWIPE_SAME_DIRECTION,-111.062787276294,32.1737642807983,2,T_INTERSECTION,SIDESWIPE_SAME_DIRECTION,UNSPECIFIED_999,2009-12-08 16:11:00,NO_IMPROPER_ACTION,NOT_APPLICABLE_MINUS_1+NOT_APPLICABLE_MINUS_1+NOT_APPLICABLE_MINUS_1+FAILED_TO_YIELD_RIGHT_OF_WAY_103+NOT_APPLICABLE_MINUS_1+NOT_APPLICABLE_MINUS_1+NOT_APPLICABLE_MINUS_1
2369581,2,ANGLE_FRONT_TO_SIDE,-112.06464909099,33.3862697859367,3,T_INTERSECTION,ANGLE_FRONT_TO_SIDE,PHOENIX,2009-12-21 17:38:00,DROVE_RODE_IN_OPPOSING_TRAFFIC_LANE,NO_IMPROPER_ACTION
2369730,2,ANGLE_FRONT_TO_SIDE,-112.099896652434,33.5023014587878,2,FOUR_WAY_INTERSECTION,ANGLE_FRONT_TO_SIDE,PHOENIX,2009-12-17 12:00:00,DROVE_RODE_IN_OPPOSING_TRAFFIC_LANE,UNKNOWN_99
2369754,2,ANGLE_FRONT_TO_SIDE,0,0,2,UNKNOWN_99,ANGLE_FRONT_TO_SIDE,MESA,2009-12-04 13:30:00,UNKNOWN_99,UNKNOWN_99
2369766,2,LEFT_TURN,-112.20336230334,33.4682727911825,2,T_INTERSECTION,LEFT_TURN,PHOENIX,2009-12-08 14:00:00,DROVE_RODE_IN_OPPOSING_TRAFFIC_LANE,UNKNOWN_99
2369787,2,ANGLE_FRONT_TO_SIDE,0,0,2,FOUR_WAY_INTERSECTION,ANGLE_FRONT_TO_SIDE,MESA,2009-12-09 17:40:00,UNKNOWN_99,INATTENTION_DISTRACTION+NOT_APPLICABLE_MINUS_1
2369817,2,LEFT_TURN,-111.93461046968,33.5166862360871,4,T_INTERSECTION,LEFT_TURN,PARADISE VALLEY,2009-11-29 14:15:00,NO_IMPROPER_ACTION,FAILED_TO_YIELD_RIGHT_OF_WAY_103+NOT_APPLICABLE_MINUS_1
2369901,2,HEAD_ON,-112.23720508715,33.5828871019598,1,FOUR_WAY_INTERSECTION,HEAD_ON,PEORIA,2009-12-17 06:43:00,OTHER_97,FAILED_TO_YIELD_RIGHT_OF_WAY_103
2369910,2,ANGLE_FRONT_TO_SIDE,-111.55826332517,33.3932903987293,1,T_INTERSECTION,ANGLE_FRONT_TO_SIDE,APACHE JUNCTION,2009-12-15 07:01:00,NO_IMPROPER_ACTION,FAILED_TO_YIELD_RIGHT_OF_WAY_103
2369943,2,ANGLE_FRONT_TO_SIDE,-111.939832515696,33.407315668252,2,FOUR_WAY_INTERSECTION,ANGLE_FRONT_TO_SIDE,TEMPE,2009-12-14 10:30:00,OTHER_97,FAILED_TO_YIELD_RIGHT_OF_WAY_103
2370012,2,ANGLE_FRONT_TO_SIDE,-112.242049307611,33.5773914721571,3,FOUR_WAY_INTERSECTION,ANGLE_FRONT_TO_SIDE,PEORIA,2009-12-12 14:12:00,DROVE_RODE_IN_OPPOSING_TRAFFIC_LANE,INATTENTION_DISTRACTION
2370015,2,OTHER_97,-112.012936263827,33.4660107701554,2,NOT_AT_INTERSECTION_0,OTHER_97,PHOENIX,2009-12-19 11:11:00,DID_NOT_USE_CROSSWALK,NOT_APPLICABLE_MINUS_1+NOT_APPLICABLE_MINUS_1+NO_IMPROPER_ACTION
2370069,3,OTHER_97,-112.065123514248,33.4838105859339,3,T_INTERSECTION,OTHER_97,PHOENIX,2009-12-01 19:19:00,FAILED_TO_YIELD_RIGHT_OF_WAY_103+FAILED_TO_YIELD_RIGHT_OF_WAY_103,NO_IMPROPER_ACTION
2370196,2,SIDESWIPE_SAME_DIRECTION,-111.934454207653,33.5384810584677,3,T_INTERSECTION,SIDESWIPE_SAME_DIRECTION,PARADISE VALLEY,2009-12-08 15:29:00,NO_IMPROPER_ACTION,FAILED_TO_YIELD_RIGHT_OF_WAY_103
2370228,2,ANGLE_FRONT_TO_SIDE,-111.771273595474,33.3936555274317,2,FOUR_WAY_INTERSECTION,ANGLE_FRONT_TO_SIDE,MESA,2009-12-10 14:30:00,NO_IMPROPER_ACTION,FAILED_TO_YIELD_RIGHT_OF_WAY_103
2370242,2,ANGLE_FRONT_TO_SIDE,0,0,3,T_INTERSECTION,ANGLE_FRONT_TO_SIDE,UNSPECIFIED_999,2009-12-02 11:16:00,OTHER_97,NO_IMPROPER_ACTION
2370259,2,ANGLE_FRONT_TO_SIDE,-112.037199563135,33.599946694497,3,NOT_AT_INTERSECTION_0,ANGLE_FRONT_TO_SIDE,PHOENIX,2009-12-17 10:29:00,NO_IMPROPER_ACTION,FAILED_TO_YIELD_RIGHT_OF_WAY_103
2370321,2,ANGLE_FRONT_TO_SIDE,-111.980460995173,33.3200443352343,4,NOT_AT_INTERSECTION_0,ANGLE_FRONT_TO_SIDE,PHOENIX,2009-12-11 10:30:00,OTHER_97,NO_IMPROPER_ACTION
2370370,2,SIDESWIPE_SAME_DIRECTION,-112.017478772268,33.5965788901915,4,NOT_AT_INTERSECTION_0,SIDESWIPE_SAME_DIRECTION,PHOENIX,2009-12-18 16:42:00,FAILED_TO_YIELD_RIGHT_OF_WAY_103,NO_IMPROPER_ACTION
2370418,2,ANGLE_FRONT_TO_SIDE,-112.067463535297,33.4657312431255,3,T_INTERSECTION,ANGLE_FRONT_TO_SIDE,PHOENIX,2009-12-15 18:04:00,NO_IMPROPER_ACTION,RAN_STOP_SIGN
2370563,2,LEFT_TURN,-111.978174073099,33.4800852431942,1,FOUR_WAY_INTERSECTION,LEFT_TURN,PHOENIX,2009-12-13 14:25:00,NO_IMPROPER_ACTION,FAILED_TO_YIELD_RIGHT_OF_WAY_103+NOT_APPLICABLE_MINUS_1
2370637,2,ANGLE_FRONT_TO_SIDE,-112.071555655385,33.6547367083401,1,T_INTERSECTION,ANGLE_FRONT_TO_SIDE,PHOENIX,2009-12-08 17:42:00,NO_IMPROPER_ACTION,FAILED_TO_YIELD_RIGHT_OF_WAY_103
2370676,2,ANGLE_FRONT_TO_SIDE,-111.862245631084,33.4148358289652,3,T_INTERSECTION,ANGLE_FRONT_TO_SIDE,MESA,2009-12-17 11:52:00,OTHER_97,FAILED_TO_YIELD_RIGHT_OF_WAY_103
2370681,2,ANGLE_FRONT_TO_SIDE,-111.852306895895,33.4242811281061,1,T_INTERSECTION,ANGLE_FRONT_TO_SIDE,MESA,2009-12-17 08:21:00,DROVE_RODE_IN_OPPOSING_TRAFFIC_LANE,NO_IMPROPER_ACTION
2370700,2,ANGLE_FRONT_TO_SIDE,-111.848528250049,33.4005054522267,4,NOT_AT_INTERSECTION_0,ANGLE_FRONT_TO_SIDE,MESA,2009-12-16 17:53:00,DISREGARDED_TRAFFIC_SIGNAL,NO_IMPROPER_ACTION+NOT_APPLICABLE_MINUS_1
2370754,2,ANGLE_FRONT_TO_SIDE,-111.839974627922,33.4194782188298,3,T_INTERSECTION,ANGLE_FRONT_TO_SIDE,MESA,2009-12-16 19:50:00,DROVE_RODE_IN_OPPOSING_TRAFFIC_LANE,NO_IMPROPER_ACTION
2370811,2,ANGLE_FRONT_TO_SIDE,-112.121279588708,33.5097389419962,3,NOT_AT_INTERSECTION_0,ANGLE_FRONT_TO_SIDE,PHOENIX,2009-12-25 17:20:00,FAILED_TO_YIELD_RIGHT_OF_WAY_103,NO_IMPROPER_ACTION
2370816,2,ANGLE_FRONT_TO_SIDE,-111.88979983503,33.6296829974466,3,FIVE_POINT_OR_MORE,ANGLE_FRONT_TO_SIDE,SCOTTSDALE,2009-12-02 17:50:00,DISREGARDED_TRAFFIC_SIGNAL,NO_IMPROPER_ACTION
2370877,2,ANGLE_FRONT_TO_SIDE,-111.841686996849,33.3787909316667,4,NOT_AT_INTERSECTION_0,ANGLE_FRONT_TO_SIDE,MESA,2009-12-16 16:07:00,OTHER_97,FAILED_TO_YIELD_RIGHT_OF_WAY_103
2370955,2,LEFT_TURN,-112.11710833408,33.4734744895305,3,FOUR_WAY_INTERSECTION,LEFT_TURN,PHOENIX,2009-12-23 14:57:00,FAILED_TO_YIELD_RIGHT_OF_WAY_103,NO_IMPROPER_ACTION
2371111,2,OTHER_97,-111.761652884021,32.8932215179638,2,NOT_AT_INTERSECTION_0,OTHER_97,CASA GRANDE,2009-12-06 17:00:00,FAILED_TO_YIELD_RIGHT_OF_WAY_103,NO_IMPROPER_ACTION
2371118,2,ANGLE_FRONT_TO_SIDE,-112.09989512268,33.5027767415343,3,NOT_AT_INTERSECTION_0,ANGLE_FRONT_TO_SIDE,PHOENIX,2009-12-15 16:46:00,INATTENTION_DISTRACTION,NO_IMPROPER_ACTION
2371162,2,UNKNOWN_99,-110.968432286158,32.1986196652929,1,FOUR_WAY_INTERSECTION,UNKNOWN_99,SOUTH TUCSON,2009-12-18 17:52:00,UNKNOWN_99,RAN_STOP_SIGN
2371602,2,OTHER_97,-111.61359115287,35.2167754723142,3,NOT_AT_INTERSECTION_0,OTHER_97,FLAGSTAFF,2009-12-18 11:15:00,NO_IMPROPER_ACTION,INATTENTION_DISTRACTION
2371624,2,ANGLE_FRONT_TO_SIDE,-112.220216804927,33.6381466338446,2,FOUR_WAY_INTERSECTION,ANGLE_FRONT_TO_SIDE,PEORIA,2009-12-22 11:15:00,NO_IMPROPER_ACTION,FAILED_TO_YIELD_RIGHT_OF_WAY_103
2371651,2,OTHER_97,0,0,1,NOT_AT_INTERSECTION_0,OTHER_97,PEORIA,2009-12-22 06:32:00,OTHER_97,INATTENTION_DISTRACTION
2371835,2,ANGLE_FRONT_TO_SIDE,-111.771180783232,33.4021896362875,2,T_INTERSECTION,ANGLE_FRONT_TO_SIDE,MESA,2009-12-26 21:03:00,FAILED_TO_YIELD_RIGHT_OF_WAY_103,NO_IMPROPER_ACTION
2372053,2,REAR_END,-110.976788616758,32.3370601739076,4,NOT_AT_INTERSECTION_0,REAR_END,UNSPECIFIED_999,2009-12-27 09:08:00,NO_IMPROPER_ACTION,INATTENTION_DISTRACTION
2372097,2,OTHER_97,-111.950676748318,33.4801525886845,2,NOT_AT_INTERSECTION_0,OTHER_97,SCOTTSDALE,2009-12-11 16:18:00,NO_IMPROPER_ACTION,FAILED_TO_YIELD_RIGHT_OF_WAY_103
2372153,2,HEAD_ON,-111.918725431627,33.4839899283808,3,NOT_AT_INTERSECTION_0,HEAD_ON,SCOTTSDALE,2009-12-19 09:01:00,DROVE_RODE_IN_OPPOSING_TRAFFIC_LANE,NO_IMPROPER_ACTION
2372307,2,SIDESWIPE_SAME_DIRECTION,-111.940027699478,33.4240865239888,3,FOUR_WAY_INTERSECTION,SIDESWIPE_SAME_DIRECTION,TEMPE,2009-12-19 20:29:00,NO_IMPROPER_ACTION,NOT_APPLICABLE_MINUS_1+FAILED_TO_YIELD_RIGHT_OF_WAY_103+NOT_APPLICABLE_MINUS_1+NOT_APPLICABLE_MINUS_1
2372341,2,ANGLE_FRONT_TO_SIDE,-111.779822040168,33.3936050255144,2,FOUR_WAY_INTERSECTION,ANGLE_FRONT_TO_SIDE,MESA,2009-12-30 20:15:00,DISREGARDED_TRAFFIC_SIGNAL,NO_IMPROPER_ACTION+NOT_APPLICABLE_MINUS_1
2372373,2,ANGLE_FRONT_TO_SIDE,-110.907792582978,32.1497791207638,4,T_INTERSECTION,ANGLE_FRONT_TO_SIDE,UNSPECIFIED_999,2009-12-21 15:34:00,FAILED_TO_YIELD_RIGHT_OF_WAY_103,SPEED_TOO_FAST_FOR_CONDITIONS
2372482,2,SIDESWIPE_SAME_DIRECTION,-111.954384571334,33.3345196995775,1,FOUR_WAY_INTERSECTION,SIDESWIPE_SAME_DIRECTION,TEMPE,2009-12-22 18:35:00,NO_IMPROPER_ACTION,FAILED_TO_YIELD_RIGHT_OF_WAY_103
2372489,2,SIDESWIPE_SAME_DIRECTION,-111.926359028732,33.4425380457931,2,T_INTERSECTION,SIDESWIPE_SAME_DIRECTION,TEMPE,2009-12-16 14:47:00,UNSAFE_LANE_CHANGE,NO_IMPROPER_ACTION
2372668,2,ANGLE_FRONT_TO_SIDE,0,0,1,FOUR_WAY_INTERSECTION,ANGLE_FRONT_TO_SIDE,GLENDALE,2009-12-02 10:20:00,NO_IMPROPER_ACTION,NOT_APPLICABLE_MINUS_1+FAILED_TO_YIELD_RIGHT_OF_WAY_103
2372690,2,ANGLE_FRONT_TO_SIDE,-110.257385529269,31.5043171032729,1,FOUR_WAY_INTERSECTION,ANGLE_FRONT_TO_SIDE,SIERRA VISTA,2009-12-31 16:46:00,NO_IMPROPER_ACTION,FAILED_TO_YIELD_RIGHT_OF_WAY_103
2372697,2,ANGLE_FRONT_TO_SIDE,-112.26840555,33.5227449285141,2,INTERSECTION_AS_PART_OF_INTERCHANGE,ANGLE_FRONT_TO_SIDE,GLENDALE,2009-12-02 14:34:00,DISREGARDED_TRAFFIC_SIGNAL,NO_IMPROPER_ACTION
2372726,2,ANGLE_FRONT_TO_SIDE,-111.865806477375,33.4007937591769,3,FOUR_WAY_INTERSECTION,ANGLE_FRONT_TO_SIDE,MESA,2009-12-11 17:51:00,NO_IMPROPER_ACTION,FAILED_TO_YIELD_RIGHT_OF_WAY_103
2372774,2,ANGLE_FRONT_TO_SIDE,-111.860744695839,33.3787351645021,2,NOT_AT_INTERSECTION_0,ANGLE_FRONT_TO_SIDE,MESA,2009-12-15 16:33:00,NO_IMPROPER_ACTION,NO_IMPROPER_ACTION
2372797,2,LEFT_TURN,-112.203108822257,33.525686984505,4,UNKNOWN_99,LEFT_TURN,GLENDALE,2009-12-10 20:56:00,FAILED_TO_YIELD_RIGHT_OF_WAY_103,NOT_APPLICABLE_MINUS_1+NO_IMPROPER_ACTION+NOT_APPLICABLE_MINUS_1
2372835,2,ANGLE_FRONT_TO_SIDE,-112.186191035305,33.5398843863855,2,NOT_AT_INTERSECTION_0,ANGLE_FRONT_TO_SIDE,GLENDALE,2009-12-16 12:32:00,DROVE_RODE_IN_OPPOSING_TRAFFIC_LANE,NO_IMPROPER_ACTION
2372854,2,ANGLE_FRONT_TO_SIDE,-111.789534535118,33.3499732050952,3,FOUR_WAY_INTERSECTION,ANGLE_FRONT_TO_SIDE,GILBERT,2009-12-05 16:19:00,DISREGARDED_TRAFFIC_SIGNAL,INATTENTION_DISTRACTION
2372886,2,ANGLE_FRONT_TO_SIDE,0,0,3,NOT_AT_INTERSECTION_0,ANGLE_FRONT_TO_SIDE,MESA,2009-12-31 14:58:00,DROVE_RODE_IN_OPPOSING_TRAFFIC_LANE,NO_IMPROPER_ACTION
2372893,2,ANGLE_FRONT_TO_SIDE,-110.968439537528,32.1992870744236,3,NOT_AT_INTERSECTION_0,ANGLE_FRONT_TO_SIDE,SOUTH TUCSON,2009-12-31 23:44:00,NO_IMPROPER_ACTION,FAILED_TO_YIELD_RIGHT_OF_WAY_103
2372899,2,ANGLE_FRONT_TO_SIDE,-111.848653238814,33.3929911404391,1,FOUR_WAY_INTERSECTION,ANGLE_FRONT_TO_SIDE,MESA,2009-12-17 19:25:00,NO_IMPROPER_ACTION,NO_IMPROPER_ACTION
2372969,3,ANGLE_FRONT_TO_SIDE,-111.936824420136,33.3199747428072,2,FOUR_WAY_INTERSECTION,ANGLE_FRONT_TO_SIDE,CHANDLER,2009-12-11 14:30:00,NO_IMPROPER_ACTION,FAILED_TO_YIELD_RIGHT_OF_WAY_103+NO_IMPROPER_ACTION+NOT_APPLICABLE_MINUS_1
2372997,2,OTHER_97,-111.880261579432,33.4293767823633,3,T_INTERSECTION,OTHER_97,MESA,2009-12-04 12:43:00,DROVE_RODE_IN_OPPOSING_TRAFFIC_LANE,NO_IMPROPER_ACTION
2373001,2,ANGLE_FRONT_TO_SIDE,-111.859073996057,33.3651456665745,2,NOT_AT_INTERSECTION_0,ANGLE_FRONT_TO_SIDE,MESA,2009-12-07 17:30:00,OTHER_97,NOT_APPLICABLE_MINUS_1+FAILED_TO_YIELD_RIGHT_OF_WAY_103+NOT_APPLICABLE_MINUS_1
2373009,2,SIDESWIPE_SAME_DIRECTION,0,0,1,FOUR_WAY_INTERSECTION,SIDESWIPE_SAME_DIRECTION,GLENDALE,2009-12-20 21:02:00,NO_IMPROPER_ACTION,FAILED_TO_YIELD_RIGHT_OF_WAY_103
2373059,2,ANGLE_FRONT_TO_SIDE,-112.194904478009,33.5673102753431,1,FOUR_WAY_INTERSECTION,ANGLE_FRONT_TO_SIDE,GLENDALE,2009-12-31 10:51:00,UNKNOWN_99,UNKNOWN_99
2373096,2,ANGLE_FRONT_TO_SIDE,-111.978324398534,33.3964212976488,2,T_INTERSECTION,ANGLE_FRONT_TO_SIDE,PHOENIX,2009-12-29 06:58:00,FAILED_TO_YIELD_RIGHT_OF_WAY_103,NO_IMPROPER_ACTION+NOT_APPLICABLE_MINUS_1
2373177,2,ANGLE_FRONT_TO_SIDE,-112.203117558152,33.5247823975866,1,NOT_AT_INTERSECTION_0,ANGLE_FRONT_TO_SIDE,GLENDALE,2009-12-22 16:51:00,UNKNOWN_99,UNKNOWN_99
2373289,2,SIDESWIPE_SAME_DIRECTION,-111.949508441629,33.4254757427418,4,NOT_AT_INTERSECTION_0,SIDESWIPE_SAME_DIRECTION,TEMPE,2009-12-13 02:12:00,NO_IMPROPER_ACTION,OTHER_97
2373303,2,ANGLE_FRONT_TO_SIDE,-110.892375932285,32.2006243433785,3,T_INTERSECTION,ANGLE_FRONT_TO_SIDE,TUCSON,2009-12-21 08:52:00,NO_IMPROPER_ACTION,UNKNOWN_99
2373392,2,LEFT_TURN,-111.012175361875,32.3517688626448,1,T_INTERSECTION,LEFT_TURN,UNSPECIFIED_999,2009-12-03 08:32:00,DROVE_RODE_IN_OPPOSING_TRAFFIC_LANE,NO_IMPROPER_ACTION
2373420,2,ANGLE_FRONT_TO_SIDE,-111.859425141481,33.371506663612,4,FOUR_WAY_INTERSECTION,ANGLE_FRONT_TO_SIDE,MESA,2009-12-03 16:32:00,NO_IMPROPER_ACTION,FAILED_TO_YIELD_RIGHT_OF_WAY_103
2373449,2,ANGLE_FRONT_TO_SIDE,-112.18576820684,33.6169627834425,2,T_INTERSECTION,ANGLE_FRONT_TO_SIDE,GLENDALE,2009-12-11 08:05:00,DROVE_RODE_IN_OPPOSING_TRAFFIC_LANE,NO_IMPROPER_ACTION
2373462,2,ANGLE_FRONT_TO_SIDE,-112.209130449293,33.5237353325352,2,T_INTERSECTION,ANGLE_FRONT_TO_SIDE,GLENDALE,2009-12-11 13:09:00,DROVE_RODE_IN_OPPOSING_TRAFFIC_LANE,NO_IMPROPER_ACTION
2373686,2,REAR_TO_SIDE,0,0,4,NOT_AT_INTERSECTION_0,REAR_TO_SIDE,DOUGLAS,2009-12-10 17:10:00,OTHER_97,INATTENTION_DISTRACTION
2373730,2,ANGLE_FRONT_TO_SIDE,0,0,3,NOT_AT_INTERSECTION_0,ANGLE_FRONT_TO_SIDE,UNSPECIFIED_999,2009-12-18 18:45:00,KNOWINGLY_OPERATED_WITH_FAULTY_MISSING_EQUIPMENT,NO_IMPROPER_ACTION