IncidentID,num_vehicles_involved,eCollisionManner,Longitude,Latitude,InjurySeverity,eIntersectionType,eCollisionManner,city_name,IncidentDateTime,cyclist_citations,driver_citations
2384714,2,OTHER_97,-112.117320871659,33.6764142647303,3,LEGACY_INTERSECTION_RELATED_PRIOR_2009_98,OTHER_97,PHOENIX,2010-04-29 07:42:00,FAILED_TO_YIELD_RIGHT_OF_WAY_103,NO_IMPROPER_ACTION
2384715,2,OTHER_97,-112.148864498729,33.4699395766202,3,NOT_AT_INTERSECTION_0,OTHER_97,PHOENIX,2010-04-28 20:38:00,INATTENTION_DISTRACTION,SPEED_TOO_FAST_FOR_CONDITIONS
2384721,2,OTHER_97,-112.065250788325,33.4983256232901,5,NOT_AT_INTERSECTION_0,OTHER_97,PHOENIX,2010-03-03 12:52:00,OTHER_97,NO_IMPROPER_ACTION
2384724,2,OTHER_97,-112.11274584887,33.5387416720724,5,LEGACY_INTERSECTION_RELATED_PRIOR_2009_98,OTHER_97,PHOENIX,2010-03-22 10:52:00,FAILED_TO_YIELD_RIGHT_OF_WAY_103,OTHER_97
2384866,2,ANGLE_FRONT_TO_SIDE,-111.948242257383,33.3346344668385,3,NOT_AT_INTERSECTION_0,ANGLE_FRONT_TO_SIDE,TEMPE,2010-02-01 17:24:00,NO_IMPROPER_ACTION,FAILED_TO_YIELD_RIGHT_OF_WAY_103
2385249,2,OTHER_97,-111.952200868233,33.4146371461066,3,FOUR_WAY_INTERSECTION,OTHER_97,TEMPE,2010-09-27 14:50:00,NO_IMPROPER_ACTION,NOT_APPLICABLE_MINUS_1+FAILED_TO_YIELD_RIGHT_OF_WAY_103
2385641,2,ANGLE_FRONT_TO_SIDE,-110.274340574319,31.5546342830457,1,FOUR_WAY_INTERSECTION,ANGLE_FRONT_TO_SIDE,SIERRA VISTA,2010-02-10 10:35:00,NO_IMPROPER_ACTION,NOT_APPLICABLE_MINUS_1+FAILED_TO_YIELD_RIGHT_OF_WAY_103
2385848,2,ANGLE_FRONT_TO_SIDE,-112.233412870886,33.5955584973862,4,FOUR_WAY_INTERSECTION,ANGLE_FRONT_TO_SIDE,PEORIA,2010-02-13 18:39:00,NO_IMPROPER_ACTION,FAILED_TO_YIELD_RIGHT_OF_WAY_103
2385873,2,ANGLE_FRONT_TO_SIDE,-112.236003095487,33.581843165115,1,FOUR_WAY_INTERSECTION,ANGLE_FRONT_TO_SIDE,PEORIA,2010-02-09 07:07:00,NO_IMPROPER_ACTION,FAILED_TO_YIELD_RIGHT_OF_WAY_103
2385917,2,OTHER_97,-111.857317822036,33.3880677972128,4,T_INTERSECTION,OTHER_97,MESA,2010-09-28 15:24:00,UNKNOWN_99,NO_IMPROPER_ACTION+NOT_APPLICABLE_MINUS_1
2385984,2,ANGLE_FRONT_TO_SIDE,-111.864578782903,33.3642828467333,3,NOT_AT_INTERSECTION_0,ANGLE_FRONT_TO_SIDE,MESA,2010-02-05 07:05:00,NO_IMPROPER_ACTION,FAILED_TO_YIELD_RIGHT_OF_WAY_103
2386125,2,SIDESWIPE_SAME_DIRECTION,-110.951002493851,32.2279181461249,3,NOT_AT_INTERSECTION_0,SIDESWIPE_SAME_DIRECTION,TUCSON,2010-02-16 13:04:00,NO_IMPROPER_ACTION,OTHER_97
2386173,2,LEFT_TURN,-111.929290311503,33.3637782010707,2,NOT_AT_INTERSECTION_0,LEFT_TURN,TEMPE,2010-02-02 17:14:00,NO_IMPROPER_ACTION,FAILED_TO_YIELD_RIGHT_OF_WAY_103
2386203,2,ANGLE_FRONT_TO_SIDE,-111.915381141078,33.33461628985,3,FOUR_WAY_INTERSECTION,ANGLE_FRONT_TO_SIDE,TEMPE,2010-02-07 11:53:00,NO_IMPROPER_ACTION,FAILED_TO_YIELD_RIGHT_OF_WAY_103
2386206,2,ANGLE_FRONT_TO_SIDE,-111.940514540907,33.4074003024374,3,NOT_AT_INTERSECTION_0,ANGLE_FRONT_TO_SIDE,TEMPE,2010-02-09 19:13:00,OTHER_97,NO_IMPROPER_ACTION
2386340,2,ANGLE_FRONT_TO_SIDE,-111.930495376256,33.4730423468883,2,ROUNDABOUT,ANGLE_FRONT_TO_SIDE,SCOTTSDALE,2010-02-09 16:13:00,UNKNOWN_99,UNKNOWN_99
2386403,2,SIDESWIPE_SAME_DIRECTION,-110.968381139854,32.1924277522583,1,FOUR_WAY_INTERSECTION,SIDESWIPE_SAME_DIRECTION,SOUTH TUCSON,2010-02-03 13:06:00,INATTENTION_DISTRACTION,INATTENTION_DISTRACTION
2386444,2,OTHER_97,-111.73577503496,32.8795785708221,3,FOUR_WAY_INTERSECTION,OTHER_97,CASA GRANDE,2010-02-10 10:35:00,NO_IMPROPER_ACTION,NOT_APPLICABLE_MINUS_1+FAILED_TO_YIELD_RIGHT_OF_WAY_103
2386648,2,ANGLE_FRONT_TO_SIDE,-111.874578556849,33.4003160729608,2,FOUR_WAY_INTERSECTION,ANGLE_FRONT_TO_SIDE,MESA,2010-02-23 08:07:00,NO_IMPROPER_ACTION,INATTENTION_DISTRACTION
2386658,2,OTHER_97,-112.047629106432,33.4775115002,4,FOUR_WAY_INTERSECTION,OTHER_97,PHOENIX,2010-08-06 13:20:00,FAILED_TO_YIELD_RIGHT_OF_WAY_103,NO_IMPROPER_ACTION
2386693,2,SIDESWIPE_SAME_DIRECTION,-111.839789676055,33.4223843967478,3,NOT_AT_INTERSECTION_0,SIDESWIPE_SAME_DIRECTION,MESA,2010-02-15 12:45:00,UNKNOWN_99,UNKNOWN_99
2386696,2,ANGLE_FRONT_TO_SIDE,-111.95422208052,33.3782166140523,3,NOT_AT_INTERSECTION_0,ANGLE_FRONT_TO_SIDE,TEMPE,2010-02-03 17:11:00,NO_IMPROPER_ACTION,FAILED_TO_YIELD_RIGHT_OF_WAY_103+NOT_APPLICABLE_MINUS_1
2386749,2,OTHER_97,-111.822847280689,33.4259772311056,1,FOUR_WAY_INTERSECTION,OTHER_97,MESA,2010-02-09 06:35:00,OTHER_97,NO_IMPROPER_ACTION
2386750,2,LEFT_TURN,-111.926164494832,33.4002319921987,2,FOUR_WAY_INTERSECTION,LEFT_TURN,TEMPE,2010-02-03 17:11:00,OTHER_97,NOT_APPLICABLE_MINUS_1+NOT_APPLICABLE_MINUS_1+NO_IMPROPER_ACTION
2386810,2,OTHER_97,-111.61352722565,35.2103112795263,3,NOT_AT_INTERSECTION_0,OTHER_97,FLAGSTAFF,2010-02-10 15:21:00,FAILED_TO_YIELD_RIGHT_OF_WAY_103,NO_IMPROPER_ACTION
2386821,2,OTHER_97,-112.556254676611,33.4397221151608,3,FOUR_WAY_INTERSECTION,OTHER_97,BUCKEYE,2010-02-04 07:36:00,INATTENTION_DISTRACTION,NO_IMPROPER_ACTION
2386862,2,ANGLE_FRONT_TO_SIDE,-111.823010312024,33.4355823622162,2,NOT_AT_INTERSECTION_0,ANGLE_FRONT_TO_SIDE,MESA,2010-02-01 15:52:00,NO_IMPROPER_ACTION,FAILED_TO_YIELD_RIGHT_OF_WAY_103
2386903,2,ANGLE_FRONT_TO_SIDE,0,0,1,T_INTERSECTION,ANGLE_FRONT_TO_SIDE,PEORIA,2010-02-06 13:00:00,NO_IMPROPER_ACTION,FAILED_TO_YIELD_RIGHT_OF_WAY_103
2387220,2,HEAD_ON,-111.935204935122,33.3806071045022,3,NOT_AT_INTERSECTION_0,HEAD_ON,TEMPE,2010-02-12 16:01:00,NO_IMPROPER_ACTION,DROVE_RODE_IN_OPPOSING_TRAFFIC_LANE
2387224,2,ANGLE_FRONT_TO_SIDE,-111.70710236653,33.2767977708925,2,T_INTERSECTION,ANGLE_FRONT_TO_SIDE,GILBERT,2010-02-20 20:08:00,KNOWINGLY_OPERATED_WITH_FAULTY_MISSING_EQUIPMENT,NO_IMPROPER_ACTION
2387284,2,ANGLE_FRONT_TO_SIDE,-112.473263107439,34.540016604487,3,T_INTERSECTION,ANGLE_FRONT_TO_SIDE,PRESCOTT,2010-02-25 16:00:00,NO_IMPROPER_ACTION,FAILED_TO_YIELD_RIGHT_OF_WAY_103
2387285,2,ANGLE_FRONT_TO_SIDE,-111.714570036435,33.2925376461573,2,FOUR_WAY_INTERSECTION,ANGLE_FRONT_TO_SIDE,GILBERT,2010-02-24 08:27:00,NO_IMPROPER_ACTION,FAILED_TO_YIELD_RIGHT_OF_WAY_103
2387348,2,OTHER_97,-112.246333734995,33.5809054649979,4,FOUR_WAY_INTERSECTION,OTHER_97,PEORIA,2010-02-25 06:24:00,INATTENTION_DISTRACTION,FAILED_TO_YIELD_RIGHT_OF_WAY_103
2387507,2,ANGLE_FRONT_TO_SIDE,-111.822589867689,33.4456291747227,3,NOT_AT_INTERSECTION_0,ANGLE_FRONT_TO_SIDE,MESA,2010-02-25 16:14:00,DROVE_RODE_IN_OPPOSING_TRAFFIC_LANE,NOT_APPLICABLE_MINUS_1+NO_IMPROPER_ACTION+NOT_APPLICABLE_MINUS_1
2387557,2,OTHER_97,-111.790101297903,33.371678748936,3,FOUR_WAY_INTERSECTION,OTHER_97,GILBERT,2010-02-06 08:57:00,NO_IMPROPER_ACTION,INATTENTION_DISTRACTION
2387601,2,SIDESWIPE_OPPOSITE_DIRECTION,-110.257383864565,31.5328159774609,3,FOUR_WAY_INTERSECTION,SIDESWIPE_OPPOSITE_DIRECTION,SIERRA VISTA,2010-02-23 20:44:00,INATTENTION_DISTRACTION,NOT_APPLICABLE_MINUS_1+NO_IMPROPER_ACTION
2387622,2,ANGLE_FRONT_TO_SIDE,-110.913241184317,32.2307249871335,3,FOUR_WAY_INTERSECTION,ANGLE_FRONT_TO_SIDE,TUCSON,2010-02-08 07:25:00,FAILED_TO_YIELD_RIGHT_OF_WAY_103,NO_IMPROPER_ACTION
2387715,2,SIDESWIPE_OPPOSITE_DIRECTION,-110.92731157801,32.197820742207,3,T_INTERSECTION,SIDESWIPE_OPPOSITE_DIRECTION,TUCSON,2010-02-06 12:29:00,NO_IMPROPER_ACTION,FAILED_TO_YIELD_RIGHT_OF_WAY_103
2387756,2,ANGLE_FRONT_TO_SIDE,-111.92629070013,33.4146118082771,3,FOUR_WAY_INTERSECTION,ANGLE_FRONT_TO_SIDE,TEMPE,2010-02-18 07:40:00,NO_IMPROPER_ACTION,FAILED_TO_YIELD_RIGHT_OF_WAY_103
2387801,2,ANGLE_FRONT_TO_SIDE,-110.875119334747,32.1922708201238,2,FOUR_WAY_INTERSECTION,ANGLE_FRONT_TO_SIDE,TUCSON,2010-02-05 17:13:00,DROVE_RODE_IN_OPPOSING_TRAFFIC_LANE,NO_IMPROPER_ACTION
2387877,2,ANGLE_FRONT_TO_SIDE,-111.934957687792,33.392898232813,1,FOUR_WAY_INTERSECTION,ANGLE_FRONT_TO_SIDE,TEMPE,2010-02-12 14:02:00,INATTENTION_DISTRACTION,NO_IMPROPER_ACTION
2387903,2,ANGLE_FRONT_TO_SIDE,-111.911155734469,33.3677954414795,2,INTERSECTION_AS_PART_OF_INTERCHANGE,ANGLE_FRONT_TO_SIDE,TEMPE,2010-02-09 15:37:00,FAILED_TO_YIELD_RIGHT_OF_WAY_103,NO_IMPROPER_ACTION
2387905,2,REAR_END,-110.823815631383,32.2278522034862,4,NOT_AT_INTERSECTION_0,REAR_END,TUCSON,2010-02-02 01:00:00,NO_IMPROPER_ACTION,FAILED_TO_KEEP_IN_PROPER_LANE
2387958,2,SIDESWIPE_SAME_DIRECTION,-110.977939642159,32.2358252703797,3,FOUR_WAY_INTERSECTION,SIDESWIPE_SAME_DIRECTION,TUCSON,2010-02-02 17:53:00,UNKNOWN_99,NOT_APPLICABLE_MINUS_1+UNKNOWN_99
2387994,2,SIDESWIPE_SAME_DIRECTION,-111.684744117417,33.393948513604,3,FOUR_WAY_INTERSECTION,SIDESWIPE_SAME_DIRECTION,MESA,2010-02-04 17:58:00,MADE_IMPROPER_TURN,INATTENTION_DISTRACTION
2388023,2,ANGLE_FRONT_TO_SIDE,-112.333279859468,33.5944876952175,2,FOUR_WAY_INTERSECTION,ANGLE_FRONT_TO_SIDE,EL MIRAGE,2010-02-18 17:28:00,INATTENTION_DISTRACTION,INATTENTION_DISTRACTION
2388026,2,ANGLE_FRONT_TO_SIDE,-110.921900024167,32.2361416758433,2,NOT_AT_INTERSECTION_0,ANGLE_FRONT_TO_SIDE,TUCSON,2010-02-04 07:47:00,OTHER_97,NOT_APPLICABLE_MINUS_1+NO_IMPROPER_ACTION
2388091,2,OTHER_97,-111.783488871722,33.4299430518654,1,FOUR_WAY_INTERSECTION,OTHER_97,MESA,2010-02-19 16:05:00,UNKNOWN_99,UNKNOWN_99
2388098,2,OTHER_97,-112.177496047795,33.5481214000141,2,NOT_AT_INTERSECTION_0,OTHER_97,GLENDALE,2010-02-10 14:51:00,NO_IMPROPER_ACTION,NOT_APPLICABLE_MINUS_1+FAILED_TO_YIELD_RIGHT_OF_WAY_103
2388126,2,ANGLE_FRONT_TO_SIDE,-110.85792134355,32.1915863971293,3,NOT_AT_INTERSECTION_0,ANGLE_FRONT_TO_SIDE,TUCSON,2010-02-04 19:19:00,NO_IMPROPER_ACTION,FAILED_TO_YIELD_RIGHT_OF_WAY_103
2388142,2,OTHER_97,-110.914049241212,32.2505616444161,3,NOT_AT_INTERSECTION_0,OTHER_97,TUCSON,2010-02-09 10:42:00,UNKNOWN_99,UNKNOWN_99+NOT_APPLICABLE_MINUS_1
2388145,2,ANGLE_FRONT_TO_SIDE,-110.956795496605,32.2385954864182,3,FOUR_WAY_INTERSECTION,ANGLE_FRONT_TO_SIDE,TUCSON,2010-02-04 19:43:00,OTHER_97,NO_IMPROPER_ACTION
2388156,2,LEFT_TURN,-111.926211116063,33.4289831401078,1,FOUR_WAY_INTERSECTION,LEFT_TURN,TEMPE,2010-02-16 10:40:00,DISREGARDED_TRAFFIC_SIGNAL,NO_IMPROPER_ACTION
2388196,2,SIDESWIPE_SAME_DIRECTION,-110.978650338255,32.1632229857697,1,FOUR_WAY_INTERSECTION,SIDESWIPE_SAME_DIRECTION,TUCSON,2010-02-09 13:09:00,NO_IMPROPER_ACTION,FAILED_TO_YIELD_RIGHT_OF_WAY_103
2388212,2,ANGLE_FRONT_TO_SIDE,-110.806812040044,32.2237958051678,3,T_INTERSECTION,ANGLE_FRONT_TO_SIDE,TUCSON,2010-02-03 07:24:00,DROVE_RODE_IN_OPPOSING_TRAFFIC_LANE,NO_IMPROPER_ACTION+NOT_APPLICABLE_MINUS_1
2388313,2,OTHER_97,-112.136726737963,33.4969363655773,5,NOT_AT_INTERSECTION_0,OTHER_97,PHOENIX,2010-06-28 20:12:00,OTHER_97,NO_IMPROPER_ACTION
2388432,2,OTHER_97,-112.272493198912,33.5083076542073,1,FOUR_WAY_INTERSECTION,OTHER_97,GLENDALE,2010-02-09 09:03:00,FAILED_TO_YIELD_RIGHT_OF_WAY_103,NO_IMPROPER_ACTION
2388445,2,LEFT_TURN,-111.039198779438,32.1132813972311,3,NOT_AT_INTERSECTION_0,LEFT_TURN,UNSPECIFIED_999,2010-02-11 17:18:00,DROVE_RODE_IN_OPPOSING_TRAFFIC_LANE,NO_IMPROPER_ACTION
2388497,2,ANGLE_FRONT_TO_SIDE,-111.739698160972,32.923318576762,3,FOUR_WAY_INTERSECTION,ANGLE_FRONT_TO_SIDE,CASA GRANDE,2010-02-23 16:47:00,OTHER_97,NO_IMPROPER_ACTION
2388505,2,SIDESWIPE_SAME_DIRECTION,-111.676207500546,33.3933379244776,2,FOUR_WAY_INTERSECTION,SIDESWIPE_SAME_DIRECTION,MESA,2010-02-03 13:17:00,OTHER_97,FAILED_TO_YIELD_RIGHT_OF_WAY_103
2388521,2,ANGLE_FRONT_TO_SIDE,-111.63631623946,33.3791166006693,3,FOUR_WAY_INTERSECTION,ANGLE_FRONT_TO_SIDE,MESA,2010-02-12 14:28:00,DISREGARDED_TRAFFIC_SIGNAL,NO_IMPROPER_ACTION+NOT_APPLICABLE_MINUS_1
2388663,2,OTHER_97,-110.960963980761,32.2510793745801,3,NOT_AT_INTERSECTION_0,OTHER_97,TUCSON,2010-02-16 21:16:00,NO_IMPROPER_ACTION,FAILED_TO_YIELD_RIGHT_OF_WAY_103
2388696,2,SIDESWIPE_SAME_DIRECTION,-110.789733727364,32.2138384406317,3,NOT_AT_INTERSECTION_0,SIDESWIPE_SAME_DIRECTION,TUCSON,2010-02-16 12:48:00,FAILED_TO_KEEP_IN_PROPER_LANE,NO_IMPROPER_ACTION
2388770,2,ANGLE_FRONT_TO_SIDE,-111.744002217989,33.3792055817166,2,FOUR_WAY_INTERSECTION,ANGLE_FRONT_TO_SIDE,MESA,2010-02-28 22:00:00,KNOWINGLY_OPERATED_WITH_FAULTY_MISSING_EQUIPMENT,NO_IMPROPER_ACTION
2388775,2,OTHER_97,0,0,2,FOUR_WAY_INTERSECTION,OTHER_97,SAN LUIS,2010-02-06 12:40:00,NO_IMPROPER_ACTION,NO_IMPROPER_ACTION
2388831,2,UNKNOWN_99,-110.731040241808,32.1311958221246,3,NOT_AT_INTERSECTION_0,UNKNOWN_99,UNSPECIFIED_999,2010-02-19 20:45:00,DISREGARDED_PAVEMENT_MARKINGS,UNKNOWN_99
2388836,2,SIDESWIPE_OPPOSITE_DIRECTION,-110.732304315825,32.1322496144913,3,NOT_AT_INTERSECTION_0,SIDESWIPE_OPPOSITE_DIRECTION,UNSPECIFIED_999,2010-02-19 21:15:00,DISREGARDED_PAVEMENT_MARKINGS,NO_IMPROPER_ACTION
2388930,2,ANGLE_FRONT_TO_SIDE,-111.945776777738,33.421900267624,4,T_INTERSECTION,ANGLE_FRONT_TO_SIDE,TEMPE,2010-02-19 12:03:00,DROVE_RODE_IN_OPPOSING_TRAFFIC_LANE,NO_IMPROPER_ACTION
2388939,2,OTHER_97,-112.149973698113,33.5384556463075,4,NOT_AT_INTERSECTION_0,OTHER_97,PHOENIX,2010-02-03 10:56:00,OTHER_97,INATTENTION_DISTRACTION
2389008,2,ANGLE_FRONT_TO_SIDE,0,0,1,T_INTERSECTION,ANGLE_FRONT_TO_SIDE,TUCSON,2010-02-15 15:08:00,RAN_STOP_SIGN,NO_IMPROPER_ACTION
2389030,2,ANGLE_FRONT_TO_SIDE,-110.872418649451,32.2025171975547,1,NOT_AT_INTERSECTION_0,ANGLE_FRONT_TO_SIDE,TUCSON,2010-02-17 17:31:00,UNKNOWN_99,UNKNOWN_99
2389056,2,OTHER_97,-110.931074821348,32.2360540131461,3,FOUR_WAY_INTERSECTION,OTHER_97,TUCSON,2010-02-11 09:11:00,NO_IMPROPER_ACTION,FAILED_TO_YIELD_RIGHT_OF_WAY_103
2389226,2,UNKNOWN_99,-110.978049930552,32.2491782688514,2,T_INTERSECTION,UNKNOWN_99,TUCSON,2010-02-12 16:17:00,UNKNOWN_99,UNKNOWN_99
2389244,2,ANGLE_FRONT_TO_SIDE,-111.926169567482,33.4147768017038,1,NOT_AT_INTERSECTION_0,ANGLE_FRONT_TO_SIDE,TEMPE,2010-02-27 10:00:00,DROVE_RODE_IN_OPPOSING_TRAFFIC_LANE,INATTENTION_DISTRACTION
2389346,2,UNKNOWN_99,-112.349658588393,33.4498438354494,3,FOUR_WAY_INTERSECTION,UNKNOWN_99,GOODYEAR,2010-02-22 07:42:00,UNKNOWN_99,FAILED_TO_YIELD_RIGHT_OF_WAY_103
2389692,2,ANGLE_FRONT_TO_SIDE,-110.894090311597,32.308364636925,2,T_INTERSECTION,ANGLE_FRONT_TO_SIDE,UNSPECIFIED_999,2010-02-25 21:18:00,NO_IMPROPER_ACTION,FAILED_TO_YIELD_RIGHT_OF_WAY_103
2389696,2,ANGLE_FRONT_TO_SIDE,-111.580656594854,33.4134235844523,5,NOT_AT_INTERSECTION_0,ANGLE_FRONT_TO_SIDE,UNSPECIFIED_999,2010-07-25 19:55:00,UNKNOWN_99,NOT_APPLICABLE_MINUS_1+NO_IMPROPER_ACTION
2389754,2,ANGLE_FRONT_TO_SIDE,-112.073381106659,33.4049128738743,3,T_INTERSECTION,ANGLE_FRONT_TO_SIDE,PHOENIX,2010-02-05 15:31:00,OTHER_97,OTHER_97
2389814,3,SIDESWIPE_OPPOSITE_DIRECTION,-112.237703253364,33.5087957031912,1,FOUR_WAY_INTERSECTION,SIDESWIPE_OPPOSITE_DIRECTION,GLENDALE,2010-02-14 18:45:00,NO_IMPROPER_ACTION+NO_IMPROPER_ACTION,FAILED_TO_YIELD_RIGHT_OF_WAY_103
2389842,2,ANGLE_FRONT_TO_SIDE,-111.86999830727,33.4148674151895,3,FOUR_WAY_INTERSECTION,ANGLE_FRONT_TO_SIDE,MESA,2010-02-03 11:30:00,DROVE_RODE_IN_OPPOSING_TRAFFIC_LANE,FAILED_TO_YIELD_RIGHT_OF_WAY_103
2389884,2,ANGLE_FRONT_TO_SIDE,-111.703719104708,33.2925947674525,1,T_INTERSECTION,ANGLE_FRONT_TO_SIDE,GILBERT,2010-02-16 06:27:00,FAILED_TO_YIELD_RIGHT_OF_WAY_103,NO_IMPROPER_ACTION+NOT_APPLICABLE_MINUS_1
2390027,2,ANGLE_FRONT_TO_SIDE,-111.807164871842,33.3716805716595,3,FOUR_WAY_INTERSECTION,ANGLE_FRONT_TO_SIDE,GILBERT,2010-02-24 16:02:00,DISREGARDED_TRAFFIC_SIGNAL,FAILED_TO_YIELD_RIGHT_OF_WAY_103
2390085,2,LEFT_TURN,-112.426824407427,33.4428993659832,3,FOUR_WAY_INTERSECTION,LEFT_TURN,GOODYEAR,2010-10-07 13:38:00,INATTENTION_DISTRACTION,NO_IMPROPER_ACTION
2390102,2,ANGLE_FRONT_TO_SIDE,-112.030370764158,33.4240208952969,3,FOUR_WAY_INTERSECTION,ANGLE_FRONT_TO_SIDE,PHOENIX,2010-10-12 15:05:00,FAILED_TO_YIELD_RIGHT_OF_WAY_103,NO_IMPROPER_ACTION
2390194,2,ANGLE_FRONT_TO_SIDE,-111.875403779984,33.3059876576218,3,T_INTERSECTION,ANGLE_FRONT_TO_SIDE,CHANDLER,2010-06-26 12:45:00,DROVE_RODE_IN_OPPOSING_TRAFFIC_LANE,INATTENTION_DISTRACTION
2390230,2,SIDESWIPE_SAME_DIRECTION,-110.978483267508,32.1994597122184,4,FOUR_WAY_INTERSECTION,SIDESWIPE_SAME_DIRECTION,TUCSON,2010-02-19 20:32:00,UNKNOWN_99,UNKNOWN_99
2390233,2,ANGLE_FRONT_TO_SIDE,-111.986363041422,33.4802544940258,2,NOT_AT_INTERSECTION_0,ANGLE_FRONT_TO_SIDE,PHOENIX,2010-02-13 09:29:00,NO_IMPROPER_ACTION,FAILED_TO_YIELD_RIGHT_OF_WAY_103
2390272,2,OTHER_97,-112.122052260169,33.5838813890166,2,FOUR_WAY_INTERSECTION,OTHER_97,PHOENIX,2010-02-13 16:48:00,INATTENTION_DISTRACTION,NO_IMPROPER_ACTION
2390302,2,OTHER_97,-112.047522992842,33.5093709861104,4,FOUR_WAY_INTERSECTION,OTHER_97,PHOENIX,2010-10-05 09:06:00,FAILED_TO_YIELD_RIGHT_OF_WAY_103,NO_IMPROPER_ACTION
2390385,2,ANGLE_FRONT_TO_SIDE,-110.864519596248,32.2361412641432,3,T_INTERSECTION,ANGLE_FRONT_TO_SIDE,TUCSON,2010-02-19 13:13:00,DROVE_RODE_IN_OPPOSING_TRAFFIC_LANE,NO_IMPROPER_ACTION
2390394,2,SIDESWIPE_SAME_DIRECTION,-112.099459146078,33.5820932677917,2,FOUR_WAY_INTERSECTION,SIDESWIPE_SAME_DIRECTION,PHOENIX,2010-02-09 06:48:00,DISREGARDED_TRAFFIC_SIGNAL,NO_IMPROPER_ACTION
2390452,2,ANGLE_FRONT_TO_SIDE,-112.099940970954,33.4878175268448,2,UNKNOWN_99,ANGLE_FRONT_TO_SIDE,PHOENIX,2010-02-16 15:30:00,INATTENTION_DISTRACTION,INATTENTION_DISTRACTION
2390520,2,LEFT_TURN,-111.986918042865,33.4952887504364,4,NOT_AT_INTERSECTION_0,LEFT_TURN,PHOENIX,2010-02-19 15:30:00,NO_IMPROPER_ACTION,FAILED_TO_YIELD_RIGHT_OF_WAY_103
2390587,2,ANGLE_FRONT_TO_SIDE,-112.133498953382,33.6252565884331,3,NOT_AT_INTERSECTION_0,ANGLE_FRONT_TO_SIDE,PHOENIX,2010-02-13 11:11:00,FAILED_TO_YIELD_RIGHT_OF_WAY_103,NOT_APPLICABLE_MINUS_1+NO_IMPROPER_ACTION+NOT_APPLICABLE_MINUS_1
2390714,2,ANGLE_FRONT_TO_SIDE,-112.134315667684,33.4877250528164,4,FOUR_WAY_INTERSECTION,ANGLE_FRONT_TO_SIDE,PHOENIX,2010-02-07 19:41:00,UNKNOWN_99,UNKNOWN_99
2390715,2,ANGLE_FRONT_TO_SIDE,-112.087596205147,33.3631244833672,1,NOT_AT_INTERSECTION_0,ANGLE_FRONT_TO_SIDE,PHOENIX,2010-02-18 15:00:00,INATTENTION_DISTRACTION,NO_IMPROPER_ACTION
2390741,2,OTHER_97,-112.082492818557,33.5075423578743,2,FOUR_WAY_INTERSECTION,OTHER_97,PHOENIX,2010-02-02 17:13:00,FAILED_TO_YIELD_RIGHT_OF_WAY_103,NO_IMPROPER_ACTION
2390744,2,ANGLE_FRONT_TO_SIDE,-111.978028470521,33.3328261640221,2,T_INTERSECTION,ANGLE_FRONT_TO_SIDE,PHOENIX,2010-02-20 10:00:00,NO_IMPROPER_ACTION,FAILED_TO_YIELD_RIGHT_OF_WAY_103
2390795,2,ANGLE_FRONT_TO_SIDE,-111.974317634498,33.4656072391388,2,NOT_AT_INTERSECTION_0,ANGLE_FRONT_TO_SIDE,PHOENIX,2010-02-05 07:50:00,NO_IMPROPER_ACTION,FAILED_TO_YIELD_RIGHT_OF_WAY_103
2390813,2,ANGLE_FRONT_TO_SIDE,-111.995589969809,33.4657233843524,2,FOUR_WAY_INTERSECTION,ANGLE_FRONT_TO_SIDE,PHOENIX,2010-02-15 05:46:00,DISREGARDED_TRAFFIC_SIGNAL,NO_IMPROPER_ACTION
2390866,2,REAR_TO_SIDE,-112.064908078649,33.4902855249791,2,NOT_AT_INTERSECTION_0,REAR_TO_SIDE,PHOENIX,2010-02-24 17:00:00,DROVE_RODE_IN_OPPOSING_TRAFFIC_LANE,SPEED_TOO_FAST_FOR_CONDITIONS+NOT_APPLICABLE_MINUS_1
2390907,2,ANGLE_FRONT_TO_SIDE,-112.108017830029,33.5963099416319,3,FOUR_WAY_INTERSECTION,ANGLE_FRONT_TO_SIDE,PHOENIX,2010-02-17 07:20:00,FAILED_TO_YIELD_RIGHT_OF_WAY_103,NO_IMPROPER_ACTION+NOT_APPLICABLE_MINUS_1
2390973,2,ANGLE_FRONT_TO_SIDE,-112.114965594507,33.6108264502092,3,FOUR_WAY_INTERSECTION,ANGLE_FRONT_TO_SIDE,PHOENIX,2010-02-08 09:44:00,WALKED_ON_WRONG_SIDE_OF_ROAD,NO_IMPROPER_ACTION
2390994,2,ANGLE_FRONT_TO_SIDE,-111.971472862662,33.492690147014,3,T_INTERSECTION,ANGLE_FRONT_TO_SIDE,PHOENIX,2010-02-25 14:07:00,OTHER_97,INATTENTION_DISTRACTION
2391077,2,ANGLE_FRONT_TO_SIDE,-112.20011621313,33.4714999904258,4,T_INTERSECTION,ANGLE_FRONT_TO_SIDE,PHOENIX,2010-02-27 17:01:00,FAILED_TO_YIELD_RIGHT_OF_WAY_103,NOT_APPLICABLE_MINUS_1+SPEED_TOO_FAST_FOR_CONDITIONS
2391081,2,ANGLE_FRONT_TO_SIDE,-112.015217906302,33.4731111284098,3,T_INTERSECTION,ANGLE_FRONT_TO_SIDE,PHOENIX,2010-02-27 16:13:00,DROVE_RODE_IN_OPPOSING_TRAFFIC_LANE,FAILED_TO_YIELD_RIGHT_OF_WAY_103