IncidentID,num_vehicles_involved,eCollisionManner,Longitude,Latitude,InjurySeverity,eIntersectionType,eCollisionManner,city_name,IncidentDateTime,cyclist_citations,driver_citations
2391158,2,ANGLE_FRONT_TO_SIDE,-112.08694492128,33.4951541687322,3,T_INTERSECTION,ANGLE_FRONT_TO_SIDE,PHOENIX,2010-02-24 13:22:00,DROVE_RODE_IN_OPPOSING_TRAFFIC_LANE,NO_IMPROPER_ACTION
2391180,2,ANGLE_FRONT_TO_SIDE,-111.989023253958,33.3050719620653,3,NOT_AT_INTERSECTION_0,ANGLE_FRONT_TO_SIDE,PHOENIX,2010-02-10 07:45:00,FAILED_TO_YIELD_RIGHT_OF_WAY_103,NO_IMPROPER_ACTION
2391231,2,OTHER_97,-111.99710907354,33.4656898317172,3,NOT_AT_INTERSECTION_0,OTHER_97,PHOENIX,2010-02-05 13:25:00,NO_IMPROPER_ACTION,FAILED_TO_YIELD_RIGHT_OF_WAY_103
2391237,2,ANGLE_FRONT_TO_SIDE,-112.038783217803,33.3928838181075,2,FOUR_WAY_INTERSECTION,ANGLE_FRONT_TO_SIDE,PHOENIX,2010-02-05 13:43:00,DROVE_RODE_IN_OPPOSING_TRAFFIC_LANE,NO_IMPROPER_ACTION
2391316,2,ANGLE_FRONT_TO_SIDE,-112.013033216321,33.4933842810059,3,FOUR_WAY_INTERSECTION,ANGLE_FRONT_TO_SIDE,PHOENIX,2010-02-24 15:28:00,FAILED_TO_YIELD_RIGHT_OF_WAY_103,NO_IMPROPER_ACTION
2391343,2,REAR_END,-111.940003314168,33.4246169251889,3,NOT_AT_INTERSECTION_0,REAR_END,TEMPE,2010-02-15 19:17:00,SPEED_TOO_FAST_FOR_CONDITIONS,NO_IMPROPER_ACTION
2391375,2,ANGLE_FRONT_TO_SIDE,-112.142904086682,33.505177039538,2,NOT_AT_INTERSECTION_0,ANGLE_FRONT_TO_SIDE,PHOENIX,2010-02-17 13:16:00,FAILED_TO_YIELD_RIGHT_OF_WAY_103,NO_IMPROPER_ACTION
2391436,2,SIDESWIPE_SAME_DIRECTION,-110.823784876748,32.2165373834401,2,T_INTERSECTION,SIDESWIPE_SAME_DIRECTION,TUCSON,2010-02-21 13:16:00,UNKNOWN_99,UNKNOWN_99
2391452,2,OTHER_97,-110.948822443668,32.2116529577103,4,INTERSECTION_AS_PART_OF_INTERCHANGE,OTHER_97,TUCSON,2010-02-23 16:05:00,UNKNOWN_99,NOT_APPLICABLE_MINUS_1+UNKNOWN_99+NOT_APPLICABLE_MINUS_1+NOT_APPLICABLE_MINUS_1
2391521,2,ANGLE_FRONT_TO_SIDE,-110.94824525243,32.2386468119616,3,FOUR_WAY_INTERSECTION,ANGLE_FRONT_TO_SIDE,TUCSON,2010-02-24 16:31:00,NO_IMPROPER_ACTION,FAILED_TO_YIELD_RIGHT_OF_WAY_103
2391574,2,ANGLE_FRONT_TO_SIDE,-110.961064207428,32.2773615350054,4,FOUR_WAY_INTERSECTION,ANGLE_FRONT_TO_SIDE,TUCSON,2010-02-27 13:48:00,DROVE_RODE_IN_OPPOSING_TRAFFIC_LANE,NO_IMPROPER_ACTION+NOT_APPLICABLE_MINUS_1+NOT_APPLICABLE_MINUS_1+NOT_APPLICABLE_MINUS_1
2391705,2,ANGLE_FRONT_TO_SIDE,-111.716421983645,33.372048338461,2,T_INTERSECTION,ANGLE_FRONT_TO_SIDE,GILBERT,2010-02-11 09:08:00,FAILED_TO_YIELD_RIGHT_OF_WAY_103,NO_IMPROPER_ACTION
2391720,2,SIDESWIPE_SAME_DIRECTION,-111.815850949523,33.3572091487175,3,NOT_AT_INTERSECTION_0,SIDESWIPE_SAME_DIRECTION,GILBERT,2010-02-09 16:05:00,INATTENTION_DISTRACTION,NO_IMPROPER_ACTION
2391770,2,ANGLE_FRONT_TO_SIDE,-111.722390597766,33.3792531704195,3,FOUR_WAY_INTERSECTION,ANGLE_FRONT_TO_SIDE,GILBERT,2010-02-12 12:37:00,FAILED_TO_KEEP_IN_PROPER_LANE,INATTENTION_DISTRACTION+NOT_APPLICABLE_MINUS_1
2391774,2,ANGLE_FRONT_TO_SIDE,-111.906123300019,33.4948722003395,3,NOT_AT_INTERSECTION_0,ANGLE_FRONT_TO_SIDE,SCOTTSDALE,2010-02-24 11:00:00,DROVE_RODE_IN_OPPOSING_TRAFFIC_LANE,FAILED_TO_YIELD_RIGHT_OF_WAY_103
2391810,2,ANGLE_FRONT_TO_SIDE,-110.949596591291,32.2447427167702,2,NOT_AT_INTERSECTION_0,ANGLE_FRONT_TO_SIDE,TUCSON,2010-02-24 16:10:00,NO_IMPROPER_ACTION,FAILED_TO_YIELD_RIGHT_OF_WAY_103
2391826,2,ANGLE_FRONT_TO_SIDE,-110.907587189721,32.2434688045489,3,FOUR_WAY_INTERSECTION,ANGLE_FRONT_TO_SIDE,TUCSON,2010-02-24 11:04:00,NO_IMPROPER_ACTION,FAILED_TO_YIELD_RIGHT_OF_WAY_103
2391838,2,ANGLE_FRONT_TO_SIDE,-112.340929050812,33.4642615752616,1,FOUR_WAY_INTERSECTION,ANGLE_FRONT_TO_SIDE,AVONDALE,2010-02-03 15:50:00,DISREGARDED_TRAFFIC_SIGNAL,NOT_APPLICABLE_MINUS_1+NOT_APPLICABLE_MINUS_1+NOT_APPLICABLE_MINUS_1+NO_IMPROPER_ACTION+NOT_APPLICABLE_MINUS_1
2391858,2,SIDESWIPE_SAME_DIRECTION,-110.930420594875,32.2360667871206,3,NOT_AT_INTERSECTION_0,SIDESWIPE_SAME_DIRECTION,TUCSON,2010-02-24 11:54:00,SPEED_TOO_FAST_FOR_CONDITIONS,NO_IMPROPER_ACTION+NOT_APPLICABLE_MINUS_1
2391926,2,SIDESWIPE_OPPOSITE_DIRECTION,-110.95239039898,32.2794396128652,2,FOUR_WAY_INTERSECTION,SIDESWIPE_OPPOSITE_DIRECTION,TUCSON,2010-02-25 17:36:00,NO_IMPROPER_ACTION,NOT_APPLICABLE_MINUS_1+RAN_STOP_SIGN
2391929,2,OTHER_97,-110.942357318251,32.2199049108354,3,NOT_AT_INTERSECTION_0,OTHER_97,TUCSON,2010-02-25 17:45:00,UNKNOWN_99,UNKNOWN_99
2392005,2,ANGLE_FRONT_TO_SIDE,-112.139238143769,33.3848426469456,2,FOUR_WAY_INTERSECTION,ANGLE_FRONT_TO_SIDE,PHOENIX,2010-02-27 18:45:00,ELECTRONIC_COMMUNICATIONS_DEVICE,NO_IMPROPER_ACTION
2392018,2,OTHER_97,-111.841693094214,33.3303591774741,3,NOT_AT_INTERSECTION_0,OTHER_97,CHANDLER,2010-02-05 12:16:00,DROVE_RODE_IN_OPPOSING_TRAFFIC_LANE,UNKNOWN_99
2392097,2,ANGLE_FRONT_TO_SIDE,-112.073813097798,33.4482410804499,4,UNKNOWN_99,ANGLE_FRONT_TO_SIDE,CHANDLER,2010-02-02 20:05:00,RAN_STOP_SIGN,NO_IMPROPER_ACTION
2392113,2,ANGLE_FRONT_TO_SIDE,-111.841594885329,33.276659540017,2,FOUR_WAY_INTERSECTION,ANGLE_FRONT_TO_SIDE,CHANDLER,2010-02-04 11:38:00,DROVE_RODE_IN_OPPOSING_TRAFFIC_LANE,FAILED_TO_YIELD_RIGHT_OF_WAY_103+NOT_APPLICABLE_MINUS_1
2392164,2,ANGLE_FRONT_TO_SIDE,-111.968873764663,33.3052936794573,2,T_INTERSECTION,ANGLE_FRONT_TO_SIDE,CHANDLER,2010-02-08 08:08:00,NO_IMPROPER_ACTION,INATTENTION_DISTRACTION
2392186,2,ANGLE_FRONT_TO_SIDE,-111.928613791632,33.3054387459964,1,FOUR_WAY_INTERSECTION,ANGLE_FRONT_TO_SIDE,CHANDLER,2010-02-09 16:00:00,DISREGARDED_TRAFFIC_SIGNAL,NO_IMPROPER_ACTION
2392277,2,ANGLE_FRONT_TO_SIDE,-111.632700198848,33.4067461131355,3,NOT_AT_INTERSECTION_0,ANGLE_FRONT_TO_SIDE,UNSPECIFIED_999,2010-02-13 19:03:00,DID_NOT_USE_CROSSWALK,NO_IMPROPER_ACTION
2392308,2,ANGLE_FRONT_TO_SIDE,-111.891193521384,33.3314758657363,1,NOT_AT_INTERSECTION_0,ANGLE_FRONT_TO_SIDE,CHANDLER,2010-02-23 17:33:00,NO_IMPROPER_ACTION,FAILED_TO_YIELD_RIGHT_OF_WAY_103
2392326,2,UNKNOWN_99,-111.873731552335,33.3205810885411,2,T_INTERSECTION,UNKNOWN_99,CHANDLER,2010-02-23 08:54:00,OTHER_UNSAFE_PASSING,NO_IMPROPER_ACTION
2392386,2,SIDESWIPE_SAME_DIRECTION,-112.281232660317,33.6048856272458,2,FOUR_WAY_INTERSECTION,SIDESWIPE_SAME_DIRECTION,UNSPECIFIED_999,2010-02-08 13:42:00,UNKNOWN_99,NO_IMPROPER_ACTION
2392419,2,OTHER_97,-112.412229412439,33.5517033137816,3,NOT_AT_INTERSECTION_0,OTHER_97,UNSPECIFIED_999,2010-02-09 16:14:00,NO_IMPROPER_ACTION,INATTENTION_DISTRACTION
2392480,2,ANGLE_FRONT_TO_SIDE,-112.201646344938,33.65291034954,1,NOT_AT_INTERSECTION_0,ANGLE_FRONT_TO_SIDE,GLENDALE,2010-02-22 08:43:00,NO_IMPROPER_ACTION,RAN_STOP_SIGN
2392494,2,SIDESWIPE_SAME_DIRECTION,-112.07417542619,33.6427544397511,4,NOT_AT_INTERSECTION_0,SIDESWIPE_SAME_DIRECTION,PHOENIX,2010-02-10 23:52:00,DROVE_RODE_IN_OPPOSING_TRAFFIC_LANE,NO_IMPROPER_ACTION
2392539,2,OTHER_97,-112.165693340148,33.5384439879417,2,NOT_AT_INTERSECTION_0,OTHER_97,GLENDALE,2010-02-24 13:52:00,NO_IMPROPER_ACTION,UNKNOWN_99
2392569,2,ANGLE_FRONT_TO_SIDE,-111.959791165191,33.3660046554841,3,FOUR_WAY_INTERSECTION,ANGLE_FRONT_TO_SIDE,GUADALUPE,2010-02-20 11:00:00,UNKNOWN_99,INATTENTION_DISTRACTION
2392571,3,REAR_END,-111.939602241545,33.3934526301389,1,NOT_AT_INTERSECTION_0,REAR_END,TEMPE,2010-02-23 16:34:00,NO_IMPROPER_ACTION,INATTENTION_DISTRACTION+NO_IMPROPER_ACTION
2392705,2,ANGLE_FRONT_TO_SIDE,-112.168511918223,33.5384424916815,1,FOUR_WAY_INTERSECTION,ANGLE_FRONT_TO_SIDE,GLENDALE,2010-02-07 20:42:00,NO_IMPROPER_ACTION,UNKNOWN_99
2392719,2,REAR_END,-112.186276194714,33.5681735163087,2,NOT_AT_INTERSECTION_0,REAR_END,GLENDALE,2010-02-08 11:40:00,NO_IMPROPER_ACTION,FAILED_TO_YIELD_RIGHT_OF_WAY_103
2392864,2,REAR_END,-112.815217566156,34.0471480236934,4,NOT_AT_INTERSECTION_0,REAR_END,UNSPECIFIED_999,2010-03-13 12:12:00,NO_IMPROPER_ACTION,OTHER_UNSAFE_PASSING
2393139,2,SIDESWIPE_SAME_DIRECTION,-110.926783196946,32.517380986276,3,NOT_AT_INTERSECTION_0,SIDESWIPE_SAME_DIRECTION,UNSPECIFIED_999,2010-03-07 10:45:00,UNKNOWN_99,SPEED_TOO_FAST_FOR_CONDITIONS
2393718,2,ANGLE_FRONT_TO_SIDE,-111.569187106266,33.4150711742637,3,FOUR_WAY_INTERSECTION,ANGLE_FRONT_TO_SIDE,APACHE JUNCTION,2010-07-03 11:37:00,INATTENTION_DISTRACTION,NO_IMPROPER_ACTION
2393963,2,OTHER_97,-111.859133952957,33.3206029290653,1,NOT_AT_INTERSECTION_0,OTHER_97,CHANDLER,2010-02-16 02:50:00,OTHER_97,INATTENTION_DISTRACTION
2394043,2,LEFT_TURN,-111.898111201336,33.3202548184777,3,FOUR_WAY_INTERSECTION,LEFT_TURN,CHANDLER,2010-02-16 17:31:00,NO_IMPROPER_ACTION,FAILED_TO_YIELD_RIGHT_OF_WAY_103
2394197,2,OTHER_97,-111.650486638245,35.2001098075382,1,FOUR_WAY_INTERSECTION,OTHER_97,FLAGSTAFF,2010-03-06 22:07:00,UNKNOWN_99,DISREGARDED_PAVEMENT_MARKINGS
2394348,2,ANGLE_FRONT_TO_SIDE,-111.577464877978,35.2310988885642,3,T_INTERSECTION,ANGLE_FRONT_TO_SIDE,FLAGSTAFF,2010-03-06 12:51:00,DISREGARDED_TRAFFIC_SIGNAL,NO_IMPROPER_ACTION+NOT_APPLICABLE_MINUS_1+NOT_APPLICABLE_MINUS_1
2394352,2,ANGLE_FRONT_TO_SIDE,-112.341025855141,33.455167014567,3,FOUR_WAY_INTERSECTION,ANGLE_FRONT_TO_SIDE,AVONDALE,2010-03-09 16:39:00,NO_IMPROPER_ACTION,FAILED_TO_YIELD_RIGHT_OF_WAY_103
2394373,2,ANGLE_FRONT_TO_SIDE,-111.790397026248,33.3306993224799,3,FOUR_WAY_INTERSECTION,ANGLE_FRONT_TO_SIDE,GILBERT,2010-03-03 11:13:00,NO_IMPROPER_ACTION,INATTENTION_DISTRACTION
2394415,2,ANGLE_FRONT_TO_SIDE,-111.788351882426,33.3790008270913,1,FOUR_WAY_INTERSECTION,ANGLE_FRONT_TO_SIDE,GILBERT,2010-03-08 15:06:00,DROVE_RODE_IN_OPPOSING_TRAFFIC_LANE,NO_IMPROPER_ACTION
2394548,2,SIDESWIPE_SAME_DIRECTION,-111.676215991908,33.4721255608994,3,NOT_AT_INTERSECTION_0,SIDESWIPE_SAME_DIRECTION,MESA,2010-03-09 06:43:00,NO_IMPROPER_ACTION,FAILED_TO_YIELD_RIGHT_OF_WAY_103
2394670,2,LEFT_TURN,-111.684398534876,33.4301596915098,2,FOUR_WAY_INTERSECTION,LEFT_TURN,MESA,2010-03-10 14:09:00,DISREGARDED_TRAFFIC_SIGNAL,NOT_APPLICABLE_MINUS_1+INATTENTION_DISTRACTION
2394714,2,ANGLE_FRONT_TO_SIDE,-111.963816490506,33.378241491797,3,NOT_AT_INTERSECTION_0,ANGLE_FRONT_TO_SIDE,TEMPE,2010-03-07 19:03:00,DROVE_RODE_IN_OPPOSING_TRAFFIC_LANE,FAILED_TO_YIELD_RIGHT_OF_WAY_103+NOT_APPLICABLE_MINUS_1
2394740,2,ANGLE_FRONT_TO_SIDE,-111.947276892024,33.4254757451732,3,FOUR_WAY_INTERSECTION,ANGLE_FRONT_TO_SIDE,TEMPE,2010-03-04 08:25:00,UNKNOWN_99,UNKNOWN_99
2394761,2,ANGLE_FRONT_TO_SIDE,-111.976554515746,33.378192169754,3,NOT_AT_INTERSECTION_0,ANGLE_FRONT_TO_SIDE,TEMPE,2010-03-04 17:39:00,NO_IMPROPER_ACTION,FAILED_TO_YIELD_RIGHT_OF_WAY_103
2394780,2,SIDESWIPE_SAME_DIRECTION,-111.939486481022,33.3862295053094,3,FOUR_WAY_INTERSECTION,SIDESWIPE_SAME_DIRECTION,TEMPE,2010-03-04 12:21:00,NO_IMPROPER_ACTION,OTHER_97
2394785,2,OTHER_97,-111.651370294262,35.1982286491304,3,T_INTERSECTION,OTHER_97,FLAGSTAFF,2010-03-16 15:55:00,NO_IMPROPER_ACTION,FAILED_TO_YIELD_RIGHT_OF_WAY_103
2394798,2,ANGLE_FRONT_TO_SIDE,-111.933956446544,33.421960191546,1,NOT_AT_INTERSECTION_0,ANGLE_FRONT_TO_SIDE,TEMPE,2010-03-04 13:35:00,NO_IMPROPER_ACTION,MADE_IMPROPER_TURN
2394823,2,SIDESWIPE_SAME_DIRECTION,-111.72205086951,32.8722721196966,2,NOT_AT_INTERSECTION_0,SIDESWIPE_SAME_DIRECTION,CASA GRANDE,2010-03-03 15:57:00,NO_IMPROPER_ACTION,FAILED_TO_KEEP_IN_PROPER_LANE
2394852,2,OTHER_97,-111.61827364086,35.2004605905833,2,T_INTERSECTION,OTHER_97,FLAGSTAFF,2010-03-12 11:28:00,FAILED_TO_YIELD_RIGHT_OF_WAY_103,NOT_APPLICABLE_MINUS_1+DROVE_RODE_IN_OPPOSING_TRAFFIC_LANE
2394926,2,ANGLE_FRONT_TO_SIDE,-111.675549701024,32.8610908466529,2,T_INTERSECTION,ANGLE_FRONT_TO_SIDE,CASA GRANDE,2010-03-15 18:11:00,DROVE_RODE_IN_OPPOSING_TRAFFIC_LANE,SPEED_TOO_FAST_FOR_CONDITIONS
2395028,2,ANGLE_FRONT_TO_SIDE,-111.762302235938,33.3211882227472,4,T_INTERSECTION,ANGLE_FRONT_TO_SIDE,GILBERT,2010-03-11 18:05:00,NO_IMPROPER_ACTION,FAILED_TO_YIELD_RIGHT_OF_WAY_103
2395033,2,OTHER_97,-111.720767311706,33.2849243923533,1,T_INTERSECTION,OTHER_97,GILBERT,2010-03-11 20:36:00,DROVE_RODE_IN_OPPOSING_TRAFFIC_LANE,NO_IMPROPER_ACTION
2395063,2,ANGLE_FRONT_TO_SIDE,-112.476077808839,34.5568735529089,4,T_INTERSECTION,ANGLE_FRONT_TO_SIDE,PRESCOTT,2010-03-11 13:44:00,WALKED_ON_WRONG_SIDE_OF_ROAD,NO_IMPROPER_ACTION
2395108,2,OTHER_97,-112.352936665685,33.4353402478778,1,T_INTERSECTION,OTHER_97,AVONDALE,2010-03-13 12:36:00,NO_IMPROPER_ACTION,FAILED_TO_YIELD_RIGHT_OF_WAY_103
2395111,2,ANGLE_FRONT_TO_SIDE,-111.722141254503,33.3720629289423,1,FOUR_WAY_INTERSECTION,ANGLE_FRONT_TO_SIDE,GILBERT,2010-03-16 06:27:00,NO_IMPROPER_ACTION,NOT_APPLICABLE_MINUS_1+NOT_APPLICABLE_MINUS_1+FAILED_TO_YIELD_RIGHT_OF_WAY_103+NOT_APPLICABLE_MINUS_1+NOT_APPLICABLE_MINUS_1
2395182,2,ANGLE_FRONT_TO_SIDE,-111.840115152944,33.3823388950558,2,FOUR_WAY_INTERSECTION,ANGLE_FRONT_TO_SIDE,MESA,2010-03-11 12:33:00,NO_IMPROPER_ACTION,FAILED_TO_YIELD_RIGHT_OF_WAY_103
2395195,2,ANGLE_FRONT_TO_SIDE,-111.789667827967,33.3548737884187,3,FOUR_WAY_INTERSECTION,ANGLE_FRONT_TO_SIDE,GILBERT,2010-03-09 16:26:00,NO_IMPROPER_ACTION,UNKNOWN_99
2395391,2,SIDESWIPE_OPPOSITE_DIRECTION,-111.789224908481,33.4153718961559,1,NOT_AT_INTERSECTION_0,SIDESWIPE_OPPOSITE_DIRECTION,MESA,2010-03-15 15:04:00,FAILED_TO_YIELD_RIGHT_OF_WAY_103,NO_IMPROPER_ACTION+NOT_APPLICABLE_MINUS_1+NOT_APPLICABLE_MINUS_1+NOT_APPLICABLE_MINUS_1
2395409,2,ANGLE_FRONT_TO_SIDE,-111.8745803933,33.4003299874045,1,FOUR_WAY_INTERSECTION,ANGLE_FRONT_TO_SIDE,MESA,2010-03-20 20:30:00,NO_IMPROPER_ACTION,FAILED_TO_YIELD_RIGHT_OF_WAY_103
2395415,2,ANGLE_FRONT_TO_SIDE,-111.928686789615,33.3604709374548,2,NOT_AT_INTERSECTION_0,ANGLE_FRONT_TO_SIDE,TEMPE,2010-03-01 17:18:00,OTHER_97,NO_IMPROPER_ACTION
2395484,2,SIDESWIPE_SAME_DIRECTION,-112.073813097798,33.4482410804499,2,FOUR_WAY_INTERSECTION,SIDESWIPE_SAME_DIRECTION,YUMA,2010-03-16 14:40:00,FAILED_TO_YIELD_RIGHT_OF_WAY_103,NO_IMPROPER_ACTION+NOT_APPLICABLE_MINUS_1+NOT_APPLICABLE_MINUS_1+NOT_APPLICABLE_MINUS_1
2395554,2,ANGLE_FRONT_TO_SIDE,-111.856437248509,33.4217221909711,3,NOT_REPORTED_255,ANGLE_FRONT_TO_SIDE,MESA,2010-03-11 15:01:00,NO_IMPROPER_ACTION,FAILED_TO_YIELD_RIGHT_OF_WAY_103+NOT_APPLICABLE_MINUS_1
2395572,2,ANGLE_FRONT_TO_SIDE,-110.943938700966,32.2359310829322,3,T_INTERSECTION,ANGLE_FRONT_TO_SIDE,TUCSON,2010-03-21 07:48:00,NO_IMPROPER_ACTION,INATTENTION_DISTRACTION
2395595,2,ANGLE_FRONT_TO_SIDE,-111.755782711976,33.3545140425365,1,NOT_AT_INTERSECTION_0,ANGLE_FRONT_TO_SIDE,GILBERT,2010-03-23 18:38:00,DROVE_RODE_IN_OPPOSING_TRAFFIC_LANE,UNKNOWN_99+NOT_APPLICABLE_MINUS_1
2395606,2,ANGLE_FRONT_TO_SIDE,-111.923155533468,33.5783869433505,1,NOT_AT_INTERSECTION_0,ANGLE_FRONT_TO_SIDE,SCOTTSDALE,2010-03-16 07:56:00,NO_IMPROPER_ACTION,SPEED_TOO_FAST_FOR_CONDITIONS
2395934,2,OTHER_97,-112.202599844055,33.5817082787647,4,NOT_AT_INTERSECTION_0,OTHER_97,GLENDALE,2010-09-18 10:51:00,INATTENTION_DISTRACTION,NO_IMPROPER_ACTION
2396020,2,REAR_END,-110.952448411639,32.2372745513349,1,FOUR_WAY_INTERSECTION,REAR_END,TUCSON,2010-03-29 15:30:00,INATTENTION_DISTRACTION,NO_IMPROPER_ACTION
2396145,2,ANGLE_FRONT_TO_SIDE,-111.901959750502,33.4220852511017,2,NOT_AT_INTERSECTION_0,ANGLE_FRONT_TO_SIDE,TEMPE,2010-03-19 16:56:00,DROVE_RODE_IN_OPPOSING_TRAFFIC_LANE,NO_IMPROPER_ACTION
2396151,2,SIDESWIPE_SAME_DIRECTION,-112.479180210542,34.5312465876898,3,T_INTERSECTION,SIDESWIPE_SAME_DIRECTION,PRESCOTT,2010-03-25 19:51:00,UNKNOWN_99,OTHER_UNSAFE_PASSING
2396205,2,ANGLE_FRONT_TO_SIDE,-111.940037622711,33.4296219032996,4,FOUR_WAY_INTERSECTION,ANGLE_FRONT_TO_SIDE,TEMPE,2010-03-24 15:54:00,DISREGARDED_TRAFFIC_SIGNAL,NO_IMPROPER_ACTION+NOT_APPLICABLE_MINUS_1
2396320,2,ANGLE_FRONT_TO_SIDE,-111.969770591487,33.3783850414463,2,T_INTERSECTION,ANGLE_FRONT_TO_SIDE,TEMPE,2010-03-15 12:45:00,OTHER_97,NO_IMPROPER_ACTION
2396341,2,ANGLE_FRONT_TO_SIDE,-111.926290378949,33.4440103119735,2,NOT_AT_INTERSECTION_0,ANGLE_FRONT_TO_SIDE,TEMPE,2010-03-17 13:10:00,FAILED_TO_YIELD_RIGHT_OF_WAY_103,NO_IMPROPER_ACTION
2396438,2,SIDESWIPE_SAME_DIRECTION,-110.94995522411,32.0499763307306,2,NOT_AT_INTERSECTION_0,SIDESWIPE_SAME_DIRECTION,TUCSON,2010-03-03 09:25:00,NO_IMPROPER_ACTION,FAILED_TO_KEEP_IN_PROPER_LANE
2396853,2,ANGLE_FRONT_TO_SIDE,-112.23762306983,33.6381178990086,3,NOT_AT_INTERSECTION_0,ANGLE_FRONT_TO_SIDE,PEORIA,2010-03-19 15:58:00,DISREGARDED_TRAFFIC_SIGNAL,NO_IMPROPER_ACTION
2396933,2,OTHER_97,-112.038671486282,33.4658851198247,1,NOT_AT_INTERSECTION_0,OTHER_97,PHOENIX,2010-03-24 13:19:00,DISREGARDED_PAVEMENT_MARKINGS,NO_IMPROPER_ACTION
2397053,2,OTHER_97,-111.926585964932,33.4439723547198,3,FOUR_WAY_INTERSECTION,OTHER_97,TEMPE,2010-04-21 14:00:00,OTHER_97,NO_IMPROPER_ACTION
2397315,2,ANGLE_FRONT_TO_SIDE,-110.988378249224,31.8719887408175,2,FOUR_WAY_INTERSECTION,ANGLE_FRONT_TO_SIDE,UNSPECIFIED_999,2010-03-06 13:16:00,NO_IMPROPER_ACTION,EXCEEDED_LAWFUL_SPEED
2397333,2,ANGLE_FRONT_TO_SIDE,-111.874404709759,33.4180296566581,2,T_INTERSECTION,ANGLE_FRONT_TO_SIDE,MESA,2010-03-29 15:30:00,DROVE_RODE_IN_OPPOSING_TRAFFIC_LANE,NO_IMPROPER_ACTION
2397335,2,OTHER_97,-112.250647375517,33.5518388605288,1,T_INTERSECTION,OTHER_97,PEORIA,2010-03-30 17:15:00,DROVE_RODE_IN_OPPOSING_TRAFFIC_LANE,NO_IMPROPER_ACTION
2397366,2,ANGLE_FRONT_TO_SIDE,-112.250704241851,33.5376133671907,2,T_INTERSECTION,ANGLE_FRONT_TO_SIDE,GLENDALE,2010-03-04 14:27:00,OTHER_97,NO_IMPROPER_ACTION
2397374,2,ANGLE_FRONT_TO_SIDE,-112.182084461217,33.6388038415424,2,FOUR_WAY_INTERSECTION,ANGLE_FRONT_TO_SIDE,GLENDALE,2010-03-04 17:50:00,DISREGARDED_TRAFFIC_SIGNAL,NO_IMPROPER_ACTION
2397401,2,UNKNOWN_99,-111.925883642077,33.5483745260293,3,NOT_AT_INTERSECTION_0,UNKNOWN_99,PARADISE VALLEY,2010-03-28 10:09:00,NO_IMPROPER_ACTION,NO_IMPROPER_ACTION
2397499,2,LEFT_TURN,-111.93993276039,33.4176224169105,3,T_INTERSECTION,LEFT_TURN,TEMPE,2010-03-13 09:53:00,NO_IMPROPER_ACTION,DISREGARDED_TRAFFIC_SIGNAL
2397605,2,SIDESWIPE_SAME_DIRECTION,-111.914255451558,33.3929847782686,3,NOT_AT_INTERSECTION_0,SIDESWIPE_SAME_DIRECTION,TEMPE,2010-03-29 16:00:00,UNKNOWN_99,UNKNOWN_99
2397611,2,SIDESWIPE_SAME_DIRECTION,-110.841053561254,32.2671359974396,3,NOT_AT_INTERSECTION_0,SIDESWIPE_SAME_DIRECTION,UNSPECIFIED_999,2010-03-14 11:52:00,NO_IMPROPER_ACTION,OTHER_97
2397635,2,LEFT_TURN,-111.925920964201,33.4440276165352,1,FOUR_WAY_INTERSECTION,LEFT_TURN,TEMPE,2010-03-29 12:01:00,FAILED_TO_YIELD_RIGHT_OF_WAY_103,NO_IMPROPER_ACTION
2397665,2,ANGLE_FRONT_TO_SIDE,-111.663975974297,33.393376491649,2,T_INTERSECTION,ANGLE_FRONT_TO_SIDE,MESA,2010-03-22 15:34:00,UNKNOWN_99,NO_IMPROPER_ACTION
2397807,2,ANGLE_FRONT_TO_SIDE,-112.586481829396,33.3715488652368,2,T_INTERSECTION,ANGLE_FRONT_TO_SIDE,BUCKEYE,2010-03-24 15:26:00,INATTENTION_DISTRACTION,NO_IMPROPER_ACTION
2398091,2,SIDESWIPE_SAME_DIRECTION,-111.651070115695,35.195991433712,1,NOT_AT_INTERSECTION_0,SIDESWIPE_SAME_DIRECTION,FLAGSTAFF,2010-03-15 13:00:00,NO_IMPROPER_ACTION,UNSAFE_LANE_CHANGE
2398097,2,ANGLE_FRONT_TO_SIDE,-110.988427149924,31.8712881235841,2,FOUR_WAY_INTERSECTION,ANGLE_FRONT_TO_SIDE,UNSPECIFIED_999,2010-03-06 13:16:00,NO_IMPROPER_ACTION,EXCEEDED_LAWFUL_SPEED
2398100,2,SIDESWIPE_OPPOSITE_DIRECTION,-111.952153268277,33.4073899608987,2,FOUR_WAY_INTERSECTION,SIDESWIPE_OPPOSITE_DIRECTION,TEMPE,2010-03-26 05:05:00,NO_IMPROPER_ACTION,NOT_APPLICABLE_MINUS_1+SPEED_TOO_FAST_FOR_CONDITIONS
2398253,2,OTHER_97,-111.69779761074,33.446176691828,3,NOT_AT_INTERSECTION_0,OTHER_97,MESA,2010-03-25 09:22:00,OTHER_97,NO_IMPROPER_ACTION
2398297,2,ANGLE_FRONT_TO_SIDE,-112.220275680221,33.6382194224234,1,FOUR_WAY_INTERSECTION,ANGLE_FRONT_TO_SIDE,GLENDALE,2010-03-17 21:00:00,KNOWINGLY_OPERATED_WITH_FAULTY_MISSING_EQUIPMENT,FAILED_TO_YIELD_RIGHT_OF_WAY_103