IncidentID,num_vehicles_involved,eCollisionManner,Longitude,Latitude,InjurySeverity,eIntersectionType,eCollisionManner,city_name,IncidentDateTime,cyclist_citations,driver_citations
2421009,2,ANGLE_FRONT_TO_SIDE,-111.841596869273,33.3199621640103,3,NOT_AT_INTERSECTION_0,ANGLE_FRONT_TO_SIDE,CHANDLER,2010-06-04 12:08:00,OTHER_97,NO_IMPROPER_ACTION
2421178,2,REAR_END,-112.29869073361,33.6054723482006,1,NOT_AT_INTERSECTION_0,REAR_END,UNSPECIFIED_999,2010-06-01 12:47:00,NO_IMPROPER_ACTION,NO_IMPROPER_ACTION
2421234,2,SIDESWIPE_SAME_DIRECTION,-110.277615467854,31.5546365479265,3,FOUR_WAY_INTERSECTION,SIDESWIPE_SAME_DIRECTION,SIERRA VISTA,2010-06-15 10:53:00,FAILED_TO_YIELD_RIGHT_OF_WAY_103,NO_IMPROPER_ACTION
2421239,2,OTHER_97,-111.376643542149,33.0719908918822,1,NOT_AT_INTERSECTION_0,OTHER_97,UNSPECIFIED_999,2010-06-19 04:35:00,NO_IMPROPER_ACTION,NO_IMPROPER_ACTION
2421257,2,REAR_END,-112.08286583247,33.3777327685911,2,T_INTERSECTION,REAR_END,PHOENIX,2010-06-02 20:30:00,NO_IMPROPER_ACTION,UNKNOWN_99
2421361,2,ANGLE_FRONT_TO_SIDE,-111.878207661805,33.393050624645,1,FOUR_WAY_INTERSECTION,ANGLE_FRONT_TO_SIDE,MESA,2010-06-21 12:08:00,OTHER_97,NO_IMPROPER_ACTION
2421381,2,OTHER_97,-112.073813097798,33.4482410804499,3,FOUR_WAY_INTERSECTION,OTHER_97,PRESCOTT VALLEY,2010-06-13 15:19:00,NO_IMPROPER_ACTION,FAILED_TO_YIELD_RIGHT_OF_WAY_103
2421401,2,SIDESWIPE_SAME_DIRECTION,-112.050721996166,33.5309747938711,3,FOUR_WAY_INTERSECTION,SIDESWIPE_SAME_DIRECTION,PHOENIX,2010-06-11 09:42:00,FAILED_TO_YIELD_RIGHT_OF_WAY_103,NO_IMPROPER_ACTION
2421405,2,ANGLE_FRONT_TO_SIDE,-111.841609602839,33.3211969888157,1,NOT_AT_INTERSECTION_0,ANGLE_FRONT_TO_SIDE,CHANDLER,2010-05-08 20:49:00,KNOWINGLY_OPERATED_WITH_FAULTY_MISSING_EQUIPMENT,NO_IMPROPER_ACTION+NOT_APPLICABLE_MINUS_1
2421513,2,OTHER_97,-111.921354586524,33.501513402106,1,T_INTERSECTION,OTHER_97,SCOTTSDALE,2010-06-12 02:39:00,NO_IMPROPER_ACTION,INATTENTION_DISTRACTION
2421736,2,HEAD_ON,-111.687545747247,33.3600482896763,2,T_INTERSECTION,HEAD_ON,MESA,2010-06-19 07:22:00,DROVE_RODE_IN_OPPOSING_TRAFFIC_LANE,NO_IMPROPER_ACTION
2421743,2,ANGLE_FRONT_TO_SIDE,-111.755662966919,33.3378695959411,4,T_INTERSECTION,ANGLE_FRONT_TO_SIDE,GILBERT,2010-06-19 13:29:00,NO_IMPROPER_ACTION,FAILED_TO_YIELD_RIGHT_OF_WAY_103
2422034,2,UNKNOWN_99,-112.038996655748,33.4586499655124,3,FOUR_WAY_INTERSECTION,UNKNOWN_99,PHOENIX,2010-06-15 14:52:00,DROVE_RODE_IN_OPPOSING_TRAFFIC_LANE,NO_IMPROPER_ACTION
2422096,2,ANGLE_FRONT_TO_SIDE,-112.091423436685,33.4482310491337,2,FOUR_WAY_INTERSECTION,ANGLE_FRONT_TO_SIDE,PHOENIX,2010-06-08 12:13:00,NO_IMPROPER_ACTION,FAILED_TO_YIELD_RIGHT_OF_WAY_103
2422107,2,REAR_END,-111.323452167502,32.4365075807892,2,FOUR_WAY_INTERSECTION,REAR_END,UNSPECIFIED_999,2010-06-17 14:06:00,NO_IMPROPER_ACTION,FOLLOWED_TOO_CLOSELY
2422125,2,ANGLE_FRONT_TO_SIDE,-112.065068962253,33.5391512883849,3,NOT_AT_INTERSECTION_0,ANGLE_FRONT_TO_SIDE,PHOENIX,2010-06-14 12:22:00,NO_IMPROPER_ACTION,NOT_APPLICABLE_MINUS_1+INATTENTION_DISTRACTION
2422161,2,ANGLE_FRONT_TO_SIDE,-112.255109497173,33.5808308772008,2,FOUR_WAY_INTERSECTION,ANGLE_FRONT_TO_SIDE,PEORIA,2010-06-25 21:46:00,NO_IMPROPER_ACTION,UNKNOWN_99
2422383,2,ANGLE_FRONT_TO_SIDE,-111.848650944482,33.3932344217055,2,FOUR_WAY_INTERSECTION,ANGLE_FRONT_TO_SIDE,MESA,2010-06-19 11:14:00,DISREGARDED_TRAFFIC_SIGNAL,NO_IMPROPER_ACTION+NOT_APPLICABLE_MINUS_1
2422498,2,ANGLE_FRONT_TO_SIDE,-111.839936500999,33.4291773673258,3,NOT_AT_INTERSECTION_0,ANGLE_FRONT_TO_SIDE,MESA,2010-06-14 13:46:00,NO_IMPROPER_ACTION,INATTENTION_DISTRACTION
2422540,2,REAR_END,-112.066705780194,33.5237465147071,3,NOT_AT_INTERSECTION_0,REAR_END,PHOENIX,2010-06-19 18:54:00,NO_IMPROPER_ACTION,FAILED_TO_YIELD_RIGHT_OF_WAY_103
2422542,2,ANGLE_FRONT_TO_SIDE,-112.02587251068,33.4802507562877,3,FOUR_WAY_INTERSECTION,ANGLE_FRONT_TO_SIDE,PHOENIX,2010-06-16 09:45:00,DROVE_RODE_IN_OPPOSING_TRAFFIC_LANE,NO_IMPROPER_ACTION
2422583,2,OTHER_97,-111.807751817379,34.8653311428841,4,NOT_AT_INTERSECTION_0,OTHER_97,SEDONA,2010-06-28 17:47:00,SPEED_TOO_FAST_FOR_CONDITIONS,UNKNOWN_99
2422661,2,ANGLE_FRONT_TO_SIDE,-111.848747863076,33.379119893643,1,NOT_AT_INTERSECTION_0,ANGLE_FRONT_TO_SIDE,MESA,2010-06-07 14:17:00,INATTENTION_DISTRACTION,INATTENTION_DISTRACTION
2422665,2,ANGLE_FRONT_TO_SIDE,-112.111089948513,33.6109457897492,2,T_INTERSECTION,ANGLE_FRONT_TO_SIDE,PHOENIX,2010-06-18 17:47:00,DID_NOT_USE_CROSSWALK,NO_IMPROPER_ACTION
2422761,2,LEFT_TURN,-111.995956366411,33.6155056735765,3,T_INTERSECTION,LEFT_TURN,PHOENIX,2010-06-21 15:57:00,NO_IMPROPER_ACTION,FAILED_TO_YIELD_RIGHT_OF_WAY_103
2422785,2,LEFT_TURN,-112.09980402079,33.4253150686874,2,NOT_AT_INTERSECTION_0,LEFT_TURN,PHOENIX,2010-06-22 13:35:00,NO_IMPROPER_ACTION,FAILED_TO_YIELD_RIGHT_OF_WAY_103
2422795,2,SIDESWIPE_SAME_DIRECTION,-111.986815218509,33.5031916534906,1,NOT_AT_INTERSECTION_0,SIDESWIPE_SAME_DIRECTION,PHOENIX,2010-06-27 18:06:00,UNSAFE_LANE_CHANGE,NOT_APPLICABLE_MINUS_1+NO_IMPROPER_ACTION
2422852,2,OTHER_97,-111.991254519081,33.4803670826121,4,FOUR_WAY_INTERSECTION,OTHER_97,PHOENIX,2010-06-24 10:54:00,OTHER_97,NO_IMPROPER_ACTION+NOT_APPLICABLE_MINUS_1
2422860,2,OTHER_97,-112.073813097798,33.4482410804499,2,NOT_AT_INTERSECTION_0,OTHER_97,TEMPE,2010-06-07 18:13:00,FAILED_TO_YIELD_RIGHT_OF_WAY_103,NO_IMPROPER_ACTION
2422932,2,ANGLE_FRONT_TO_SIDE,-112.047354199499,33.3927486615143,2,FOUR_WAY_INTERSECTION,ANGLE_FRONT_TO_SIDE,PHOENIX,2010-06-26 11:26:00,UNKNOWN_99,UNKNOWN_99+NOT_APPLICABLE_MINUS_1+NOT_APPLICABLE_MINUS_1+NOT_APPLICABLE_MINUS_1+NOT_APPLICABLE_MINUS_1
2422937,2,ANGLE_FRONT_TO_SIDE,-111.926511454178,33.3835081627508,2,NOT_AT_INTERSECTION_0,ANGLE_FRONT_TO_SIDE,TEMPE,2010-06-11 11:01:00,OTHER_97,NOT_APPLICABLE_MINUS_1+NO_IMPROPER_ACTION
2423028,2,UNKNOWN_99,-112.108624201494,33.6781119497083,3,T_INTERSECTION,UNKNOWN_99,PHOENIX,2010-06-29 12:45:00,FAILED_TO_YIELD_RIGHT_OF_WAY_103,NO_IMPROPER_ACTION
2423038,2,LEFT_TURN,-112.141307175536,33.4660620169655,4,T_INTERSECTION,LEFT_TURN,PHOENIX,2010-06-24 07:55:00,OTHER_97,UNKNOWN_99
2423069,2,ANGLE_FRONT_TO_SIDE,-112.013532451028,33.6263279648755,3,FOUR_WAY_INTERSECTION,ANGLE_FRONT_TO_SIDE,PHOENIX,2010-06-29 18:24:00,KNOWINGLY_OPERATED_WITH_FAULTY_MISSING_EQUIPMENT,NO_IMPROPER_ACTION
2423255,2,ANGLE_FRONT_TO_SIDE,-112.195060447944,33.4804506593084,3,FOUR_WAY_INTERSECTION,ANGLE_FRONT_TO_SIDE,PHOENIX,2010-06-29 13:00:00,NO_IMPROPER_ACTION,NOT_APPLICABLE_MINUS_1+FAILED_TO_YIELD_RIGHT_OF_WAY_103
2423438,2,ANGLE_FRONT_TO_SIDE,-110.943740545953,31.9575593059316,3,T_INTERSECTION,ANGLE_FRONT_TO_SIDE,SAHUARITA,2010-06-06 06:59:00,NO_IMPROPER_ACTION,RAN_STOP_SIGN
2423458,2,OTHER_97,-112.220470233169,33.5524216648312,4,FOUR_WAY_INTERSECTION,OTHER_97,PEORIA,2010-06-18 22:09:00,OTHER_97,NO_IMPROPER_ACTION
2423545,2,ANGLE_FRONT_TO_SIDE,-111.816577996927,33.435512007123,1,T_INTERSECTION,ANGLE_FRONT_TO_SIDE,MESA,2010-06-14 12:12:00,OTHER_97,NO_IMPROPER_ACTION
2423552,3,SIDESWIPE_SAME_DIRECTION,-111.87822809339,33.7126283394833,3,NOT_AT_INTERSECTION_0,SIDESWIPE_SAME_DIRECTION,SCOTTSDALE,2010-06-25 07:09:00,NO_IMPROPER_ACTION+NO_IMPROPER_ACTION,OTHER_UNSAFE_PASSING
2423614,2,ANGLE_FRONT_TO_SIDE,-111.012080006435,32.305293486362,1,FOUR_WAY_INTERSECTION,ANGLE_FRONT_TO_SIDE,UNSPECIFIED_999,2010-06-16 19:01:00,DISREGARDED_TRAFFIC_SIGNAL,NO_IMPROPER_ACTION
2423814,2,ANGLE_FRONT_TO_SIDE,-112.358800320424,33.4784850975727,2,FOUR_WAY_INTERSECTION,ANGLE_FRONT_TO_SIDE,GOODYEAR,2010-06-04 07:38:00,OTHER_97,NOT_APPLICABLE_MINUS_1+DISREGARDED_PAVEMENT_MARKINGS
2423875,2,SIDESWIPE_SAME_DIRECTION,-111.940083394406,33.3928553588537,2,NOT_AT_INTERSECTION_0,SIDESWIPE_SAME_DIRECTION,TEMPE,2010-06-15 16:34:00,INATTENTION_DISTRACTION,OTHER_97
2423880,2,SIDESWIPE_SAME_DIRECTION,-111.962661102288,33.3516442002196,3,NOT_AT_INTERSECTION_0,SIDESWIPE_SAME_DIRECTION,TEMPE,2010-06-07 11:44:00,NO_IMPROPER_ACTION,FAILED_TO_YIELD_RIGHT_OF_WAY_103
2423983,2,LEFT_TURN,-111.736426758992,33.4077482219562,3,NOT_AT_INTERSECTION_0,LEFT_TURN,MESA,2010-06-23 13:52:00,DROVE_RODE_IN_OPPOSING_TRAFFIC_LANE,NO_IMPROPER_ACTION
2424072,2,SIDESWIPE_SAME_DIRECTION,-111.930707571916,33.4402259878154,1,FOUR_WAY_INTERSECTION,SIDESWIPE_SAME_DIRECTION,TEMPE,2010-06-22 05:42:00,NO_IMPROPER_ACTION,FAILED_TO_YIELD_RIGHT_OF_WAY_103
2424103,2,ANGLE_FRONT_TO_SIDE,-111.916204712898,33.4075015547864,1,NOT_AT_INTERSECTION_0,ANGLE_FRONT_TO_SIDE,TEMPE,2010-06-11 21:30:00,DROVE_RODE_IN_OPPOSING_TRAFFIC_LANE,NO_IMPROPER_ACTION+NOT_APPLICABLE_MINUS_1
2424150,3,ANGLE_FRONT_TO_SIDE,-111.82417336528,33.3252442776709,1,NOT_AT_INTERSECTION_0,ANGLE_FRONT_TO_SIDE,CHANDLER,2010-06-10 19:59:00,NO_IMPROPER_ACTION+NO_IMPROPER_ACTION,FAILED_TO_YIELD_RIGHT_OF_WAY_103
2424265,2,ANGLE_FRONT_TO_SIDE,-111.930687938512,33.4402263341368,3,FOUR_WAY_INTERSECTION,ANGLE_FRONT_TO_SIDE,TEMPE,2010-06-30 10:50:00,DROVE_RODE_IN_OPPOSING_TRAFFIC_LANE,NO_IMPROPER_ACTION
2424431,2,ANGLE_FRONT_TO_SIDE,-111.831491687369,33.3933351770086,2,T_INTERSECTION,ANGLE_FRONT_TO_SIDE,MESA,2010-06-30 16:05:00,OTHER_97,NO_IMPROPER_ACTION
2424496,2,ANGLE_FRONT_TO_SIDE,-111.934955379009,33.4219519779891,3,T_INTERSECTION,ANGLE_FRONT_TO_SIDE,TEMPE,2010-06-18 23:59:00,NO_IMPROPER_ACTION,UNKNOWN_99
2424536,2,ANGLE_FRONT_TO_SIDE,-111.93491482729,33.3925061622718,3,NOT_AT_INTERSECTION_0,ANGLE_FRONT_TO_SIDE,TEMPE,2010-06-25 18:09:00,NO_IMPROPER_ACTION,FAILED_TO_YIELD_RIGHT_OF_WAY_103
2424720,2,REAR_END,-111.025592594052,32.3231597109524,1,NOT_AT_INTERSECTION_0,REAR_END,UNSPECIFIED_999,2010-06-28 06:36:00,NO_IMPROPER_ACTION,FAILED_TO_KEEP_IN_PROPER_LANE
2424843,2,ANGLE_FRONT_TO_SIDE,-110.994958506564,32.2794056570215,4,FOUR_WAY_INTERSECTION,ANGLE_FRONT_TO_SIDE,UNSPECIFIED_999,2010-06-02 15:42:00,NO_IMPROPER_ACTION,DISREGARDED_TRAFFIC_SIGNAL
2424903,2,ANGLE_FRONT_TO_SIDE,-110.875496531203,32.2434585756591,2,FOUR_WAY_INTERSECTION,ANGLE_FRONT_TO_SIDE,TUCSON,2010-06-03 12:02:00,NO_IMPROPER_ACTION,FAILED_TO_YIELD_RIGHT_OF_WAY_103+NOT_APPLICABLE_MINUS_1
2424934,2,OTHER_97,-112.134069542916,33.5167055709941,3,LEGACY_INTERSECTION_RELATED_PRIOR_2009_98,OTHER_97,PHOENIX,2010-05-28 08:20:00,OTHER_97,INATTENTION_DISTRACTION
2425100,2,ANGLE_FRONT_TO_SIDE,-110.956776705708,32.2395942574728,4,FOUR_WAY_INTERSECTION,ANGLE_FRONT_TO_SIDE,TUCSON,2010-06-08 16:00:00,FAILED_TO_YIELD_RIGHT_OF_WAY_103,NO_IMPROPER_ACTION
2425179,2,ANGLE_FRONT_TO_SIDE,-110.857952340483,32.2307511501443,3,T_INTERSECTION,ANGLE_FRONT_TO_SIDE,TUCSON,2010-06-08 11:58:00,DROVE_RODE_IN_OPPOSING_TRAFFIC_LANE,NO_IMPROPER_ACTION
2425403,2,LEFT_TURN,-110.851791968244,32.2210376431253,3,T_INTERSECTION,LEFT_TURN,TUCSON,2010-06-11 07:02:00,NO_IMPROPER_ACTION,MADE_IMPROPER_TURN
2425414,2,ANGLE_FRONT_TO_SIDE,-112.027637539236,33.0750297142809,3,T_INTERSECTION,ANGLE_FRONT_TO_SIDE,MARICOPA,2010-06-26 13:00:00,UNKNOWN_99,INATTENTION_DISTRACTION
2425462,2,REAR_END,-110.909671580707,32.2361684071621,4,FOUR_WAY_INTERSECTION,REAR_END,TUCSON,2010-06-12 05:24:00,NO_IMPROPER_ACTION,INATTENTION_DISTRACTION
2425535,2,ANGLE_FRONT_TO_SIDE,-111.894656264814,33.3638856615613,1,INTERSECTION_AS_PART_OF_INTERCHANGE,ANGLE_FRONT_TO_SIDE,TEMPE,2010-06-19 09:08:00,FAILED_TO_YIELD_RIGHT_OF_WAY_103,NO_IMPROPER_ACTION
2425657,2,ANGLE_FRONT_TO_SIDE,-111.772941852328,33.3391977523581,3,FOUR_WAY_INTERSECTION,ANGLE_FRONT_TO_SIDE,GILBERT,2010-06-29 13:13:00,OTHER_97,NOT_APPLICABLE_MINUS_1+INATTENTION_DISTRACTION+NOT_APPLICABLE_MINUS_1
2425695,2,ANGLE_FRONT_TO_SIDE,-112.277830520843,33.638081204908,4,FOUR_WAY_INTERSECTION,ANGLE_FRONT_TO_SIDE,UNSPECIFIED_999,2010-06-07 16:37:00,NO_IMPROPER_ACTION,DISREGARDED_TRAFFIC_SIGNAL
2425732,2,LEFT_TURN,-110.965372786459,32.1924354800245,3,T_INTERSECTION,LEFT_TURN,SOUTH TUCSON,2010-07-01 13:02:00,DID_NOT_USE_CROSSWALK,NO_IMPROPER_ACTION
2425787,2,UNKNOWN_99,-112.470199386647,34.5361304066842,2,FOUR_WAY_INTERSECTION,UNKNOWN_99,PRESCOTT,2010-07-02 10:00:00,SPEED_TOO_FAST_FOR_CONDITIONS,NO_IMPROPER_ACTION
2425817,2,ANGLE_FRONT_TO_SIDE,-112.487778552284,34.5627895115188,3,NOT_AT_INTERSECTION_0,ANGLE_FRONT_TO_SIDE,PRESCOTT,2010-07-07 12:29:00,OTHER_97,NO_IMPROPER_ACTION
2425824,2,ANGLE_FRONT_TO_SIDE,-110.995053330998,32.2678731712152,3,NOT_AT_INTERSECTION_0,ANGLE_FRONT_TO_SIDE,TUCSON,2010-06-17 10:56:00,DROVE_RODE_IN_OPPOSING_TRAFFIC_LANE,NO_IMPROPER_ACTION
2425827,2,SIDESWIPE_SAME_DIRECTION,-112.469325159186,34.5419168735958,2,NOT_AT_INTERSECTION_0,SIDESWIPE_SAME_DIRECTION,PRESCOTT,2010-07-05 14:00:00,NO_IMPROPER_ACTION,OTHER_UNSAFE_PASSING
2425851,2,ANGLE_FRONT_TO_SIDE,-110.965633091694,32.2720607212229,2,T_INTERSECTION,ANGLE_FRONT_TO_SIDE,TUCSON,2010-06-17 18:19:00,NO_IMPROPER_ACTION,FAILED_TO_YIELD_RIGHT_OF_WAY_103
2425858,2,ANGLE_FRONT_TO_SIDE,-110.978037825843,32.2575659148395,4,FOUR_WAY_INTERSECTION,ANGLE_FRONT_TO_SIDE,TUCSON,2010-06-17 21:36:00,NO_IMPROPER_ACTION,FAILED_TO_YIELD_RIGHT_OF_WAY_103
2425971,2,LEFT_TURN,-110.968504350357,32.2068460772494,3,FOUR_WAY_INTERSECTION,LEFT_TURN,TUCSON,2010-06-18 11:21:00,NO_IMPROPER_ACTION,NO_IMPROPER_ACTION
2426132,2,OTHER_97,-111.796267885202,33.451635235059,2,FOUR_WAY_INTERSECTION,OTHER_97,MESA,2010-07-12 22:03:00,NO_IMPROPER_ACTION,DISREGARDED_TRAFFIC_SIGNAL
2426136,2,SIDESWIPE_SAME_DIRECTION,-110.079063036829,34.5024903992344,2,NOT_AT_INTERSECTION_0,SIDESWIPE_SAME_DIRECTION,SNOWFLAKE,2010-05-10 15:26:00,DROVE_RODE_IN_OPPOSING_TRAFFIC_LANE,NO_IMPROPER_ACTION
2426138,2,ANGLE_FRONT_TO_SIDE,-110.97793476316,32.235827982897,3,FOUR_WAY_INTERSECTION,ANGLE_FRONT_TO_SIDE,TUCSON,2010-07-13 05:52:00,NO_IMPROPER_ACTION,FAILED_TO_YIELD_RIGHT_OF_WAY_103
2426343,2,ANGLE_FRONT_TO_SIDE,-111.523974484151,32.9880382386073,2,NOT_AT_INTERSECTION_0,ANGLE_FRONT_TO_SIDE,COOLIDGE,2010-05-29 17:43:00,NO_IMPROPER_ACTION,FAILED_TO_YIELD_RIGHT_OF_WAY_103
2426477,2,REAR_END,-112.306194493657,33.4066813859389,1,NOT_AT_INTERSECTION_0,REAR_END,UNSPECIFIED_999,2010-07-27 21:08:00,NO_IMPROPER_ACTION,INATTENTION_DISTRACTION
2426514,3,REAR_END,-112.073813097798,33.4482410804499,3,NOT_AT_INTERSECTION_0,REAR_END,SCOTTSDALE,2010-07-03 01:23:00,NO_IMPROPER_ACTION+NO_IMPROPER_ACTION,INATTENTION_DISTRACTION+NOT_APPLICABLE_MINUS_1
2426522,2,OTHER_97,-110.935612622396,32.2360868761701,3,NOT_AT_INTERSECTION_0,OTHER_97,TUCSON,2010-07-16 02:18:00,FAILED_TO_YIELD_RIGHT_OF_WAY_103,NOT_APPLICABLE_MINUS_1+NOT_APPLICABLE_MINUS_1+NO_IMPROPER_ACTION
2426596,2,OTHER_97,-110.857923567369,32.2249984177387,1,NOT_AT_INTERSECTION_0,OTHER_97,TUCSON,2010-07-22 16:08:00,NO_IMPROPER_ACTION,NOT_APPLICABLE_MINUS_1+EXCEEDED_LAWFUL_SPEED
2426603,2,REAR_END,-112.0020678774,33.6551699534813,3,UNKNOWN_99,REAR_END,PHOENIX,2010-07-29 07:05:00,NO_IMPROPER_ACTION,OTHER_97
2426712,2,OTHER_97,-111.824870446047,33.3791180238142,3,NOT_AT_INTERSECTION_0,OTHER_97,MESA,2010-07-02 10:26:00,NO_IMPROPER_ACTION,FAILED_TO_YIELD_RIGHT_OF_WAY_103
2426773,2,LEFT_TURN,-112.188373641054,35.2504469149434,3,NOT_AT_INTERSECTION_0,LEFT_TURN,WILLIAMS,2010-05-22 12:02:00,NO_IMPROPER_ACTION,NO_IMPROPER_ACTION
2426778,2,ANGLE_FRONT_TO_SIDE,-111.880589079821,33.5760365988626,3,T_INTERSECTION,ANGLE_FRONT_TO_SIDE,SCOTTSDALE,2010-07-07 21:16:00,NO_IMPROPER_ACTION,NOT_APPLICABLE_MINUS_1+FAILED_TO_YIELD_RIGHT_OF_WAY_103
2426840,2,ANGLE_FRONT_TO_SIDE,-111.892075599891,33.4074963981775,3,FOUR_WAY_INTERSECTION,ANGLE_FRONT_TO_SIDE,TEMPE,2010-07-07 08:22:00,OTHER_97,NO_IMPROPER_ACTION
2426936,2,OTHER_97,-111.78551909337,33.3644927361869,2,NOT_REPORTED_255,OTHER_97,GILBERT,2010-07-08 07:26:00,NO_IMPROPER_ACTION,FAILED_TO_YIELD_RIGHT_OF_WAY_103
2427008,2,ANGLE_FRONT_TO_SIDE,-110.823816699705,32.2355566678746,3,FOUR_WAY_INTERSECTION,ANGLE_FRONT_TO_SIDE,TUCSON,2010-07-29 19:35:00,DISREGARDED_TRAFFIC_SIGNAL,NOT_APPLICABLE_MINUS_1+NO_IMPROPER_ACTION
2427149,2,ANGLE_FRONT_TO_SIDE,-111.790023401954,33.3716697651528,3,FOUR_WAY_INTERSECTION,ANGLE_FRONT_TO_SIDE,GILBERT,2010-07-20 18:15:00,UNKNOWN_99,UNKNOWN_99
2427181,2,ANGLE_FRONT_TO_SIDE,-112.073813097798,33.4482410804499,3,T_INTERSECTION,ANGLE_FRONT_TO_SIDE,UNSPECIFIED_999,2010-07-08 07:39:00,DROVE_RODE_IN_OPPOSING_TRAFFIC_LANE,NOT_APPLICABLE_MINUS_1+NO_IMPROPER_ACTION
2427210,2,SIDESWIPE_SAME_DIRECTION,-111.824364266424,33.3489434806095,3,NOT_AT_INTERSECTION_0,SIDESWIPE_SAME_DIRECTION,GILBERT,2010-07-10 07:36:00,NO_IMPROPER_ACTION,SPEED_TOO_FAST_FOR_CONDITIONS
2427228,2,ANGLE_FRONT_TO_SIDE,-111.905030185962,33.480364244178,4,FOUR_WAY_INTERSECTION,ANGLE_FRONT_TO_SIDE,SCOTTSDALE,2010-07-11 15:51:00,DROVE_RODE_IN_OPPOSING_TRAFFIC_LANE,NO_IMPROPER_ACTION
2427295,2,ANGLE_FRONT_TO_SIDE,-110.995025521274,32.2721384514174,1,FOUR_WAY_INTERSECTION,ANGLE_FRONT_TO_SIDE,TUCSON,2010-07-29 09:11:00,NO_IMPROPER_ACTION,FAILED_TO_YIELD_RIGHT_OF_WAY_103
2427301,2,ANGLE_FRONT_TO_SIDE,-112.321605982277,33.4495030074997,1,NOT_AT_INTERSECTION_0,ANGLE_FRONT_TO_SIDE,UNSPECIFIED_999,2010-06-24 17:39:00,NO_IMPROPER_ACTION,FAILED_TO_YIELD_RIGHT_OF_WAY_103+NOT_APPLICABLE_MINUS_1+NOT_APPLICABLE_MINUS_1
2427317,2,ANGLE_FRONT_TO_SIDE,-112.34110253274,33.4471199209689,3,NOT_AT_INTERSECTION_0,ANGLE_FRONT_TO_SIDE,AVONDALE,2010-07-14 13:10:00,NO_IMPROPER_ACTION,UNKNOWN_99
2427321,2,ANGLE_FRONT_TO_SIDE,-112.349671915729,33.4380093553541,4,FOUR_WAY_INTERSECTION,ANGLE_FRONT_TO_SIDE,AVONDALE,2010-06-23 15:56:00,NO_IMPROPER_ACTION,NOT_APPLICABLE_MINUS_1+NOT_APPLICABLE_MINUS_1+NOT_APPLICABLE_MINUS_1+NO_IMPROPER_ACTION
2427329,2,ANGLE_FRONT_TO_SIDE,-111.839820928323,33.4438976125556,3,FOUR_WAY_INTERSECTION,ANGLE_FRONT_TO_SIDE,MESA,2010-07-01 13:28:00,DROVE_RODE_IN_OPPOSING_TRAFFIC_LANE,FAILED_TO_YIELD_RIGHT_OF_WAY_103
2427348,2,ANGLE_FRONT_TO_SIDE,-111.753762568781,33.4082280479437,2,FOUR_WAY_INTERSECTION,ANGLE_FRONT_TO_SIDE,MESA,2010-07-06 04:55:00,NO_IMPROPER_ACTION,FAILED_TO_YIELD_RIGHT_OF_WAY_103
2427440,2,ANGLE_FRONT_TO_SIDE,-112.151439255196,33.5384047487763,2,FOUR_WAY_INTERSECTION,ANGLE_FRONT_TO_SIDE,PHOENIX,2010-07-01 16:30:00,NO_IMPROPER_ACTION,FAILED_TO_YIELD_RIGHT_OF_WAY_103
2427468,2,ANGLE_FRONT_TO_SIDE,-111.923685580489,33.417895735967,2,NOT_AT_INTERSECTION_0,ANGLE_FRONT_TO_SIDE,TEMPE,2010-07-06 16:34:00,MADE_IMPROPER_TURN,NO_IMPROPER_ACTION
2427509,2,OTHER_97,-112.220061390034,33.6108901709822,4,UNKNOWN_99,OTHER_97,PEORIA,2010-07-03 10:09:00,FAILED_TO_YIELD_RIGHT_OF_WAY_103,NO_IMPROPER_ACTION
2427533,2,LEFT_TURN,-111.844662935489,33.4332228415124,3,T_INTERSECTION,LEFT_TURN,MESA,2010-07-21 16:11:00,DROVE_RODE_IN_OPPOSING_TRAFFIC_LANE,NO_IMPROPER_ACTION
2427645,2,ANGLE_FRONT_TO_SIDE,-111.894656264814,33.3638856615613,3,FOUR_WAY_INTERSECTION,ANGLE_FRONT_TO_SIDE,TEMPE,2010-07-19 08:20:00,DISREGARDED_TRAFFIC_SIGNAL,NO_IMPROPER_ACTION
2427647,2,ANGLE_FRONT_TO_SIDE,-112.202829132835,33.5817037042712,2,FOUR_WAY_INTERSECTION,ANGLE_FRONT_TO_SIDE,GLENDALE,2010-07-04 09:10:00,NO_IMPROPER_ACTION,FAILED_TO_YIELD_RIGHT_OF_WAY_103
2427729,2,ANGLE_FRONT_TO_SIDE,-111.874593072045,33.4016051110625,2,NOT_AT_INTERSECTION_0,ANGLE_FRONT_TO_SIDE,MESA,2010-07-12 09:14:00,INATTENTION_DISTRACTION,INATTENTION_DISTRACTION
2427736,2,ANGLE_FRONT_TO_SIDE,-111.639628674348,33.4078223197539,3,FOUR_WAY_INTERSECTION,ANGLE_FRONT_TO_SIDE,MESA,2010-07-24 18:13:00,NO_IMPROPER_ACTION,UNKNOWN_99
2427797,2,SIDESWIPE_SAME_DIRECTION,-111.882686680566,33.5823710182822,4,FOUR_WAY_INTERSECTION,SIDESWIPE_SAME_DIRECTION,SCOTTSDALE,2010-07-12 10:57:00,NO_IMPROPER_ACTION,FAILED_TO_YIELD_RIGHT_OF_WAY_103