IncidentID,num_vehicles_involved,eCollisionManner,Longitude,Latitude,InjurySeverity,eIntersectionType,eCollisionManner,city_name,IncidentDateTime,cyclist_citations,driver_citations
2449510,2,ANGLE_FRONT_TO_SIDE,-111.991894212087,33.7640554784665,4,FOUR_WAY_INTERSECTION,ANGLE_FRONT_TO_SIDE,PHOENIX,2010-09-19 19:17:00,NO_IMPROPER_ACTION,FAILED_TO_YIELD_RIGHT_OF_WAY_103+NOT_APPLICABLE_MINUS_1
2449568,2,LEFT_TURN,-111.0069273017,32.4097737491692,2,T_INTERSECTION,LEFT_TURN,ORO VALLEY,2010-09-08 15:26:00,OTHER_97,NO_IMPROPER_ACTION
2449597,2,ANGLE_FRONT_TO_SIDE,-111.963106330288,33.3297818712786,3,T_INTERSECTION,ANGLE_FRONT_TO_SIDE,TEMPE,2010-09-16 08:56:00,DROVE_RODE_IN_OPPOSING_TRAFFIC_LANE,NO_IMPROPER_ACTION
2449613,3,ANGLE_FRONT_TO_SIDE,-111.9142974268,33.4075006725386,2,UNKNOWN_99,ANGLE_FRONT_TO_SIDE,TEMPE,2010-09-03 18:37:00,OTHER_97+OTHER_97,NO_IMPROPER_ACTION
2449693,2,SIDESWIPE_SAME_DIRECTION,-112.477841538619,34.5379855750951,2,T_INTERSECTION,SIDESWIPE_SAME_DIRECTION,PRESCOTT,2010-09-11 11:58:00,NO_IMPROPER_ACTION,INATTENTION_DISTRACTION
2449704,2,ANGLE_FRONT_TO_SIDE,-111.613578911238,35.2162338009245,2,T_INTERSECTION,ANGLE_FRONT_TO_SIDE,FLAGSTAFF,2010-09-04 09:18:00,FAILED_TO_KEEP_IN_PROPER_LANE,INATTENTION_DISTRACTION
2449705,2,ANGLE_FRONT_TO_SIDE,-111.649633181355,35.211320835459,2,T_INTERSECTION,ANGLE_FRONT_TO_SIDE,FLAGSTAFF,2010-09-12 17:43:00,NO_IMPROPER_ACTION,OTHER_97
2449711,2,OTHER_97,-112.168366321995,33.6390216776136,2,UNKNOWN_99,OTHER_97,PHOENIX,2010-07-01 08:31:00,OTHER_97,NO_IMPROPER_ACTION
2449712,2,OTHER_97,-112.026573116009,33.6406050758199,4,LEGACY_INTERSECTION_RELATED_PRIOR_2009_98,OTHER_97,PHOENIX,2010-07-01 08:06:00,OTHER_97,NOT_APPLICABLE_MINUS_1+NO_IMPROPER_ACTION
2449714,2,OTHER_97,-112.063564401813,33.49506697615,3,LEGACY_INTERSECTION_RELATED_PRIOR_2009_98,OTHER_97,PHOENIX,2010-07-02 09:36:00,OTHER_97,NO_IMPROPER_ACTION
2449715,2,OTHER_97,-112.099642308487,33.6109058426403,3,LEGACY_INTERSECTION_RELATED_PRIOR_2009_98,OTHER_97,PHOENIX,2010-07-13 19:13:00,DROVE_RODE_IN_OPPOSING_TRAFFIC_LANE,NO_IMPROPER_ACTION
2449718,2,OTHER_97,-112.008664033943,33.4803773699733,2,LEGACY_INTERSECTION_RELATED_PRIOR_2009_98,OTHER_97,PHOENIX,2010-07-13 07:41:00,DROVE_RODE_IN_OPPOSING_TRAFFIC_LANE,RAN_STOP_SIGN
2449719,2,OTHER_97,-112.083828624783,33.4876811770658,2,UNKNOWN_99,OTHER_97,PHOENIX,2010-07-16 11:13:00,OTHER_97,INATTENTION_DISTRACTION
2449720,2,OTHER_97,-112.134294780834,33.5531781443541,3,LEGACY_INTERSECTION_RELATED_PRIOR_2009_98,OTHER_97,PHOENIX,2010-07-19 09:30:00,NO_IMPROPER_ACTION,DISREGARDED_TRAFFIC_SIGNAL
2449786,2,OTHER_97,-111.646240749607,35.1874092668794,4,T_INTERSECTION,OTHER_97,FLAGSTAFF,2010-09-16 15:19:00,UNKNOWN_99,NO_IMPROPER_ACTION
2449944,2,ANGLE_FRONT_TO_SIDE,-110.982749140921,32.3372729634459,3,FOUR_WAY_INTERSECTION,ANGLE_FRONT_TO_SIDE,UNSPECIFIED_999,2010-09-08 07:10:00,NO_IMPROPER_ACTION,DISREGARDED_TRAFFIC_SIGNAL
2449945,2,ANGLE_FRONT_TO_SIDE,-112.088792385176,33.6401821582465,2,T_INTERSECTION,ANGLE_FRONT_TO_SIDE,PHOENIX,2010-09-10 20:01:00,NO_IMPROPER_ACTION,INATTENTION_DISTRACTION+NOT_APPLICABLE_MINUS_1
2449992,2,ANGLE_FRONT_TO_SIDE,-110.278603126378,31.5405483411875,1,T_INTERSECTION,ANGLE_FRONT_TO_SIDE,SIERRA VISTA,2010-09-09 12:54:00,DROVE_RODE_IN_OPPOSING_TRAFFIC_LANE,RAN_STOP_SIGN
2450191,2,OTHER_97,0,0,2,FOUR_WAY_INTERSECTION,OTHER_97,PEORIA,2010-09-14 15:21:00,FAILED_TO_YIELD_RIGHT_OF_WAY_103,NO_IMPROPER_ACTION+NOT_APPLICABLE_MINUS_1
2450212,2,OTHER_97,0,0,4,T_INTERSECTION,OTHER_97,PEORIA,2010-09-19 13:48:00,OTHER_97,NOT_APPLICABLE_MINUS_1+NO_IMPROPER_ACTION
2450262,2,SIDESWIPE_SAME_DIRECTION,0,0,2,UNKNOWN_99,SIDESWIPE_SAME_DIRECTION,BULLHEAD CITY,2010-09-15 11:04:00,NO_IMPROPER_ACTION,OTHER_UNSAFE_PASSING
2450271,2,ANGLE_FRONT_TO_SIDE,-112.073813097798,33.4482410804499,4,FOUR_WAY_INTERSECTION,ANGLE_FRONT_TO_SIDE,PEORIA,2010-10-02 10:14:00,DID_NOT_USE_CROSSWALK,NO_IMPROPER_ACTION
2450296,2,ANGLE_FRONT_TO_SIDE,-112.241341257017,33.6381485323323,2,NOT_REPORTED_255,ANGLE_FRONT_TO_SIDE,PEORIA,2010-10-04 11:43:00,NO_IMPROPER_ACTION,INATTENTION_DISTRACTION
2450457,2,LEFT_TURN,-112.471587676715,34.5484196823685,2,T_INTERSECTION,LEFT_TURN,PRESCOTT,2010-09-17 14:11:00,INATTENTION_DISTRACTION,NO_IMPROPER_ACTION
2450474,2,ANGLE_FRONT_TO_SIDE,-111.930102886982,33.4159557663974,1,UNKNOWN_99,ANGLE_FRONT_TO_SIDE,TEMPE,2010-09-22 11:08:00,INATTENTION_DISTRACTION,INATTENTION_DISTRACTION
2450909,2,ANGLE_FRONT_TO_SIDE,-112.073813097798,33.4482410804499,3,FOUR_WAY_INTERSECTION,ANGLE_FRONT_TO_SIDE,YUMA,2010-09-18 06:58:00,OTHER_97,INATTENTION_DISTRACTION
2451005,2,SIDESWIPE_SAME_DIRECTION,-110.24861834115,31.5588334608207,3,UNKNOWN_99,SIDESWIPE_SAME_DIRECTION,UNSPECIFIED_999,2010-09-23 13:49:00,NO_IMPROPER_ACTION,UNKNOWN_99
2451031,2,REAR_END,-111.756737739781,32.8868476766197,4,UNKNOWN_99,REAR_END,CASA GRANDE,2010-09-05 22:04:00,NO_IMPROPER_ACTION,FAILED_TO_KEEP_IN_PROPER_LANE
2451045,2,SIDESWIPE_SAME_DIRECTION,-111.939613428342,33.3943697944195,3,NOT_REPORTED_255,SIDESWIPE_SAME_DIRECTION,TEMPE,2010-09-24 17:57:00,NO_IMPROPER_ACTION,MADE_IMPROPER_TURN
2451069,2,ANGLE_FRONT_TO_SIDE,-110.968316975664,32.1865752099336,3,INTERSECTION_AS_PART_OF_INTERCHANGE,ANGLE_FRONT_TO_SIDE,TUCSON,2010-08-19 11:12:00,DROVE_RODE_IN_OPPOSING_TRAFFIC_LANE,NO_IMPROPER_ACTION
2451123,2,ANGLE_FRONT_TO_SIDE,-110.278603126378,31.5405483411875,1,T_INTERSECTION,ANGLE_FRONT_TO_SIDE,SIERRA VISTA,2010-09-09 12:55:00,DROVE_RODE_IN_OPPOSING_TRAFFIC_LANE,RAN_STOP_SIGN
2451134,2,ANGLE_FRONT_TO_SIDE,-110.277615467854,31.5546365479265,1,FOUR_WAY_INTERSECTION,ANGLE_FRONT_TO_SIDE,SIERRA VISTA,2010-09-17 09:54:00,NO_IMPROPER_ACTION,MADE_IMPROPER_TURN
2451141,2,ANGLE_FRONT_TO_SIDE,-111.661423098797,35.180888662379,1,NOT_AT_INTERSECTION_0,ANGLE_FRONT_TO_SIDE,FLAGSTAFF,2010-08-19 14:00:00,OTHER_97,NO_IMPROPER_ACTION
2451162,2,ANGLE_FRONT_TO_SIDE,-110.995071411273,32.2867978612162,3,FOUR_WAY_INTERSECTION,ANGLE_FRONT_TO_SIDE,UNSPECIFIED_999,2010-09-14 07:05:00,DISREGARDED_TRAFFIC_SIGNAL,NO_IMPROPER_ACTION
2451168,2,ANGLE_FRONT_TO_SIDE,-111.654812933148,35.1961198576766,1,FOUR_WAY_INTERSECTION,ANGLE_FRONT_TO_SIDE,FLAGSTAFF,2010-08-21 11:19:00,DISREGARDED_TRAFFIC_SIGNAL,NO_IMPROPER_ACTION
2451170,2,REAR_END,-110.749451583224,32.265670526081,3,UNKNOWN_99,REAR_END,UNSPECIFIED_999,2010-09-20 06:54:00,NO_IMPROPER_ACTION,OTHER_UNSAFE_PASSING
2451222,2,ANGLE_FRONT_TO_SIDE,-111.657271967943,35.1937253892482,2,T_INTERSECTION,ANGLE_FRONT_TO_SIDE,FLAGSTAFF,2010-08-24 11:12:00,DROVE_RODE_IN_OPPOSING_TRAFFIC_LANE,NO_IMPROPER_ACTION
2451255,2,OTHER_97,-112.099581188417,33.5363270599521,2,UNKNOWN_99,OTHER_97,PHOENIX,2010-07-20 11:04:00,OTHER_97,INATTENTION_DISTRACTION
2451338,2,OTHER_97,-111.910994723803,33.3533718340257,2,FOUR_WAY_INTERSECTION,OTHER_97,TEMPE,2010-04-12 09:32:00,UNKNOWN_99,UNKNOWN_99
2451359,2,SIDESWIPE_SAME_DIRECTION,-111.928850552261,33.418674929672,1,NOT_AT_INTERSECTION_0,SIDESWIPE_SAME_DIRECTION,TEMPE,2010-09-29 16:36:00,NO_IMPROPER_ACTION,UNSAFE_LANE_CHANGE
2451362,2,SIDESWIPE_SAME_DIRECTION,-111.927759405918,33.3782478947337,3,NOT_AT_INTERSECTION_0,SIDESWIPE_SAME_DIRECTION,TEMPE,2010-09-29 18:51:00,NO_IMPROPER_ACTION,OTHER_UNSAFE_PASSING
2451380,2,OTHER_97,-112.072692172262,33.4482422210895,2,LEGACY_INTERSECTION_RELATED_PRIOR_2009_98,OTHER_97,PHOENIX,2010-07-21 16:12:00,INATTENTION_DISTRACTION,NO_IMPROPER_ACTION
2451381,2,OTHER_97,-112.065162663409,33.4622558435338,3,LEGACY_INTERSECTION_RELATED_PRIOR_2009_98,OTHER_97,PHOENIX,2010-08-15 19:25:00,DISREGARDED_TRAFFIC_SIGNAL,NO_IMPROPER_ACTION
2451382,2,OTHER_97,-112.097968664833,33.6765403591009,3,UNKNOWN_99,OTHER_97,PHOENIX,2010-08-16 09:30:00,OTHER_97,INATTENTION_DISTRACTION
2451438,2,ANGLE_FRONT_TO_SIDE,-111.909096828637,33.417393560902,1,FOUR_WAY_INTERSECTION,ANGLE_FRONT_TO_SIDE,TEMPE,2010-09-30 16:14:00,DISREGARDED_TRAFFIC_SIGNAL,NO_IMPROPER_ACTION
2451602,2,LEFT_TURN,0,0,3,T_INTERSECTION,LEFT_TURN,PINETOP,2010-09-16 15:44:00,INATTENTION_DISTRACTION,INATTENTION_DISTRACTION
2451627,2,LEFT_TURN,-111.02885126408,32.1593506702123,3,T_INTERSECTION,LEFT_TURN,UNSPECIFIED_999,2010-09-22 16:42:00,NO_IMPROPER_ACTION,INATTENTION_DISTRACTION+NOT_APPLICABLE_MINUS_1
2451630,2,LEFT_TURN,-111.554581661317,33.2366510301867,4,T_INTERSECTION,LEFT_TURN,UNSPECIFIED_999,2010-04-14 12:43:00,NO_IMPROPER_ACTION,NOT_APPLICABLE_MINUS_1+NOT_APPLICABLE_MINUS_1+INATTENTION_DISTRACTION
2451673,2,REAR_END,-111.666449554152,33.4151686707862,1,NOT_AT_INTERSECTION_0,REAR_END,MESA,2010-05-11 20:57:00,OTHER_97,NO_IMPROPER_ACTION
2451763,2,ANGLE_FRONT_TO_SIDE,-112.362570150482,33.4858261507961,1,FOUR_WAY_INTERSECTION,ANGLE_FRONT_TO_SIDE,GOODYEAR,2010-09-29 17:05:00,UNKNOWN_99,NO_IMPROPER_ACTION
2451765,2,ANGLE_FRONT_TO_SIDE,-110.873108976805,32.236160263919,4,FOUR_WAY_INTERSECTION,ANGLE_FRONT_TO_SIDE,TUCSON,2010-09-02 07:41:00,FAILED_TO_YIELD_RIGHT_OF_WAY_103,NO_IMPROPER_ACTION
2451766,2,OTHER_97,-112.428579784174,33.6318930930566,3,FOUR_WAY_INTERSECTION,OTHER_97,SURPRISE,2010-09-09 15:52:00,INATTENTION_DISTRACTION,NO_IMPROPER_ACTION
2451840,2,ANGLE_FRONT_TO_SIDE,-112.073813097798,33.4482410804499,3,FOUR_WAY_INTERSECTION,ANGLE_FRONT_TO_SIDE,TUCSON,2010-09-03 07:43:00,UNKNOWN_99,UNKNOWN_99
2451914,2,SIDESWIPE_SAME_DIRECTION,-110.996380092815,32.1997403023263,3,FOUR_WAY_INTERSECTION,SIDESWIPE_SAME_DIRECTION,TUCSON,2010-09-04 07:05:00,NO_IMPROPER_ACTION,MADE_IMPROPER_TURN
2451919,2,ANGLE_FRONT_TO_SIDE,-111.929160980089,33.4511969126858,3,NOT_AT_INTERSECTION_0,ANGLE_FRONT_TO_SIDE,TEMPE,2010-09-29 06:57:00,DROVE_RODE_IN_OPPOSING_TRAFFIC_LANE,NO_IMPROPER_ACTION
2451927,2,LEFT_TURN,-111.900496289504,33.4219832980623,3,FOUR_WAY_INTERSECTION,LEFT_TURN,TEMPE,2010-09-29 17:25:00,UNKNOWN_99,NO_IMPROPER_ACTION
2451942,2,ANGLE_FRONT_TO_SIDE,-111.907320932622,33.5580494840728,3,T_INTERSECTION,ANGLE_FRONT_TO_SIDE,SCOTTSDALE,2010-09-18 12:58:00,DROVE_RODE_IN_OPPOSING_TRAFFIC_LANE,NO_IMPROPER_ACTION
2451975,2,ANGLE_FRONT_TO_SIDE,-111.014384049112,32.3372716727113,1,UNKNOWN_99,ANGLE_FRONT_TO_SIDE,UNSPECIFIED_999,2010-09-23 11:10:00,FAILED_TO_KEEP_IN_PROPER_LANE,NO_IMPROPER_ACTION
2452050,2,OTHER_97,-112.15112537376,33.6070977714681,3,LEGACY_INTERSECTION_RELATED_PRIOR_2009_98,OTHER_97,PHOENIX,2010-07-27 10:26:00,DROVE_RODE_IN_OPPOSING_TRAFFIC_LANE,NO_IMPROPER_ACTION
2452120,3,REAR_END,-111.900922625528,33.4513166643147,4,NOT_AT_INTERSECTION_0,REAR_END,SCOTTSDALE,2010-09-17 18:19:00,NO_IMPROPER_ACTION,INATTENTION_DISTRACTION+INATTENTION_DISTRACTION
2452146,2,REAR_END,-110.840956964521,32.2182947455488,3,NOT_AT_INTERSECTION_0,REAR_END,TUCSON,2010-09-05 18:06:00,NO_IMPROPER_ACTION,UNKNOWN_99
2452189,2,ANGLE_FRONT_TO_SIDE,-112.125563550815,33.5240041254612,3,FOUR_WAY_INTERSECTION,ANGLE_FRONT_TO_SIDE,PHOENIX,2010-09-18 10:55:00,DISREGARDED_TRAFFIC_SIGNAL,NO_IMPROPER_ACTION
2452406,2,ANGLE_FRONT_TO_SIDE,-111.709541518733,32.8479829890652,3,T_INTERSECTION,ANGLE_FRONT_TO_SIDE,UNSPECIFIED_999,2010-01-08 08:15:00,NO_IMPROPER_ACTION,FAILED_TO_YIELD_RIGHT_OF_WAY_103
2452457,2,OTHER_97,-112.073813097798,33.4482410804499,3,NOT_AT_INTERSECTION_0,OTHER_97,MESA,2010-10-06 11:02:00,NO_IMPROPER_ACTION,OTHER_97
2452540,2,HEAD_ON,-111.854324972394,33.4076652080934,3,T_INTERSECTION,HEAD_ON,MESA,2010-10-13 11:21:00,DROVE_RODE_IN_OPPOSING_TRAFFIC_LANE,NO_IMPROPER_ACTION
2452559,2,ANGLE_FRONT_TO_SIDE,-112.073813097798,33.4482410804499,3,FOUR_WAY_INTERSECTION,ANGLE_FRONT_TO_SIDE,SCOTTSDALE,2010-10-04 16:49:00,RAN_STOP_SIGN,NO_IMPROPER_ACTION
2452607,2,ANGLE_FRONT_TO_SIDE,-111.783982573208,33.3935875562341,3,T_INTERSECTION,ANGLE_FRONT_TO_SIDE,MESA,2010-10-04 07:40:00,SPEED_TOO_FAST_FOR_CONDITIONS,SPEED_TOO_FAST_FOR_CONDITIONS
2452613,2,ANGLE_FRONT_TO_SIDE,-111.852355654086,33.3931603423542,2,NOT_AT_INTERSECTION_0,ANGLE_FRONT_TO_SIDE,MESA,2010-10-13 15:21:00,DROVE_RODE_IN_OPPOSING_TRAFFIC_LANE,NOT_APPLICABLE_MINUS_1+NOT_APPLICABLE_MINUS_1+INATTENTION_DISTRACTION+NOT_APPLICABLE_MINUS_1
2452629,2,ANGLE_FRONT_TO_SIDE,-111.789879261973,33.4153618380096,2,NOT_AT_INTERSECTION_0,ANGLE_FRONT_TO_SIDE,MESA,2010-10-08 08:13:00,NO_IMPROPER_ACTION,FAILED_TO_YIELD_RIGHT_OF_WAY_103
2452714,2,ANGLE_FRONT_TO_SIDE,-112.126927296838,33.8626263200983,2,T_INTERSECTION,ANGLE_FRONT_TO_SIDE,UNSPECIFIED_999,2010-09-04 09:56:00,NO_IMPROPER_ACTION,UNKNOWN_99+NOT_APPLICABLE_MINUS_1
2452740,2,LEFT_TURN,-111.926232089413,33.4657183200141,4,FOUR_WAY_INTERSECTION,LEFT_TURN,SCOTTSDALE,2010-09-21 14:14:00,WALKED_ON_WRONG_SIDE_OF_ROAD,NO_IMPROPER_ACTION
2452757,2,ANGLE_FRONT_TO_SIDE,-110.959554474577,32.2436422502621,2,FOUR_WAY_INTERSECTION,ANGLE_FRONT_TO_SIDE,TUCSON,2010-09-28 15:22:00,NO_IMPROPER_ACTION,NOT_APPLICABLE_MINUS_1+DISREGARDED_TRAFFIC_SIGNAL
2452805,2,OTHER_97,-111.96273776304,33.4454902638312,3,NOT_AT_INTERSECTION_0,OTHER_97,PHOENIX,2010-08-29 03:06:00,OTHER_97,UNKNOWN_99
2452859,3,HEAD_ON,-111.719391724103,33.387125384976,4,FOUR_WAY_INTERSECTION,HEAD_ON,MESA,2010-10-02 18:45:00,DROVE_RODE_IN_OPPOSING_TRAFFIC_LANE,NO_IMPROPER_ACTION+NO_IMPROPER_ACTION
2452889,2,LEFT_TURN,-112.340874006647,33.4933173360247,1,FOUR_WAY_INTERSECTION,LEFT_TURN,UNSPECIFIED_999,2010-10-21 21:35:00,UNKNOWN_99,UNKNOWN_99
2452976,2,ANGLE_FRONT_TO_SIDE,-111.916715984576,33.6363137990666,2,T_INTERSECTION,ANGLE_FRONT_TO_SIDE,SCOTTSDALE,2010-10-11 16:23:00,OTHER_97,NO_IMPROPER_ACTION
2453029,2,ANGLE_FRONT_TO_SIDE,-111.898729914702,33.5534592674776,3,NOT_AT_INTERSECTION_0,ANGLE_FRONT_TO_SIDE,SCOTTSDALE,2010-10-09 10:08:00,NO_IMPROPER_ACTION,FAILED_TO_YIELD_RIGHT_OF_WAY_103
2453072,2,ANGLE_FRONT_TO_SIDE,-112.263817814665,33.5085419412474,2,FOUR_WAY_INTERSECTION,ANGLE_FRONT_TO_SIDE,UNSPECIFIED_999,2010-09-08 20:10:00,FAILED_TO_YIELD_RIGHT_OF_WAY_103,NO_IMPROPER_ACTION
2453080,2,ANGLE_FRONT_TO_SIDE,-112.194647358348,33.5962994038098,4,FOUR_WAY_INTERSECTION,ANGLE_FRONT_TO_SIDE,GLENDALE,2010-09-30 07:38:00,NO_IMPROPER_ACTION,INATTENTION_DISTRACTION
2453093,2,ANGLE_FRONT_TO_SIDE,-112.202934641219,33.5624130273139,2,T_INTERSECTION,ANGLE_FRONT_TO_SIDE,GLENDALE,2010-09-21 16:55:00,DROVE_RODE_IN_OPPOSING_TRAFFIC_LANE,FAILED_TO_YIELD_RIGHT_OF_WAY_103
2453098,2,ANGLE_FRONT_TO_SIDE,-111.93481042426,33.4656266647701,4,FOUR_WAY_INTERSECTION,ANGLE_FRONT_TO_SIDE,SCOTTSDALE,2010-10-12 23:57:00,DISREGARDED_TRAFFIC_SIGNAL,NO_IMPROPER_ACTION
2453138,2,ANGLE_FRONT_TO_SIDE,-112.073813097798,33.4482410804499,3,NOT_AT_INTERSECTION_0,ANGLE_FRONT_TO_SIDE,SCOTTSDALE,2010-10-12 18:58:00,DROVE_RODE_IN_OPPOSING_TRAFFIC_LANE,NO_IMPROPER_ACTION
2453181,2,ANGLE_FRONT_TO_SIDE,-112.160153546411,33.5457235378419,3,FOUR_WAY_INTERSECTION,ANGLE_FRONT_TO_SIDE,GLENDALE,2010-09-08 07:37:00,NO_IMPROPER_ACTION,OTHER_97
2453222,2,ANGLE_FRONT_TO_SIDE,-112.203002899164,33.5478054882173,3,T_INTERSECTION,ANGLE_FRONT_TO_SIDE,GLENDALE,2010-09-26 10:17:00,DROVE_RODE_IN_OPPOSING_TRAFFIC_LANE,NO_IMPROPER_ACTION
2453231,2,ANGLE_FRONT_TO_SIDE,-112.228638775948,33.508893065765,2,FOUR_WAY_INTERSECTION,ANGLE_FRONT_TO_SIDE,PHOENIX,2010-09-23 15:44:00,DISREGARDED_TRAFFIC_SIGNAL,MADE_IMPROPER_TURN
2453234,2,ANGLE_FRONT_TO_SIDE,-112.195038893543,33.5167042178865,4,FOUR_WAY_INTERSECTION,ANGLE_FRONT_TO_SIDE,GLENDALE,2010-09-23 07:45:00,INATTENTION_DISTRACTION,INATTENTION_DISTRACTION
2453252,2,LEFT_TURN,-110.955174196429,32.1633415763695,1,UNKNOWN_99,LEFT_TURN,TUCSON,2010-09-07 16:26:00,UNKNOWN_99,NOT_APPLICABLE_MINUS_1+MADE_IMPROPER_TURN+NOT_APPLICABLE_MINUS_1+NOT_APPLICABLE_MINUS_1
2453284,2,ANGLE_FRONT_TO_SIDE,-112.18583164903,33.6114362856817,2,UNKNOWN_99,ANGLE_FRONT_TO_SIDE,GLENDALE,2010-09-07 12:25:00,NO_IMPROPER_ACTION,UNKNOWN_99
2453309,2,ANGLE_FRONT_TO_SIDE,-111.848383709732,33.4077307537863,2,FOUR_WAY_INTERSECTION,ANGLE_FRONT_TO_SIDE,MESA,2010-10-15 16:40:00,FAILED_TO_YIELD_RIGHT_OF_WAY_103,INATTENTION_DISTRACTION
2453335,2,SIDESWIPE_OPPOSITE_DIRECTION,-111.874611710311,33.3932606350834,1,NOT_AT_INTERSECTION_0,SIDESWIPE_OPPOSITE_DIRECTION,MESA,2010-10-25 14:34:00,UNKNOWN_99,NO_IMPROPER_ACTION
2453336,2,ANGLE_FRONT_TO_SIDE,-110.772157393413,32.0880879167982,4,T_INTERSECTION,ANGLE_FRONT_TO_SIDE,TUCSON,2010-09-08 08:42:00,NO_IMPROPER_ACTION,FAILED_TO_YIELD_RIGHT_OF_WAY_103
2453339,2,LEFT_TURN,-111.701563418645,33.4479012366718,3,T_INTERSECTION,LEFT_TURN,MESA,2010-10-14 16:40:00,OTHER_97,INATTENTION_DISTRACTION
2453393,2,OTHER_97,-111.97134505263,33.4456676113091,4,NOT_AT_INTERSECTION_0,OTHER_97,PHOENIX,2010-07-13 05:57:00,FAILED_TO_YIELD_RIGHT_OF_WAY_103,NO_IMPROPER_ACTION
2453402,2,OTHER_97,-112.110726065541,33.6836788779936,3,LEGACY_INTERSECTION_RELATED_PRIOR_2009_98,OTHER_97,PHOENIX,2010-08-26 12:29:00,OTHER_97,NO_IMPROPER_ACTION
2453485,2,ANGLE_FRONT_TO_SIDE,-111.753789686992,33.3936945197526,3,FOUR_WAY_INTERSECTION,ANGLE_FRONT_TO_SIDE,MESA,2010-10-20 18:27:00,NO_IMPROPER_ACTION,FAILED_TO_YIELD_RIGHT_OF_WAY_103
2453489,2,ANGLE_FRONT_TO_SIDE,-111.995512797324,33.4805951368413,1,FOUR_WAY_INTERSECTION,ANGLE_FRONT_TO_SIDE,PHOENIX,2010-09-02 08:30:00,OTHER_97,NO_IMPROPER_ACTION
2453553,2,ANGLE_FRONT_TO_SIDE,-112.119950247515,33.5941258805575,2,UNKNOWN_99,ANGLE_FRONT_TO_SIDE,PHOENIX,2010-09-09 15:56:00,FAILED_TO_YIELD_RIGHT_OF_WAY_103,SPEED_TOO_FAST_FOR_CONDITIONS
2453589,2,ANGLE_FRONT_TO_SIDE,-111.984696235221,33.3052530433267,2,FOUR_WAY_INTERSECTION,ANGLE_FRONT_TO_SIDE,PHOENIX,2010-09-08 16:18:00,DROVE_RODE_IN_OPPOSING_TRAFFIC_LANE,INATTENTION_DISTRACTION
2453616,2,ANGLE_FRONT_TO_SIDE,-110.952450610762,32.2373320831866,3,FOUR_WAY_INTERSECTION,ANGLE_FRONT_TO_SIDE,TUCSON,2010-09-09 12:19:00,NO_IMPROPER_ACTION,RAN_STOP_SIGN+NOT_APPLICABLE_MINUS_1
2453634,2,LEFT_TURN,-110.993156739033,32.2055249738697,1,FOUR_WAY_INTERSECTION,LEFT_TURN,TUCSON,2010-09-09 07:48:00,UNKNOWN_99,OTHER_97
2453655,2,ANGLE_FRONT_TO_SIDE,-110.847207005233,32.2210354252321,3,UNKNOWN_99,ANGLE_FRONT_TO_SIDE,TUCSON,2010-09-09 13:11:00,DROVE_RODE_IN_OPPOSING_TRAFFIC_LANE,NO_IMPROPER_ACTION
2453680,2,REAR_TO_REAR,-109.972357902841,34.1586177553288,2,T_INTERSECTION,REAR_TO_REAR,PINETOP,2010-09-07 08:00:00,UNKNOWN_99,UNKNOWN_99
2453840,2,ANGLE_FRONT_TO_SIDE,-110.834571066255,32.220982093089,2,FOUR_WAY_INTERSECTION,ANGLE_FRONT_TO_SIDE,TUCSON,2010-09-15 17:17:00,DROVE_RODE_IN_OPPOSING_TRAFFIC_LANE,NO_IMPROPER_ACTION
2453874,2,ANGLE_FRONT_TO_SIDE,-110.956814417834,32.246771531931,4,FOUR_WAY_INTERSECTION,ANGLE_FRONT_TO_SIDE,TUCSON,2010-09-16 17:17:00,FAILED_TO_YIELD_RIGHT_OF_WAY_103,NO_IMPROPER_ACTION
2453921,2,ANGLE_FRONT_TO_SIDE,-111.537220292254,33.4076393446156,1,FOUR_WAY_INTERSECTION,ANGLE_FRONT_TO_SIDE,APACHE JUNCTION,2010-08-21 17:00:00,NO_IMPROPER_ACTION,FAILED_TO_YIELD_RIGHT_OF_WAY_103
2453928,2,ANGLE_FRONT_TO_SIDE,-110.977709519346,32.1778105129371,1,UNKNOWN_99,ANGLE_FRONT_TO_SIDE,TUCSON,2010-09-16 20:40:00,DROVE_RODE_IN_OPPOSING_TRAFFIC_LANE,NOT_APPLICABLE_MINUS_1+NO_IMPROPER_ACTION+NOT_APPLICABLE_MINUS_1
2453990,2,OTHER_97,-111.807766761154,34.8625368098649,3,T_INTERSECTION,OTHER_97,SEDONA,2010-08-11 17:53:00,OTHER_97,UNKNOWN_99
2454255,2,SIDESWIPE_SAME_DIRECTION,-111.736443997956,33.4058477214756,3,NOT_AT_INTERSECTION_0,SIDESWIPE_SAME_DIRECTION,MESA,2010-10-25 19:12:00,OTHER_97,OTHER_UNSAFE_PASSING
2454319,3,ANGLE_FRONT_TO_SIDE,-111.762044948396,33.4518336428413,2,FOUR_WAY_INTERSECTION,ANGLE_FRONT_TO_SIDE,MESA,2010-10-21 16:05:00,DISREGARDED_TRAFFIC_SIGNAL+DISREGARDED_TRAFFIC_SIGNAL,NO_IMPROPER_ACTION