IncidentID,num_vehicles_involved,eCollisionManner,Longitude,Latitude,InjurySeverity,eIntersectionType,eCollisionManner,city_name,IncidentDateTime,cyclist_citations,driver_citations
2473274,2,ANGLE_FRONT_TO_SIDE,-112.106382689761,33.4659993847584,4,FOUR_WAY_INTERSECTION,ANGLE_FRONT_TO_SIDE,PHOENIX,2010-11-01 17:15:00,DROVE_RODE_IN_OPPOSING_TRAFFIC_LANE,NO_IMPROPER_ACTION
2473284,2,HEAD_ON,-112.186288123069,33.5240781421477,1,UNKNOWN_99,HEAD_ON,GLENDALE,2010-11-06 19:00:00,INATTENTION_DISTRACTION,INATTENTION_DISTRACTION
2473314,2,HEAD_ON,-111.613400914223,35.2058851290119,3,FOUR_WAY_INTERSECTION,HEAD_ON,FLAGSTAFF,2010-11-11 11:26:00,DISREGARDED_TRAFFIC_SIGNAL,NO_IMPROPER_ACTION
2473434,2,HEAD_ON,-112.125467286415,33.5292806340969,3,FOUR_WAY_INTERSECTION,HEAD_ON,PHOENIX,2010-11-05 15:21:00,SPEED_TOO_FAST_FOR_CONDITIONS,NO_IMPROPER_ACTION
2473513,2,OTHER_97,-111.960481788557,33.6260077836655,4,UNKNOWN_99,OTHER_97,PHOENIX,2010-11-09 07:10:00,DISREGARDED_TRAFFIC_SIGNAL,NO_IMPROPER_ACTION
2473570,2,ANGLE_FRONT_TO_SIDE,-112.056337744435,33.4657032722736,2,FOUR_WAY_INTERSECTION,ANGLE_FRONT_TO_SIDE,PHOENIX,2010-11-04 15:25:00,INATTENTION_DISTRACTION,NO_IMPROPER_ACTION
2473620,2,ANGLE_FRONT_TO_SIDE,-111.651370294262,35.1982286491304,1,T_INTERSECTION,ANGLE_FRONT_TO_SIDE,FLAGSTAFF,2010-10-27 06:52:00,INATTENTION_DISTRACTION,NO_IMPROPER_ACTION
2473704,2,ANGLE_FRONT_TO_SIDE,-112.056365171634,33.4730138689945,2,TRAFFIC_CIRCLE,ANGLE_FRONT_TO_SIDE,PHOENIX,2010-11-10 18:52:00,FAILED_TO_YIELD_RIGHT_OF_WAY_103,NO_IMPROPER_ACTION
2473816,2,ANGLE_FRONT_TO_SIDE,-112.025872122558,33.480346912345,2,T_INTERSECTION,ANGLE_FRONT_TO_SIDE,PHOENIX,2010-11-09 17:00:00,NO_IMPROPER_ACTION,INATTENTION_DISTRACTION
2473860,2,OTHER_97,-112.013133471259,33.5896840287958,3,FOUR_WAY_INTERSECTION,OTHER_97,PHOENIX,2010-11-08 07:44:00,UNKNOWN_99,INATTENTION_DISTRACTION
2474015,2,OTHER_97,-112.145420061402,33.8707939960732,2,INTERSECTION_AS_PART_OF_INTERCHANGE,OTHER_97,UNSPECIFIED_999,2010-10-01 18:21:00,NO_IMPROPER_ACTION,FAILED_TO_YIELD_RIGHT_OF_WAY_103
2474046,2,OTHER_97,-111.786420853895,34.8630389057763,3,NOT_REPORTED_255,OTHER_97,SEDONA,2010-11-20 14:55:00,INATTENTION_DISTRACTION,NO_IMPROPER_ACTION
2474127,2,ANGLE_FRONT_TO_SIDE,-112.099612934974,33.5674351006465,3,FOUR_WAY_INTERSECTION,ANGLE_FRONT_TO_SIDE,PHOENIX,2010-11-18 19:38:00,DISREGARDED_TRAFFIC_SIGNAL,NO_IMPROPER_ACTION
2474195,2,ANGLE_FRONT_TO_SIDE,-112.047637269883,33.5092247515871,2,FOUR_WAY_INTERSECTION,ANGLE_FRONT_TO_SIDE,PHOENIX,2010-11-11 16:09:00,INATTENTION_DISTRACTION,INATTENTION_DISTRACTION
2474226,2,OTHER_97,-111.987425665327,33.4481058562954,4,FOUR_WAY_INTERSECTION,OTHER_97,PHOENIX,2010-11-17 16:09:00,DISREGARDED_TRAFFIC_SIGNAL,NO_IMPROPER_ACTION
2474265,2,OTHER_97,-112.100061987687,33.5531046435782,3,UNKNOWN_99,OTHER_97,PHOENIX,2010-11-12 11:41:00,OTHER_97,NO_IMPROPER_ACTION
2474288,2,ANGLE_FRONT_TO_SIDE,-112.082445694695,33.4586780472593,3,UNKNOWN_99,ANGLE_FRONT_TO_SIDE,PHOENIX,2010-11-18 10:25:00,DROVE_RODE_IN_OPPOSING_TRAFFIC_LANE,DISREGARDED_TRAFFIC_SIGNAL+NOT_APPLICABLE_MINUS_1
2474328,2,OTHER_97,-112.038829216394,33.5346848260919,2,FOUR_WAY_INTERSECTION,OTHER_97,PHOENIX,2010-11-26 13:25:00,INATTENTION_DISTRACTION,NO_IMPROPER_ACTION
2474530,3,LEFT_TURN,0,0,3,T_INTERSECTION,LEFT_TURN,PHOENIX,2010-11-09 21:56:00,NO_IMPROPER_ACTION,INATTENTION_DISTRACTION
2474554,2,ANGLE_FRONT_TO_SIDE,-112.12261790074,33.6109529462892,2,UNKNOWN_99,ANGLE_FRONT_TO_SIDE,PHOENIX,2010-11-15 18:58:00,OTHER_97,NO_IMPROPER_ACTION
2474555,2,ANGLE_FRONT_TO_SIDE,-112.129473152913,33.6546569337956,1,UNKNOWN_99,ANGLE_FRONT_TO_SIDE,PHOENIX,2010-11-12 14:15:00,UNKNOWN_99,NO_IMPROPER_ACTION
2474646,2,ANGLE_FRONT_TO_SIDE,-112.005227798118,33.2933009303037,2,T_INTERSECTION,ANGLE_FRONT_TO_SIDE,PHOENIX,2010-11-18 07:38:00,INATTENTION_DISTRACTION,NOT_APPLICABLE_MINUS_1+NOT_APPLICABLE_MINUS_1+NO_IMPROPER_ACTION
2474658,2,HEAD_ON,-112.118715993409,33.4949446107014,2,T_INTERSECTION,HEAD_ON,PHOENIX,2010-11-10 17:41:00,DROVE_RODE_IN_OPPOSING_TRAFFIC_LANE,NO_IMPROPER_ACTION
2474723,2,ANGLE_FRONT_TO_SIDE,-112.03035058904,33.3816364709206,2,FOUR_WAY_INTERSECTION,ANGLE_FRONT_TO_SIDE,PHOENIX,2010-11-16 17:07:00,OTHER_97,NO_IMPROPER_ACTION
2474778,2,ANGLE_FRONT_TO_SIDE,-111.970700325955,33.5130885380717,1,UNKNOWN_99,ANGLE_FRONT_TO_SIDE,PHOENIX,2010-11-19 07:02:00,INATTENTION_DISTRACTION,NO_IMPROPER_ACTION
2475024,2,ANGLE_FRONT_TO_SIDE,-112.011115015566,33.6263273201712,3,UNKNOWN_99,ANGLE_FRONT_TO_SIDE,PHOENIX,2010-11-09 10:54:00,OTHER_97,NO_IMPROPER_ACTION
2475162,2,ANGLE_FRONT_TO_SIDE,-111.960957698979,33.4801264951394,3,FOUR_WAY_INTERSECTION,ANGLE_FRONT_TO_SIDE,PHOENIX,2010-11-17 12:20:00,OTHER_97,NO_IMPROPER_ACTION
2475354,2,ANGLE_FRONT_TO_SIDE,-112.137583815162,33.8573338911661,4,FOUR_WAY_INTERSECTION,ANGLE_FRONT_TO_SIDE,UNSPECIFIED_999,2010-11-20 10:21:00,DROVE_RODE_IN_OPPOSING_TRAFFIC_LANE,NO_IMPROPER_ACTION+NOT_APPLICABLE_MINUS_1
2475577,2,LEFT_TURN,-111.859072046376,33.3350844356245,1,FOUR_WAY_INTERSECTION,LEFT_TURN,CHANDLER,2010-11-19 18:40:00,DROVE_RODE_IN_OPPOSING_TRAFFIC_LANE,NO_IMPROPER_ACTION
2475694,2,ANGLE_FRONT_TO_SIDE,-111.676190724886,33.393332051616,1,FOUR_WAY_INTERSECTION,ANGLE_FRONT_TO_SIDE,MESA,2010-11-19 19:04:00,NO_IMPROPER_ACTION,FAILED_TO_YIELD_RIGHT_OF_WAY_103
2475738,2,ANGLE_FRONT_TO_SIDE,-111.826762001895,33.4514742047984,3,T_INTERSECTION,ANGLE_FRONT_TO_SIDE,MESA,2010-11-19 12:39:00,INATTENTION_DISTRACTION,INATTENTION_DISTRACTION
2475910,2,ANGLE_FRONT_TO_SIDE,-111.777514330495,33.4226668175356,3,FOUR_WAY_INTERSECTION,ANGLE_FRONT_TO_SIDE,MESA,2010-11-11 21:44:00,DROVE_RODE_IN_OPPOSING_TRAFFIC_LANE,NO_IMPROPER_ACTION
2475937,2,LEFT_TURN,-111.609944168753,33.3643992267188,2,T_INTERSECTION,LEFT_TURN,MESA,2010-11-23 08:07:00,NO_IMPROPER_ACTION,OTHER_97
2475946,2,ANGLE_FRONT_TO_SIDE,-111.878221003628,33.4148345065692,2,T_INTERSECTION,ANGLE_FRONT_TO_SIDE,MESA,2010-11-17 21:37:00,DROVE_RODE_IN_OPPOSING_TRAFFIC_LANE,NO_IMPROPER_ACTION
2476213,2,SIDESWIPE_SAME_DIRECTION,-111.925882334887,33.7720663120276,3,NOT_AT_INTERSECTION_0,SIDESWIPE_SAME_DIRECTION,SCOTTSDALE,2010-11-14 12:06:00,FAILED_TO_YIELD_RIGHT_OF_WAY_103,NO_IMPROPER_ACTION+NOT_APPLICABLE_MINUS_1
2476379,2,ANGLE_FRONT_TO_SIDE,-111.806960709471,33.3438195948429,2,T_INTERSECTION,ANGLE_FRONT_TO_SIDE,GILBERT,2010-11-21 11:17:00,NO_IMPROPER_ACTION,NO_IMPROPER_ACTION
2476608,2,ANGLE_FRONT_TO_SIDE,-112.293765825321,33.4888477485785,1,NOT_AT_INTERSECTION_0,ANGLE_FRONT_TO_SIDE,AVONDALE,2010-11-29 08:00:00,NO_IMPROPER_ACTION,FAILED_TO_YIELD_RIGHT_OF_WAY_103
2476695,2,ANGLE_FRONT_TO_SIDE,-111.839911346806,33.4129423095844,4,FOUR_WAY_INTERSECTION,ANGLE_FRONT_TO_SIDE,MESA,2010-11-13 14:57:00,DISREGARDED_TRAFFIC_SIGNAL,NO_IMPROPER_ACTION
2476701,2,SIDESWIPE_SAME_DIRECTION,-111.92595955635,33.4998752174754,1,NOT_AT_INTERSECTION_0,SIDESWIPE_SAME_DIRECTION,SCOTTSDALE,2010-11-20 23:22:00,OTHER_UNSAFE_PASSING,NOT_APPLICABLE_MINUS_1+NO_IMPROPER_ACTION
2476784,2,ANGLE_FRONT_TO_SIDE,-111.734008178983,33.3068491843799,1,FOUR_WAY_INTERSECTION,ANGLE_FRONT_TO_SIDE,GILBERT,2010-12-07 07:55:00,OTHER_97,NO_IMPROPER_ACTION
2476806,2,ANGLE_FRONT_TO_SIDE,-111.751770364974,33.364723567593,3,FOUR_WAY_INTERSECTION,ANGLE_FRONT_TO_SIDE,GILBERT,2010-12-04 13:08:00,FAILED_TO_YIELD_RIGHT_OF_WAY_103,NO_IMPROPER_ACTION
2476918,2,OTHER_97,-111.762613632647,33.3791159174427,4,NOT_AT_INTERSECTION_0,OTHER_97,MESA,2010-12-09 15:03:00,NO_IMPROPER_ACTION,FAILED_TO_YIELD_RIGHT_OF_WAY_103
2477032,2,UNKNOWN_99,-111.70899130739,33.3657779866819,3,T_INTERSECTION,UNKNOWN_99,GILBERT,2010-12-14 15:06:00,INATTENTION_DISTRACTION,UNKNOWN_99
2477043,2,LEFT_TURN,-111.647138237263,33.3647164094285,3,T_INTERSECTION,LEFT_TURN,MESA,2010-12-07 16:43:00,NO_IMPROPER_ACTION,FAILED_TO_YIELD_RIGHT_OF_WAY_103
2477077,2,OTHER_97,-112.047631900873,33.5187182548757,2,LEGACY_INTERSECTION_RELATED_PRIOR_2009_98,OTHER_97,PHOENIX,2010-10-15 15:19:00,FAILED_TO_YIELD_RIGHT_OF_WAY_103,NO_IMPROPER_ACTION
2477654,2,ANGLE_FRONT_TO_SIDE,-111.755654069242,33.3343203992124,1,NOT_AT_INTERSECTION_0,ANGLE_FRONT_TO_SIDE,GILBERT,2010-12-15 07:50:00,DROVE_RODE_IN_OPPOSING_TRAFFIC_LANE,NO_IMPROPER_ACTION
2477704,2,SIDESWIPE_SAME_DIRECTION,-112.11288999419,33.5092436590053,2,FOUR_WAY_INTERSECTION,SIDESWIPE_SAME_DIRECTION,PHOENIX,2010-12-28 09:19:00,OTHER_UNSAFE_PASSING,NO_IMPROPER_ACTION
2477742,2,LEFT_TURN,-111.736194700716,33.4445457309227,1,T_INTERSECTION,LEFT_TURN,MESA,2010-12-15 18:39:00,FAILED_TO_YIELD_RIGHT_OF_WAY_103,NO_IMPROPER_ACTION+NOT_APPLICABLE_MINUS_1
2477756,2,ANGLE_FRONT_TO_SIDE,-111.784081723163,33.4081267309195,1,T_INTERSECTION,ANGLE_FRONT_TO_SIDE,MESA,2010-12-13 19:43:00,DROVE_RODE_IN_OPPOSING_TRAFFIC_LANE,NO_IMPROPER_ACTION
2477770,2,ANGLE_FRONT_TO_SIDE,-112.306418594959,33.435379726942,3,FOUR_WAY_INTERSECTION,ANGLE_FRONT_TO_SIDE,UNSPECIFIED_999,2010-12-11 08:33:00,UNKNOWN_99,INATTENTION_DISTRACTION
2477774,4,OTHER_97,-111.925225160218,33.4968464706842,3,T_INTERSECTION,OTHER_97,SCOTTSDALE,2010-12-11 00:56:00,MADE_IMPROPER_TURN+MADE_IMPROPER_TURN+MADE_IMPROPER_TURN,MADE_IMPROPER_TURN
2477811,2,ANGLE_FRONT_TO_SIDE,-111.930454714947,33.4803145527799,4,FOUR_WAY_INTERSECTION,ANGLE_FRONT_TO_SIDE,SCOTTSDALE,2010-12-03 12:17:00,DROVE_RODE_IN_OPPOSING_TRAFFIC_LANE,NO_IMPROPER_ACTION
2477816,2,REAR_END,-111.891833202971,33.7412439375297,3,FOUR_WAY_INTERSECTION,REAR_END,SCOTTSDALE,2010-12-04 16:20:00,NO_IMPROPER_ACTION,EXCEEDED_LAWFUL_SPEED
2477847,2,LEFT_TURN,-111.778490761144,33.451800840891,3,T_INTERSECTION,LEFT_TURN,MESA,2010-12-13 21:28:00,DROVE_RODE_IN_OPPOSING_TRAFFIC_LANE,NO_IMPROPER_ACTION
2477983,2,ANGLE_FRONT_TO_SIDE,-111.934763133626,33.483136249848,4,NOT_AT_INTERSECTION_0,ANGLE_FRONT_TO_SIDE,SCOTTSDALE,2010-12-09 15:21:00,NO_IMPROPER_ACTION,FAILED_TO_YIELD_RIGHT_OF_WAY_103
2478168,2,OTHER_97,-112.032526425453,33.6404336436718,2,UNKNOWN_99,OTHER_97,PHOENIX,2010-10-20 15:39:00,OTHER_97,NO_IMPROPER_ACTION+NOT_APPLICABLE_MINUS_1
2478280,2,ANGLE_FRONT_TO_SIDE,-112.073813097798,33.4482410804499,3,FOUR_WAY_INTERSECTION,ANGLE_FRONT_TO_SIDE,EL MIRAGE,2010-12-28 11:50:00,DROVE_RODE_IN_OPPOSING_TRAFFIC_LANE,NO_IMPROPER_ACTION+NOT_APPLICABLE_MINUS_1
2478320,2,ANGLE_FRONT_TO_SIDE,-111.893695749687,33.5728496598217,2,FOUR_WAY_INTERSECTION,ANGLE_FRONT_TO_SIDE,SCOTTSDALE,2010-12-24 16:32:00,NO_IMPROPER_ACTION,NOT_APPLICABLE_MINUS_1+FAILED_TO_YIELD_RIGHT_OF_WAY_103
2478351,2,ANGLE_FRONT_TO_SIDE,-111.767699023216,33.3356213596369,3,FOUR_WAY_INTERSECTION,ANGLE_FRONT_TO_SIDE,GILBERT,2010-12-29 12:46:00,DROVE_RODE_IN_OPPOSING_TRAFFIC_LANE,FAILED_TO_YIELD_RIGHT_OF_WAY_103
2478502,2,ANGLE_FRONT_TO_SIDE,-111.925527358964,33.629401492054,2,FOUR_WAY_INTERSECTION,ANGLE_FRONT_TO_SIDE,SCOTTSDALE,2010-12-11 18:03:00,DROVE_RODE_IN_OPPOSING_TRAFFIC_LANE,NO_IMPROPER_ACTION+NOT_APPLICABLE_MINUS_1
2478633,2,ANGLE_FRONT_TO_SIDE,-111.871889757095,33.6241251963201,3,FOUR_WAY_INTERSECTION,ANGLE_FRONT_TO_SIDE,SCOTTSDALE,2010-12-17 18:42:00,OTHER_97,NO_IMPROPER_ACTION
2478637,2,HEAD_ON,-111.768353631945,33.4226889777116,4,NOT_AT_INTERSECTION_0,HEAD_ON,MESA,2010-12-31 18:00:00,DROVE_RODE_IN_OPPOSING_TRAFFIC_LANE,FAILED_TO_KEEP_IN_PROPER_LANE
2478650,2,ANGLE_FRONT_TO_SIDE,-111.942851886507,33.4904348058035,1,T_INTERSECTION,ANGLE_FRONT_TO_SIDE,SCOTTSDALE,2010-12-16 14:35:00,NO_IMPROPER_ACTION,NO_IMPROPER_ACTION
2478653,2,OTHER_97,-111.834163349906,33.4035584012975,1,NOT_AT_INTERSECTION_0,OTHER_97,MESA,2010-12-16 08:23:00,NO_IMPROPER_ACTION,INATTENTION_DISTRACTION
2478750,3,ANGLE_FRONT_TO_SIDE,-111.891193331958,33.8138216000216,3,FOUR_WAY_INTERSECTION,ANGLE_FRONT_TO_SIDE,SCOTTSDALE,2010-12-22 13:59:00,NO_IMPROPER_ACTION+NO_IMPROPER_ACTION,NOT_APPLICABLE_MINUS_1+FAILED_TO_YIELD_RIGHT_OF_WAY_103+NOT_APPLICABLE_MINUS_1
2478885,2,ANGLE_FRONT_TO_SIDE,-111.934955322806,33.3904057659992,3,FOUR_WAY_INTERSECTION,ANGLE_FRONT_TO_SIDE,TEMPE,2010-12-15 08:05:00,INATTENTION_DISTRACTION,NO_IMPROPER_ACTION
2478888,2,LEFT_TURN,-111.68376002707,33.3939337288352,3,NOT_AT_INTERSECTION_0,LEFT_TURN,MESA,2010-12-24 11:02:00,DROVE_RODE_IN_OPPOSING_TRAFFIC_LANE,NO_IMPROPER_ACTION
2478899,2,LEFT_TURN,-111.956413906364,33.4219236960703,1,FOUR_WAY_INTERSECTION,LEFT_TURN,TEMPE,2010-12-21 18:20:00,INATTENTION_DISTRACTION,NO_IMPROPER_ACTION
2478918,2,ANGLE_FRONT_TO_SIDE,-111.911325899409,33.33463127056,4,UNKNOWN_99,ANGLE_FRONT_TO_SIDE,TEMPE,2010-12-26 15:34:00,INATTENTION_DISTRACTION,NO_IMPROPER_ACTION
2478928,2,ANGLE_FRONT_TO_SIDE,-111.908355569741,33.4147574686145,2,UNKNOWN_99,ANGLE_FRONT_TO_SIDE,TEMPE,2010-12-09 18:58:00,DROVE_RODE_IN_OPPOSING_TRAFFIC_LANE,INATTENTION_DISTRACTION
2478946,2,LEFT_TURN,-111.912903683191,33.5070953592592,3,T_INTERSECTION,LEFT_TURN,SCOTTSDALE,2010-12-23 15:22:00,NO_IMPROPER_ACTION,FAILED_TO_YIELD_RIGHT_OF_WAY_103
2478953,2,ANGLE_FRONT_TO_SIDE,-111.886200473131,33.6295636123101,2,T_INTERSECTION,ANGLE_FRONT_TO_SIDE,SCOTTSDALE,2010-12-20 18:00:00,DROVE_RODE_IN_OPPOSING_TRAFFIC_LANE,UNKNOWN_99
2479160,2,ANGLE_FRONT_TO_SIDE,-111.969785055111,33.4560772841358,3,UNKNOWN_99,ANGLE_FRONT_TO_SIDE,PHOENIX,2010-11-02 08:20:00,DROVE_RODE_IN_OPPOSING_TRAFFIC_LANE,INATTENTION_DISTRACTION
2479184,2,UNKNOWN_99,-111.926280311246,33.4132638516701,3,NOT_AT_INTERSECTION_0,UNKNOWN_99,TEMPE,2010-12-11 15:18:00,DROVE_RODE_IN_OPPOSING_TRAFFIC_LANE,NOT_APPLICABLE_MINUS_1+NO_IMPROPER_ACTION
2479451,2,ANGLE_FRONT_TO_SIDE,-111.894615046118,33.4074917600131,3,NOT_REPORTED_255,ANGLE_FRONT_TO_SIDE,TEMPE,2010-12-16 11:43:00,DROVE_RODE_IN_OPPOSING_TRAFFIC_LANE,NOT_APPLICABLE_MINUS_1+NO_IMPROPER_ACTION
2479463,3,ANGLE_FRONT_TO_SIDE,-111.789668176576,33.2823973505352,3,FOUR_WAY_INTERSECTION,ANGLE_FRONT_TO_SIDE,UNSPECIFIED_999,2010-11-01 11:46:00,NO_IMPROPER_ACTION+NO_IMPROPER_ACTION,UNKNOWN_99
2479516,2,LEFT_TURN,0,0,3,T_INTERSECTION,LEFT_TURN,TUCSON,2010-12-06 08:57:00,NO_IMPROPER_ACTION,INATTENTION_DISTRACTION
2479521,2,ANGLE_FRONT_TO_SIDE,-112.073813097798,33.4482410804499,3,UNKNOWN_99,ANGLE_FRONT_TO_SIDE,TUCSON,2010-12-05 15:51:00,OTHER_97,NO_IMPROPER_ACTION+NOT_APPLICABLE_MINUS_1
2479583,2,OTHER_97,0,0,4,FOUR_WAY_INTERSECTION,OTHER_97,PEORIA,2010-12-04 12:17:00,DROVE_RODE_IN_OPPOSING_TRAFFIC_LANE,INATTENTION_DISTRACTION
2479663,2,ANGLE_FRONT_TO_SIDE,-110.277620398957,31.5520224588491,2,FOUR_WAY_INTERSECTION,ANGLE_FRONT_TO_SIDE,SIERRA VISTA,2010-12-01 13:11:00,OTHER_97,INATTENTION_DISTRACTION+NOT_APPLICABLE_MINUS_1
2479835,2,LEFT_TURN,-111.930657363155,33.4147214933161,1,FOUR_WAY_INTERSECTION,LEFT_TURN,TEMPE,2010-12-06 10:08:00,NO_IMPROPER_ACTION,INATTENTION_DISTRACTION
2479864,3,ANGLE_FRONT_TO_SIDE,-110.975035856885,32.4535018074508,3,FOUR_WAY_INTERSECTION,ANGLE_FRONT_TO_SIDE,ORO VALLEY,2010-12-07 06:16:00,NO_IMPROPER_ACTION+NO_IMPROPER_ACTION,INATTENTION_DISTRACTION+NOT_APPLICABLE_MINUS_1
2479896,2,ANGLE_FRONT_TO_SIDE,-111.963161552086,33.3782394115219,2,FOUR_WAY_INTERSECTION,ANGLE_FRONT_TO_SIDE,TEMPE,2010-12-01 17:45:00,OTHER_97,NO_IMPROPER_ACTION
2479917,2,ANGLE_FRONT_TO_SIDE,-111.926462305673,33.4147591283781,4,FOUR_WAY_INTERSECTION,ANGLE_FRONT_TO_SIDE,TEMPE,2010-12-08 16:11:00,DISREGARDED_TRAFFIC_SIGNAL,NO_IMPROPER_ACTION
2479965,2,REAR_END,-111.922995214286,33.4101435965314,2,UNKNOWN_99,REAR_END,TEMPE,2010-12-04 23:00:00,NO_IMPROPER_ACTION,FAILED_TO_KEEP_IN_PROPER_LANE
2480007,2,ANGLE_FRONT_TO_SIDE,-112.318194762448,33.6088689250123,1,T_INTERSECTION,ANGLE_FRONT_TO_SIDE,EL MIRAGE,2010-12-27 17:15:00,FAILED_TO_YIELD_RIGHT_OF_WAY_103,NO_IMPROPER_ACTION
2480009,2,OTHER_97,-112.199312317939,33.4948682342059,5,NOT_AT_INTERSECTION_0,OTHER_97,PHOENIX,2010-10-26 18:06:00,FAILED_TO_YIELD_RIGHT_OF_WAY_103,EXCEEDED_LAWFUL_SPEED
2480058,2,HEAD_ON,-112.28410783004,33.5656835426712,3,T_INTERSECTION,HEAD_ON,UNSPECIFIED_999,2010-12-07 10:45:00,DROVE_RODE_IN_OPPOSING_TRAFFIC_LANE,NO_IMPROPER_ACTION+NOT_APPLICABLE_MINUS_1
2480071,2,ANGLE_FRONT_TO_SIDE,-111.648998533328,35.2006807737441,4,FOUR_WAY_INTERSECTION,ANGLE_FRONT_TO_SIDE,FLAGSTAFF,2010-12-13 14:46:00,NO_IMPROPER_ACTION,RAN_STOP_SIGN
2480167,2,ANGLE_FRONT_TO_SIDE,-111.909052400363,33.4268425679018,1,UNKNOWN_99,ANGLE_FRONT_TO_SIDE,TEMPE,2010-12-09 11:28:00,DROVE_RODE_IN_OPPOSING_TRAFFIC_LANE,NO_IMPROPER_ACTION
2480299,2,OTHER_97,-111.999261536901,33.6405914315897,3,UNKNOWN_99,OTHER_97,PHOENIX,2010-10-22 07:21:00,OTHER_97,NO_IMPROPER_ACTION
2480309,2,OTHER_97,-112.091214550567,33.5713040173734,2,LEGACY_INTERSECTION_RELATED_PRIOR_2009_98,OTHER_97,PHOENIX,2010-11-05 16:29:00,OTHER_97,NO_IMPROPER_ACTION
2480310,2,OTHER_97,-112.082563546134,33.4567136615912,3,LEGACY_INTERSECTION_RELATED_PRIOR_2009_98,OTHER_97,PHOENIX,2010-11-03 15:46:00,FAILED_TO_YIELD_RIGHT_OF_WAY_103,INATTENTION_DISTRACTION
2480311,2,OTHER_97,-112.075029150285,33.4803658594706,2,LEGACY_INTERSECTION_RELATED_PRIOR_2009_98,OTHER_97,PHOENIX,2010-11-12 14:00:00,OTHER_97,NO_IMPROPER_ACTION
2480317,2,OTHER_97,-112.143190258658,33.6543989562624,3,LEGACY_INTERSECTION_RELATED_PRIOR_2009_98,OTHER_97,PHOENIX,2010-11-19 07:19:00,OTHER_97,NO_IMPROPER_ACTION
2480421,2,OTHER_97,-112.267865295056,33.5514737467418,3,INTERSECTION_AS_PART_OF_INTERCHANGE,OTHER_97,PEORIA,2010-11-29 18:34:00,OTHER_97,NOT_APPLICABLE_MINUS_1+NO_IMPROPER_ACTION
2480505,2,SIDESWIPE_OPPOSITE_DIRECTION,-112.352324682999,34.5894948086124,2,FOUR_WAY_INTERSECTION,SIDESWIPE_OPPOSITE_DIRECTION,UNSPECIFIED_999,2010-12-09 17:46:00,NO_IMPROPER_ACTION,NO_IMPROPER_ACTION
2480547,2,ANGLE_FRONT_TO_SIDE,-112.073813097798,33.4482410804499,3,T_INTERSECTION,ANGLE_FRONT_TO_SIDE,YUMA,2010-12-15 15:57:00,RAN_STOP_SIGN,NOT_APPLICABLE_MINUS_1+NO_IMPROPER_ACTION
2480628,2,SIDESWIPE_OPPOSITE_DIRECTION,-112.348677978653,33.4498475097007,3,UNKNOWN_99,SIDESWIPE_OPPOSITE_DIRECTION,GOODYEAR,2010-12-09 16:38:00,NO_IMPROPER_ACTION,INATTENTION_DISTRACTION
2480629,2,OTHER_97,-112.340958588129,33.4642624341687,2,FOUR_WAY_INTERSECTION,OTHER_97,UNSPECIFIED_999,2010-12-17 21:04:00,WALKED_ON_WRONG_SIDE_OF_ROAD,NOT_APPLICABLE_MINUS_1+NO_IMPROPER_ACTION
2480708,2,ANGLE_FRONT_TO_SIDE,-111.930828644568,33.4402238520984,1,FOUR_WAY_INTERSECTION,ANGLE_FRONT_TO_SIDE,TEMPE,2010-12-14 13:08:00,DISREGARDED_TRAFFIC_SIGNAL,NO_IMPROPER_ACTION
2480808,2,OTHER_97,-110.978288573443,32.2973146094073,2,FOUR_WAY_INTERSECTION,OTHER_97,TUCSON,2010-12-02 08:54:00,NO_IMPROPER_ACTION,OTHER_97
2480821,2,ANGLE_FRONT_TO_SIDE,-111.100009305411,32.3485122346952,1,UNKNOWN_99,ANGLE_FRONT_TO_SIDE,MARANA,2010-12-21 14:26:00,DROVE_RODE_IN_OPPOSING_TRAFFIC_LANE,NO_IMPROPER_ACTION
2480836,2,OTHER_97,-110.952386202352,32.27586072847,2,FOUR_WAY_INTERSECTION,OTHER_97,TUCSON,2010-12-10 17:54:00,KNOWINGLY_OPERATED_WITH_FAULTY_MISSING_EQUIPMENT,OTHER_97
2480847,2,OTHER_97,-110.909614900713,32.2197386288431,2,NOT_REPORTED_255,OTHER_97,TUCSON,2010-12-06 09:46:00,NO_IMPROPER_ACTION,FAILED_TO_YIELD_RIGHT_OF_WAY_103
2480872,2,OTHER_97,-110.906943945138,32.1901668779902,3,Y_INTERSECTION,OTHER_97,TUCSON,2010-12-10 11:44:00,UNSAFE_LANE_CHANGE,NO_IMPROPER_ACTION
2480960,2,OTHER_97,-110.926677343367,32.2046008697298,3,NOT_AT_INTERSECTION_0,OTHER_97,TUCSON,2010-12-07 19:57:00,KNOWINGLY_OPERATED_WITH_FAULTY_MISSING_EQUIPMENT,NO_IMPROPER_ACTION
2480973,2,OTHER_97,-110.812250896009,32.1773236061507,2,T_INTERSECTION,OTHER_97,TUCSON,2010-12-07 21:15:00,KNOWINGLY_OPERATED_WITH_FAULTY_MISSING_EQUIPMENT,NO_IMPROPER_ACTION