IncidentID,num_vehicles_involved,eCollisionManner,Longitude,Latitude,InjurySeverity,eIntersectionType,eCollisionManner,city_name,IncidentDateTime,cyclist_citations,driver_citations
2480985,2,OTHER_97,-110.946646298342,32.2214163609613,2,FOUR_WAY_INTERSECTION,OTHER_97,TUCSON,2010-12-11 18:49:00,DROVE_RODE_IN_OPPOSING_TRAFFIC_LANE,NO_IMPROPER_ACTION+NOT_APPLICABLE_MINUS_1
2480994,2,SIDESWIPE_SAME_DIRECTION,-110.914042530857,32.2505651988729,2,FOUR_WAY_INTERSECTION,SIDESWIPE_SAME_DIRECTION,TUCSON,2010-12-11 12:28:00,NO_IMPROPER_ACTION,UNKNOWN_99
2481014,2,OTHER_97,-112.248983158967,33.6580345346589,4,UNKNOWN_99,OTHER_97,PEORIA,2010-12-21 09:07:00,FAILED_TO_YIELD_RIGHT_OF_WAY_103,NOT_APPLICABLE_MINUS_1+NO_IMPROPER_ACTION
2481029,2,OTHER_97,-112.211664527951,33.567037173579,4,T_INTERSECTION,OTHER_97,GLENDALE,2010-12-18 14:07:00,UNKNOWN_99,UNKNOWN_99
2481117,2,UNKNOWN_99,-110.946292531266,31.3647529736856,4,UNKNOWN_99,UNKNOWN_99,NOGALES,2010-12-17 16:41:00,UNKNOWN_99,NOT_APPLICABLE_MINUS_1+UNKNOWN_99+NOT_APPLICABLE_MINUS_1+NOT_APPLICABLE_MINUS_1
2481200,2,ANGLE_FRONT_TO_SIDE,-111.936035907522,33.3928927435845,3,UNKNOWN_99,ANGLE_FRONT_TO_SIDE,TEMPE,2010-12-23 13:58:00,DROVE_RODE_IN_OPPOSING_TRAFFIC_LANE,NO_IMPROPER_ACTION
2481224,2,OTHER_97,-112.077560707349,33.4657772595426,2,UNKNOWN_99,OTHER_97,PHOENIX,2010-11-24 09:04:00,NO_IMPROPER_ACTION,FAILED_TO_YIELD_RIGHT_OF_WAY_103
2481225,2,OTHER_97,-112.082419607868,33.4503387091065,2,LEGACY_INTERSECTION_RELATED_PRIOR_2009_98,OTHER_97,PHOENIX,2010-11-15 11:05:00,INATTENTION_DISTRACTION,NO_IMPROPER_ACTION
2481352,2,OTHER_97,-110.903484932125,32.2578721343125,3,NOT_AT_INTERSECTION_0,OTHER_97,TUCSON,2010-12-10 17:40:00,NO_IMPROPER_ACTION,INATTENTION_DISTRACTION
2481361,2,OTHER_97,-110.990268428406,32.2356166378294,3,T_INTERSECTION,OTHER_97,TUCSON,2010-12-16 17:05:00,DISREGARDED_TRAFFIC_SIGNAL,NO_IMPROPER_ACTION
2481391,2,OTHER_97,-110.823808586169,32.2281295946156,3,FOUR_WAY_INTERSECTION,OTHER_97,TUCSON,2010-12-14 11:25:00,NO_IMPROPER_ACTION,FAILED_TO_YIELD_RIGHT_OF_WAY_103
2481412,2,LEFT_TURN,-110.909717697682,32.2508879584859,3,NOT_AT_INTERSECTION_0,LEFT_TURN,TUCSON,2010-12-19 17:40:00,NO_IMPROPER_ACTION,NOT_APPLICABLE_MINUS_1+ELECTRONIC_COMMUNICATIONS_DEVICE
2481488,2,OTHER_97,-110.986891571966,32.1778261936281,4,T_INTERSECTION,OTHER_97,TUCSON,2010-12-24 16:03:00,NO_IMPROPER_ACTION,FAILED_TO_YIELD_RIGHT_OF_WAY_103
2481593,2,OTHER_97,-110.935443068769,32.22792179063,2,NOT_REPORTED_255,OTHER_97,TUCSON,2010-12-20 11:17:00,NO_IMPROPER_ACTION,FAILED_TO_YIELD_RIGHT_OF_WAY_103
2481605,2,OTHER_97,-110.939562610013,32.2349213882404,3,FOUR_WAY_INTERSECTION,OTHER_97,TUCSON,2010-12-28 16:21:00,NO_IMPROPER_ACTION,INATTENTION_DISTRACTION
2481764,2,OTHER_97,-110.839694072932,32.3088838990827,2,UNKNOWN_99,OTHER_97,UNSPECIFIED_999,2010-12-16 12:09:00,INATTENTION_DISTRACTION,NO_IMPROPER_ACTION
2481934,2,LEFT_TURN,-111.632710864122,33.4078451581168,1,FOUR_WAY_INTERSECTION,LEFT_TURN,UNSPECIFIED_999,2010-12-12 19:24:00,DROVE_RODE_IN_OPPOSING_TRAFFIC_LANE,NOT_APPLICABLE_MINUS_1+NO_IMPROPER_ACTION+NOT_APPLICABLE_MINUS_1+NOT_APPLICABLE_MINUS_1
2481993,2,REAR_END,-111.869278190845,33.344304576114,3,UNKNOWN_99,REAR_END,CHANDLER,2010-12-10 18:03:00,NO_IMPROPER_ACTION,FAILED_TO_KEEP_IN_PROPER_LANE+NOT_APPLICABLE_MINUS_1+NOT_APPLICABLE_MINUS_1
2482154,2,ANGLE_FRONT_TO_SIDE,-111.940998436149,33.3053724679495,2,T_INTERSECTION,ANGLE_FRONT_TO_SIDE,CHANDLER,2010-12-19 14:24:00,WALKED_ON_WRONG_SIDE_OF_ROAD,NO_IMPROPER_ACTION
2482196,3,OTHER_97,-112.080296533348,33.4471006351962,3,LEGACY_INTERSECTION_RELATED_PRIOR_2009_98,OTHER_97,PHOENIX,2010-11-18 16:28:00,NO_IMPROPER_ACTION,FAILED_TO_YIELD_RIGHT_OF_WAY_103
2482204,2,OTHER_97,-112.069564432899,33.5713491444211,3,LEGACY_INTERSECTION_RELATED_PRIOR_2009_98,OTHER_97,PHOENIX,2010-11-19 07:30:00,NO_IMPROPER_ACTION,FAILED_TO_YIELD_RIGHT_OF_WAY_103
2482206,4,OTHER_97,-111.977383240921,33.6479013969154,4,UNKNOWN_99,OTHER_97,PHOENIX,2010-12-02 16:44:00,NO_IMPROPER_ACTION+NO_IMPROPER_ACTION+NO_IMPROPER_ACTION,NO_IMPROPER_ACTION
2482502,2,LEFT_TURN,-110.877951368833,32.5391878160327,3,T_INTERSECTION,LEFT_TURN,UNSPECIFIED_999,2010-12-24 11:20:00,FAILED_TO_YIELD_RIGHT_OF_WAY_103,NO_IMPROPER_ACTION
2482591,2,OTHER_97,-112.08285198412,33.6404097614753,2,FOUR_WAY_INTERSECTION,OTHER_97,PHOENIX,2010-12-02 20:31:00,NO_IMPROPER_ACTION,FAILED_TO_YIELD_RIGHT_OF_WAY_103
2482631,2,ANGLE_FRONT_TO_SIDE,-111.841746521996,33.3401554031831,2,NOT_REPORTED_255,ANGLE_FRONT_TO_SIDE,CHANDLER,2010-12-08 18:52:00,DROVE_RODE_IN_OPPOSING_TRAFFIC_LANE,NO_IMPROPER_ACTION
2482695,2,OTHER_97,-112.047473382354,33.4983804986061,2,FOUR_WAY_INTERSECTION,OTHER_97,PHOENIX,2010-12-04 07:38:00,UNKNOWN_99,NO_IMPROPER_ACTION
2482766,2,ANGLE_FRONT_TO_SIDE,-111.926210145002,33.5967044153425,1,UNKNOWN_99,ANGLE_FRONT_TO_SIDE,PHOENIX,2010-12-03 11:21:00,UNKNOWN_99,UNKNOWN_99
2482817,2,OTHER_97,-112.345887275352,33.4921695773531,2,FOUR_WAY_INTERSECTION,OTHER_97,AVONDALE,2010-12-11 23:09:00,NO_IMPROPER_ACTION,DISREGARDED_TRAFFIC_SIGNAL
2482829,2,LEFT_TURN,-111.980058828016,33.3254775890367,2,FOUR_WAY_INTERSECTION,LEFT_TURN,PHOENIX,2010-12-01 14:21:00,OTHER_97,NO_IMPROPER_ACTION
2482913,2,ANGLE_FRONT_TO_SIDE,-111.980288292175,33.3254880418515,2,T_INTERSECTION,ANGLE_FRONT_TO_SIDE,PHOENIX,2010-12-07 17:06:00,OTHER_97,NO_IMPROPER_ACTION
2482914,2,ANGLE_FRONT_TO_SIDE,-112.073709884149,33.5255115451575,3,T_INTERSECTION,ANGLE_FRONT_TO_SIDE,PHOENIX,2010-12-01 11:01:00,UNKNOWN_99,NO_IMPROPER_ACTION
2482985,2,ANGLE_FRONT_TO_SIDE,-112.106292821341,33.5097150645949,2,FOUR_WAY_INTERSECTION,ANGLE_FRONT_TO_SIDE,PHOENIX,2010-12-05 13:23:00,FAILED_TO_KEEP_IN_PROPER_LANE,NO_IMPROPER_ACTION
2483126,2,OTHER_97,-112.078981504846,33.4875471788009,3,LEGACY_INTERSECTION_RELATED_PRIOR_2009_98,OTHER_97,PHOENIX,2010-10-29 15:06:00,OTHER_97,NO_IMPROPER_ACTION
2483144,2,OTHER_97,-112.04907312982,33.4946770994252,4,NOT_AT_INTERSECTION_0,OTHER_97,PHOENIX,2010-12-09 15:03:00,FAILED_TO_YIELD_RIGHT_OF_WAY_103,NOT_APPLICABLE_MINUS_1+NO_IMPROPER_ACTION
2483145,2,OTHER_97,-112.067577810769,33.465734296736,3,UNKNOWN_99,OTHER_97,PHOENIX,2010-12-13 14:19:00,OTHER_97,DISREGARDED_TRAFFIC_SIGNAL
2483148,2,OTHER_97,-112.10438634872,33.4806601736167,1,NOT_AT_INTERSECTION_0,OTHER_97,PHOENIX,2010-12-14 15:02:00,FAILED_TO_YIELD_RIGHT_OF_WAY_103,NO_IMPROPER_ACTION
2483149,2,OTHER_97,-112.099901668974,33.494853395265,3,LEGACY_INTERSECTION_RELATED_PRIOR_2009_98,OTHER_97,PHOENIX,2010-12-14 20:10:00,INATTENTION_DISTRACTION,INATTENTION_DISTRACTION
2483253,2,LEFT_TURN,-112.114213892967,33.8565545951004,3,FOUR_WAY_INTERSECTION,LEFT_TURN,UNSPECIFIED_999,2010-12-11 12:23:00,NO_IMPROPER_ACTION,NO_IMPROPER_ACTION
2483337,2,ANGLE_FRONT_TO_SIDE,-112.133517696822,33.5094463215217,3,UNKNOWN_99,ANGLE_FRONT_TO_SIDE,PHOENIX,2010-12-10 15:50:00,DROVE_RODE_IN_OPPOSING_TRAFFIC_LANE,NO_IMPROPER_ACTION
2483379,2,SIDESWIPE_SAME_DIRECTION,-112.122308180258,33.5838878802839,2,FOUR_WAY_INTERSECTION,SIDESWIPE_SAME_DIRECTION,PHOENIX,2010-12-10 13:43:00,NO_IMPROPER_ACTION,INATTENTION_DISTRACTION
2483503,2,ANGLE_FRONT_TO_SIDE,-112.182125631721,33.4805312434864,4,UNKNOWN_99,ANGLE_FRONT_TO_SIDE,PHOENIX,2010-12-14 18:54:00,DID_NOT_USE_CROSSWALK,NOT_APPLICABLE_MINUS_1+NOT_APPLICABLE_MINUS_1+NO_IMPROPER_ACTION
2483723,2,ANGLE_FRONT_TO_SIDE,-112.151452578957,33.5311930778816,2,FOUR_WAY_INTERSECTION,ANGLE_FRONT_TO_SIDE,PHOENIX,2010-12-19 17:07:00,DISREGARDED_TRAFFIC_SIGNAL,NOT_APPLICABLE_MINUS_1+NO_IMPROPER_ACTION
2483890,2,SIDESWIPE_SAME_DIRECTION,-111.960558806702,33.6078060720031,2,FOUR_WAY_INTERSECTION,SIDESWIPE_SAME_DIRECTION,PHOENIX,2010-12-19 15:13:00,FAILED_TO_KEEP_IN_PROPER_LANE,NO_IMPROPER_ACTION
2483943,2,OTHER_97,-112.099758682294,33.5068675091066,3,LEGACY_INTERSECTION_RELATED_PRIOR_2009_98,OTHER_97,PHOENIX,2010-12-16 08:32:00,FAILED_TO_YIELD_RIGHT_OF_WAY_103,NO_IMPROPER_ACTION
2483944,2,OTHER_97,-112.079062829458,33.4840217418421,2,LEGACY_INTERSECTION_RELATED_PRIOR_2009_98,OTHER_97,PHOENIX,2010-12-16 11:46:00,OTHER_97,NO_IMPROPER_ACTION
2484143,2,OTHER_97,-110.896596749993,32.2214925502033,3,NOT_AT_INTERSECTION_0,OTHER_97,TUCSON,2010-12-21 12:35:00,OTHER_97,NO_IMPROPER_ACTION
2484427,2,OTHER_97,-112.186193456138,33.542222682833,3,FOUR_WAY_INTERSECTION,OTHER_97,GLENDALE,2010-12-03 17:46:00,OTHER_97,NO_IMPROPER_ACTION
2484565,2,ANGLE_FRONT_TO_SIDE,-112.030310211031,33.4833655922327,2,T_INTERSECTION,ANGLE_FRONT_TO_SIDE,PHOENIX,2010-12-18 15:24:00,DROVE_RODE_IN_OPPOSING_TRAFFIC_LANE,NO_IMPROPER_ACTION
2484641,2,SIDESWIPE_SAME_DIRECTION,-112.013733442922,33.4804816702406,3,UNKNOWN_99,SIDESWIPE_SAME_DIRECTION,PHOENIX,2010-12-24 13:47:00,OTHER_97,NO_IMPROPER_ACTION
2484694,2,ANGLE_FRONT_TO_SIDE,-111.995589964828,33.465717887597,2,FOUR_WAY_INTERSECTION,ANGLE_FRONT_TO_SIDE,PHOENIX,2010-12-26 19:54:00,NO_IMPROPER_ACTION,INATTENTION_DISTRACTION+NOT_APPLICABLE_MINUS_1
2484804,2,ANGLE_FRONT_TO_SIDE,-112.047533612497,33.4774955620132,2,FOUR_WAY_INTERSECTION,ANGLE_FRONT_TO_SIDE,PHOENIX,2010-12-28 08:24:00,DROVE_RODE_IN_OPPOSING_TRAFFIC_LANE,NO_IMPROPER_ACTION+NOT_APPLICABLE_MINUS_1
2484815,2,ANGLE_FRONT_TO_SIDE,-112.030868051405,33.6544604065171,1,UNKNOWN_99,ANGLE_FRONT_TO_SIDE,PHOENIX,2010-12-26 14:42:00,NO_IMPROPER_ACTION,NOT_APPLICABLE_MINUS_1+FAILED_TO_YIELD_RIGHT_OF_WAY_103
2484846,2,OTHER_97,-112.116977645238,33.5531218807322,2,FOUR_WAY_INTERSECTION,OTHER_97,PHOENIX,2010-12-23 19:35:00,UNKNOWN_99,INATTENTION_DISTRACTION
2484847,2,SIDESWIPE_OPPOSITE_DIRECTION,-111.598038560508,33.385828789439,1,FOUR_WAY_INTERSECTION,SIDESWIPE_OPPOSITE_DIRECTION,UNSPECIFIED_999,2010-12-09 10:43:00,FAILED_TO_YIELD_RIGHT_OF_WAY_103,NO_IMPROPER_ACTION
2484993,2,LEFT_TURN,-112.066198887169,33.3995846629624,1,T_INTERSECTION,LEFT_TURN,PHOENIX,2010-12-01 05:58:00,OTHER_97,NO_IMPROPER_ACTION
2485058,2,LEFT_TURN,-112.203090970537,33.5347039798046,2,FOUR_WAY_INTERSECTION,LEFT_TURN,GLENDALE,2010-12-24 14:02:00,NO_IMPROPER_ACTION,FAILED_TO_YIELD_RIGHT_OF_WAY_103
2485392,2,OTHER_97,-112.086876345691,33.5057530040444,2,LEGACY_INTERSECTION_RELATED_PRIOR_2009_98,OTHER_97,PHOENIX,2010-10-28 08:37:00,NO_IMPROPER_ACTION,FAILED_TO_YIELD_RIGHT_OF_WAY_103
2485393,2,OTHER_97,-112.133997238629,33.6107543411796,3,LEGACY_INTERSECTION_RELATED_PRIOR_2009_98,OTHER_97,PHOENIX,2010-12-06 07:49:00,NO_IMPROPER_ACTION,FAILED_TO_YIELD_RIGHT_OF_WAY_103
2485395,2,OTHER_97,-112.09947997476,33.5820743163932,1,LEGACY_INTERSECTION_RELATED_PRIOR_2009_98,OTHER_97,PHOENIX,2010-12-10 15:44:00,FAILED_TO_YIELD_RIGHT_OF_WAY_103,NO_IMPROPER_ACTION
2485568,2,ANGLE_FRONT_TO_SIDE,-111.701739716999,33.4335769662426,3,T_INTERSECTION,ANGLE_FRONT_TO_SIDE,MESA,2010-12-25 16:22:00,FAILED_TO_YIELD_RIGHT_OF_WAY_103,NO_IMPROPER_ACTION
2486010,2,ANGLE_FRONT_TO_SIDE,-112.073813097798,33.4482410804499,2,FOUR_WAY_INTERSECTION,ANGLE_FRONT_TO_SIDE,GLENDALE,2010-12-13 17:39:00,NO_IMPROPER_ACTION,INATTENTION_DISTRACTION
2486307,2,REAR_END,-112.255021894444,33.5225443735276,1,UNKNOWN_99,REAR_END,GLENDALE,2010-12-09 07:53:00,NO_IMPROPER_ACTION,SPEED_TOO_FAST_FOR_CONDITIONS+NOT_APPLICABLE_MINUS_1
2486308,2,ANGLE_FRONT_TO_SIDE,-112.186141469815,33.5783250068946,2,FOUR_WAY_INTERSECTION,ANGLE_FRONT_TO_SIDE,GLENDALE,2010-12-31 14:51:00,WALKED_ON_WRONG_SIDE_OF_ROAD,INATTENTION_DISTRACTION
2486340,2,LEFT_TURN,-112.168629323093,33.531334676221,2,FOUR_WAY_INTERSECTION,LEFT_TURN,GLENDALE,2010-12-11 16:20:00,NO_IMPROPER_ACTION,FAILED_TO_YIELD_RIGHT_OF_WAY_103
2488423,2,ANGLE_FRONT_TO_SIDE,-112.111529118513,33.8637481558691,3,T_INTERSECTION,ANGLE_FRONT_TO_SIDE,UNSPECIFIED_999,2010-12-27 17:42:00,NO_IMPROPER_ACTION,NOT_APPLICABLE_MINUS_1+NOT_APPLICABLE_MINUS_1+FAILED_TO_YIELD_RIGHT_OF_WAY_103
2488813,2,ANGLE_FRONT_TO_SIDE,-112.112883497305,33.5094492857232,3,FOUR_WAY_INTERSECTION,ANGLE_FRONT_TO_SIDE,PHOENIX,2010-12-03 16:08:00,OTHER_97,NOT_APPLICABLE_MINUS_1+NOT_APPLICABLE_MINUS_1+NOT_APPLICABLE_MINUS_1+NO_IMPROPER_ACTION
2489105,2,LEFT_TURN,-112.203056952417,33.5383208678362,2,FOUR_WAY_INTERSECTION,LEFT_TURN,GLENDALE,2010-12-20 12:37:00,DROVE_RODE_IN_OPPOSING_TRAFFIC_LANE,NOT_APPLICABLE_MINUS_1+NO_IMPROPER_ACTION
2535605,2,OTHER_97,-112.141496243966,33.4476858306601,5,NOT_AT_INTERSECTION_0,OTHER_97,PHOENIX,2010-12-23 15:04:00,MADE_IMPROPER_TURN,NO_IMPROPER_ACTION
2415774,3,REAR_END,-111.926312028329,33.4354383481449,2,FOUR_WAY_INTERSECTION,REAR_END,TEMPE,2011-02-16 12:06:00,NO_IMPROPER_ACTION,NOT_APPLICABLE_MINUS_1+NOT_APPLICABLE_MINUS_1+SPEED_TOO_FAST_FOR_CONDITIONS+NO_IMPROPER_ACTION
2417329,2,OTHER_97,-111.563711562209,33.3859007466002,2,FOUR_WAY_INTERSECTION,OTHER_97,UNSPECIFIED_999,2011-02-15 13:24:00,OTHER_97,NOT_APPLICABLE_MINUS_1+FAILED_TO_YIELD_RIGHT_OF_WAY_103
2428724,2,HEAD_ON,-112.099581700487,33.5383275610387,3,FOUR_WAY_INTERSECTION,HEAD_ON,PHOENIX,2011-01-24 21:49:00,INATTENTION_DISTRACTION,NO_IMPROPER_ACTION+NOT_APPLICABLE_MINUS_1
2434137,2,SIDESWIPE_SAME_DIRECTION,-111.842084762784,33.3700304051166,3,FOUR_WAY_INTERSECTION,SIDESWIPE_SAME_DIRECTION,GILBERT,2011-03-24 16:09:00,FAILED_TO_KEEP_IN_PROPER_LANE,MADE_IMPROPER_TURN
2438572,2,OTHER_97,-111.996487088878,33.0249472361535,5,FOUR_WAY_INTERSECTION,OTHER_97,MARICOPA,2011-03-08 13:22:00,RAN_STOP_SIGN,NOT_APPLICABLE_MINUS_1+NOT_APPLICABLE_MINUS_1+NO_IMPROPER_ACTION
2439638,2,ANGLE_FRONT_TO_SIDE,-111.859001440686,33.3428542314237,3,T_INTERSECTION,ANGLE_FRONT_TO_SIDE,CHANDLER,2011-01-19 16:00:00,UNSAFE_LANE_CHANGE,NO_IMPROPER_ACTION
2439723,2,SIDESWIPE_SAME_DIRECTION,-112.073813097798,33.4482410804499,2,NOT_AT_INTERSECTION_0,SIDESWIPE_SAME_DIRECTION,UNSPECIFIED_999,2011-01-03 06:16:00,UNKNOWN_99,OTHER_UNSAFE_PASSING
2443082,2,ANGLE_FRONT_TO_SIDE,-112.065199848566,33.5382755402635,3,FOUR_WAY_INTERSECTION,ANGLE_FRONT_TO_SIDE,PHOENIX,2011-03-03 17:10:00,FAILED_TO_YIELD_RIGHT_OF_WAY_103,NO_IMPROPER_ACTION+NOT_APPLICABLE_MINUS_1+NOT_APPLICABLE_MINUS_1+NOT_APPLICABLE_MINUS_1+NOT_APPLICABLE_MINUS_1+NOT_APPLICABLE_MINUS_1
2447514,2,ANGLE_FRONT_TO_SIDE,-111.840293487083,33.3855073877939,2,FOUR_WAY_INTERSECTION,ANGLE_FRONT_TO_SIDE,MESA,2011-04-17 07:51:00,FAILED_TO_YIELD_RIGHT_OF_WAY_103,OTHER_97
2447543,2,ANGLE_FRONT_TO_SIDE,-112.114963435619,33.6109201734651,3,FOUR_WAY_INTERSECTION,ANGLE_FRONT_TO_SIDE,PHOENIX,2011-04-12 17:09:00,DISREGARDED_TRAFFIC_SIGNAL,NOT_APPLICABLE_MINUS_1+NO_IMPROPER_ACTION+NOT_APPLICABLE_MINUS_1+NOT_APPLICABLE_MINUS_1
2448655,2,SIDESWIPE_SAME_DIRECTION,-111.97781229024,33.6257150271193,3,NOT_AT_INTERSECTION_0,SIDESWIPE_SAME_DIRECTION,PHOENIX,2011-03-16 10:49:00,NO_IMPROPER_ACTION,FAILED_TO_KEEP_IN_PROPER_LANE
2449529,2,OTHER_97,-112.07150379426,33.4513934391329,4,NOT_AT_INTERSECTION_0,OTHER_97,PHOENIX,2011-03-18 10:01:00,INATTENTION_DISTRACTION,NO_IMPROPER_ACTION
2452732,2,OTHER_97,-112.006768211298,33.6263321087417,4,FOUR_WAY_INTERSECTION,OTHER_97,PHOENIX,2011-04-24 00:19:00,DISREGARDED_TRAFFIC_SIGNAL,NO_IMPROPER_ACTION
2453091,2,ANGLE_FRONT_TO_SIDE,-112.332183923457,33.4890181439311,4,T_INTERSECTION,ANGLE_FRONT_TO_SIDE,AVONDALE,2011-04-15 15:33:00,INATTENTION_DISTRACTION,NO_IMPROPER_ACTION
2453912,2,OTHER_97,-112.056310769091,33.499848122025,5,NOT_REPORTED_255,OTHER_97,PHOENIX,2011-01-07 15:12:00,OTHER_97,NO_IMPROPER_ACTION
2467262,2,HEAD_ON,-111.945950752827,33.3737730589554,4,NOT_AT_INTERSECTION_0,HEAD_ON,TEMPE,2011-03-28 19:10:00,DROVE_RODE_IN_OPPOSING_TRAFFIC_LANE,NOT_APPLICABLE_MINUS_1+NO_IMPROPER_ACTION+NOT_APPLICABLE_MINUS_1+NOT_APPLICABLE_MINUS_1
2481141,2,ANGLE_FRONT_TO_SIDE,-112.113982390377,33.6402478114967,3,INTERSECTION_AS_PART_OF_INTERCHANGE,ANGLE_FRONT_TO_SIDE,PHOENIX,2011-06-08 10:50:00,DISREGARDED_TRAFFIC_SIGNAL,NO_IMPROPER_ACTION
2481499,2,ANGLE_FRONT_TO_SIDE,-111.874613387951,33.3930549555705,3,FOUR_WAY_INTERSECTION,ANGLE_FRONT_TO_SIDE,MESA,2011-01-28 11:40:00,NO_IMPROPER_ACTION,OTHER_97
2481590,2,ANGLE_FRONT_TO_SIDE,-111.787785124551,33.4428285080815,4,NOT_AT_INTERSECTION_0,ANGLE_FRONT_TO_SIDE,MESA,2011-01-28 16:05:00,UNSAFE_LANE_CHANGE,NOT_APPLICABLE_MINUS_1+NO_IMPROPER_ACTION
2482105,2,ANGLE_FRONT_TO_SIDE,-112.232983171482,33.6530499663204,2,FOUR_WAY_INTERSECTION,ANGLE_FRONT_TO_SIDE,GLENDALE,2011-05-17 15:21:00,DISREGARDED_TRAFFIC_SIGNAL,NO_IMPROPER_ACTION
2482431,2,OTHER_97,-111.789786064613,33.422620059243,3,UNKNOWN_99,OTHER_97,MESA,2011-02-16 15:32:00,OTHER_97,NO_IMPROPER_ACTION+NOT_APPLICABLE_MINUS_1
2484240,2,OTHER_97,-111.344828166677,33.5395116297013,2,NOT_AT_INTERSECTION_0,OTHER_97,UNSPECIFIED_999,2011-06-04 08:33:00,INATTENTION_DISTRACTION,INATTENTION_DISTRACTION
2484265,2,OTHER_97,-112.340948451364,33.458502556636,2,INTERSECTION_AS_PART_OF_INTERCHANGE,OTHER_97,AVONDALE,2011-06-09 12:10:00,NO_IMPROPER_ACTION,INATTENTION_DISTRACTION
2485399,2,OTHER_97,-112.012427834456,33.4657440915895,2,LEGACY_INTERSECTION_RELATED_PRIOR_2009_98,OTHER_97,PHOENIX,2011-01-03 10:40:00,FAILED_TO_YIELD_RIGHT_OF_WAY_103,NO_IMPROPER_ACTION
2485400,2,OTHER_97,-112.069393237635,33.5091282359652,3,LEGACY_INTERSECTION_RELATED_PRIOR_2009_98,OTHER_97,PHOENIX,2011-01-03 14:12:00,NO_IMPROPER_ACTION,NOT_APPLICABLE_MINUS_1+SPEED_TOO_FAST_FOR_CONDITIONS
2485470,2,ANGLE_FRONT_TO_SIDE,-111.773107974778,33.3536986600736,3,T_INTERSECTION,ANGLE_FRONT_TO_SIDE,GILBERT,2011-01-02 13:41:00,NO_IMPROPER_ACTION,NO_IMPROPER_ACTION+NOT_APPLICABLE_MINUS_1
2485536,2,ANGLE_FRONT_TO_SIDE,-111.839895036554,33.4351988251155,2,FOUR_WAY_INTERSECTION,ANGLE_FRONT_TO_SIDE,MESA,2011-01-06 18:00:00,WALKED_ON_WRONG_SIDE_OF_ROAD,INATTENTION_DISTRACTION
2485544,2,SIDESWIPE_SAME_DIRECTION,-111.8066050964,33.3789248300334,4,T_INTERSECTION,SIDESWIPE_SAME_DIRECTION,GILBERT,2011-01-01 17:53:00,NO_IMPROPER_ACTION,FAILED_TO_YIELD_RIGHT_OF_WAY_103
2485666,2,SIDESWIPE_SAME_DIRECTION,-111.899505776521,33.5239018601391,3,INTERSECTION_AS_PART_OF_INTERCHANGE,SIDESWIPE_SAME_DIRECTION,SCOTTSDALE,2011-01-09 11:26:00,OTHER_UNSAFE_PASSING,NO_IMPROPER_ACTION
2485768,2,ANGLE_FRONT_TO_SIDE,-111.835711089622,33.422336421502,2,T_INTERSECTION,ANGLE_FRONT_TO_SIDE,MESA,2011-01-19 16:17:00,NO_IMPROPER_ACTION,FAILED_TO_YIELD_RIGHT_OF_WAY_103
2485798,2,ANGLE_FRONT_TO_SIDE,-111.84202963619,33.4268422594777,2,T_INTERSECTION,ANGLE_FRONT_TO_SIDE,MESA,2011-01-23 16:21:00,FAILED_TO_YIELD_RIGHT_OF_WAY_103,NO_IMPROPER_ACTION
2485836,2,LEFT_TURN,-111.684115002952,33.4516625039083,2,FOUR_WAY_INTERSECTION,LEFT_TURN,MESA,2011-01-18 07:35:00,OTHER_97,NO_IMPROPER_ACTION
2485846,2,OTHER_97,-111.814693902441,33.4514871390289,5,NOT_AT_INTERSECTION_0,OTHER_97,MESA,2011-05-18 18:59:00,FAILED_TO_YIELD_RIGHT_OF_WAY_103,NO_IMPROPER_ACTION+NOT_APPLICABLE_MINUS_1
2485868,2,ANGLE_FRONT_TO_SIDE,-111.766118627324,33.4008457304683,3,UNKNOWN_99,ANGLE_FRONT_TO_SIDE,MESA,2011-01-15 17:29:00,DROVE_RODE_IN_OPPOSING_TRAFFIC_LANE,NO_IMPROPER_ACTION
2485904,2,REAR_END,-111.822475207649,33.4430291862177,3,UNKNOWN_99,REAR_END,MESA,2011-01-26 13:56:00,NO_IMPROPER_ACTION,OTHER_UNSAFE_PASSING+NOT_APPLICABLE_MINUS_1+NOT_APPLICABLE_MINUS_1
2485927,2,ANGLE_FRONT_TO_SIDE,-111.736399019272,33.4154927891998,3,FOUR_WAY_INTERSECTION,ANGLE_FRONT_TO_SIDE,MESA,2011-01-14 11:07:00,FAILED_TO_YIELD_RIGHT_OF_WAY_103,NO_IMPROPER_ACTION
2485934,2,ANGLE_FRONT_TO_SIDE,-111.66751775536,33.3934001431467,3,FOUR_WAY_INTERSECTION,ANGLE_FRONT_TO_SIDE,MESA,2011-01-22 16:51:00,NO_IMPROPER_ACTION,UNKNOWN_99
2486027,2,ANGLE_FRONT_TO_SIDE,-111.788327185406,33.3935811316078,1,FOUR_WAY_INTERSECTION,ANGLE_FRONT_TO_SIDE,MESA,2011-01-23 11:00:00,FAILED_TO_YIELD_RIGHT_OF_WAY_103,NO_IMPROPER_ACTION