IncidentID,num_vehicles_involved,eCollisionManner,Longitude,Latitude,InjurySeverity,eIntersectionType,eCollisionManner,city_name,IncidentDateTime,cyclist_citations,driver_citations
2486045,2,SIDESWIPE_SAME_DIRECTION,-111.788068661294,33.4267238465503,1,FOUR_WAY_INTERSECTION,SIDESWIPE_SAME_DIRECTION,MESA,2011-01-24 07:36:00,UNKNOWN_99,UNKNOWN_99+NOT_APPLICABLE_MINUS_1
2486153,2,SIDESWIPE_SAME_DIRECTION,-111.871561757485,33.5970790323978,3,NOT_AT_INTERSECTION_0,SIDESWIPE_SAME_DIRECTION,SCOTTSDALE,2011-01-15 10:46:00,MADE_IMPROPER_TURN,NO_IMPROPER_ACTION
2486170,2,ANGLE_FRONT_TO_SIDE,-111.926195327354,33.4722265174154,2,NOT_AT_INTERSECTION_0,ANGLE_FRONT_TO_SIDE,SCOTTSDALE,2011-01-17 20:00:00,OTHER_97,NO_IMPROPER_ACTION
2486197,2,ANGLE_FRONT_TO_SIDE,-112.073813097798,33.4482410804499,2,NOT_AT_INTERSECTION_0,ANGLE_FRONT_TO_SIDE,SCOTTSDALE,2011-01-18 12:21:00,NO_IMPROPER_ACTION,FAILED_TO_YIELD_RIGHT_OF_WAY_103
2486267,2,OTHER_97,-111.960146886016,33.6258917224762,3,LEGACY_INTERSECTION_RELATED_PRIOR_2009_98,OTHER_97,PHOENIX,2011-01-06 07:00:00,NO_IMPROPER_ACTION,FAILED_TO_YIELD_RIGHT_OF_WAY_103
2486354,2,ANGLE_FRONT_TO_SIDE,-111.736399019272,33.4154927891998,3,FOUR_WAY_INTERSECTION,ANGLE_FRONT_TO_SIDE,MESA,2011-01-19 19:45:00,DROVE_RODE_IN_OPPOSING_TRAFFIC_LANE,UNKNOWN_99
2486483,2,ANGLE_FRONT_TO_SIDE,-111.928613791632,33.3054387459964,4,FOUR_WAY_INTERSECTION,ANGLE_FRONT_TO_SIDE,CHANDLER,2011-01-27 08:39:00,DROVE_RODE_IN_OPPOSING_TRAFFIC_LANE,NO_IMPROPER_ACTION+NOT_APPLICABLE_MINUS_1
2486524,2,ANGLE_FRONT_TO_SIDE,-112.22413545458,33.584919811785,3,UNKNOWN_99,ANGLE_FRONT_TO_SIDE,PEORIA,2011-01-07 16:11:00,FAILED_TO_YIELD_RIGHT_OF_WAY_103,NOT_APPLICABLE_MINUS_1+NO_IMPROPER_ACTION+NOT_APPLICABLE_MINUS_1
2486612,2,OTHER_97,-112.256996293723,33.5807754307417,2,UNKNOWN_99,OTHER_97,PEORIA,2011-01-02 17:15:00,OTHER_97,NO_IMPROPER_ACTION
2486614,2,ANGLE_FRONT_TO_SIDE,-112.237746715635,33.5986356846843,3,T_INTERSECTION,ANGLE_FRONT_TO_SIDE,PEORIA,2011-01-02 09:44:00,INATTENTION_DISTRACTION,INATTENTION_DISTRACTION
2486734,2,OTHER_97,-111.652903575234,35.1945287248546,1,FOUR_WAY_INTERSECTION,OTHER_97,FLAGSTAFF,2011-01-19 16:58:00,NO_IMPROPER_ACTION,UNKNOWN_99
2486898,2,ANGLE_FRONT_TO_SIDE,-111.97420123878,33.378206590154,4,T_INTERSECTION,ANGLE_FRONT_TO_SIDE,TEMPE,2011-01-05 17:51:00,NO_IMPROPER_ACTION,DISREGARDED_TRAFFIC_SIGNAL
2487040,2,ANGLE_FRONT_TO_SIDE,-112.376569655523,33.4934373470469,2,T_INTERSECTION,ANGLE_FRONT_TO_SIDE,GOODYEAR,2011-01-13 15:00:00,OTHER_97,INATTENTION_DISTRACTION+NOT_APPLICABLE_MINUS_1
2487292,2,ANGLE_FRONT_TO_SIDE,-111.649680674886,35.1936221850599,4,FOUR_WAY_INTERSECTION,ANGLE_FRONT_TO_SIDE,FLAGSTAFF,2011-01-07 11:58:00,INATTENTION_DISTRACTION,NO_IMPROPER_ACTION
2487303,2,ANGLE_FRONT_TO_SIDE,-110.977835827608,31.9674566680913,2,T_INTERSECTION,ANGLE_FRONT_TO_SIDE,SAHUARITA,2011-01-08 15:21:00,OTHER_97,NO_IMPROPER_ACTION
2487531,2,OTHER_97,-110.978175035197,32.3124994624697,3,UNKNOWN_99,OTHER_97,UNSPECIFIED_999,2011-01-05 15:24:00,NO_IMPROPER_ACTION,INATTENTION_DISTRACTION
2487546,2,LEFT_TURN,-111.773329202386,33.3645854238161,3,FOUR_WAY_INTERSECTION,LEFT_TURN,GILBERT,2011-01-19 08:10:00,NO_IMPROPER_ACTION,INATTENTION_DISTRACTION
2487650,2,ANGLE_FRONT_TO_SIDE,-111.934920842686,33.4135363774999,2,FOUR_WAY_INTERSECTION,ANGLE_FRONT_TO_SIDE,TEMPE,2011-01-18 08:51:00,NO_IMPROPER_ACTION,OTHER_97
2487693,2,ANGLE_FRONT_TO_SIDE,-111.926277417489,33.4062545606329,1,UNKNOWN_99,ANGLE_FRONT_TO_SIDE,TEMPE,2011-01-14 16:20:00,NO_IMPROPER_ACTION,INATTENTION_DISTRACTION
2487713,2,LEFT_TURN,-111.071691973311,32.3658162583298,4,T_INTERSECTION,LEFT_TURN,UNSPECIFIED_999,2011-01-08 09:24:00,UNKNOWN_99,UNKNOWN_99
2487730,2,ANGLE_FRONT_TO_SIDE,-111.910022796612,33.421981174308,1,UNKNOWN_99,ANGLE_FRONT_TO_SIDE,TEMPE,2011-01-07 15:30:00,INATTENTION_DISTRACTION,NO_IMPROPER_ACTION+NOT_APPLICABLE_MINUS_1
2487781,2,LEFT_TURN,-111.051576097964,32.3807923603344,2,T_INTERSECTION,LEFT_TURN,UNSPECIFIED_999,2011-01-14 15:15:00,UNKNOWN_99,UNKNOWN_99
2487794,2,ANGLE_FRONT_TO_SIDE,-111.926473011453,33.3929561947088,3,FOUR_WAY_INTERSECTION,ANGLE_FRONT_TO_SIDE,TEMPE,2011-01-19 11:47:00,DROVE_RODE_IN_OPPOSING_TRAFFIC_LANE,NO_IMPROPER_ACTION+NOT_APPLICABLE_MINUS_1
2487891,2,ANGLE_FRONT_TO_SIDE,-111.927003664497,33.4147553241129,3,T_INTERSECTION,ANGLE_FRONT_TO_SIDE,TEMPE,2011-01-14 01:58:00,DROVE_RODE_IN_OPPOSING_TRAFFIC_LANE,NO_IMPROPER_ACTION
2487977,2,ANGLE_FRONT_TO_SIDE,-111.789588883516,33.3506026509264,3,T_INTERSECTION,ANGLE_FRONT_TO_SIDE,GILBERT,2011-01-19 17:17:00,OTHER_97,NO_IMPROPER_ACTION
2487992,2,LEFT_TURN,-112.294203004699,33.6817133173209,3,T_INTERSECTION,LEFT_TURN,UNSPECIFIED_999,2011-01-23 16:20:00,RAN_STOP_SIGN,INATTENTION_DISTRACTION
2488004,2,ANGLE_FRONT_TO_SIDE,-111.721777335414,33.3648615052418,1,FOUR_WAY_INTERSECTION,ANGLE_FRONT_TO_SIDE,GILBERT,2011-01-21 11:00:00,DISREGARDED_TRAFFIC_SIGNAL,NO_IMPROPER_ACTION+NOT_APPLICABLE_MINUS_1
2488098,2,ANGLE_FRONT_TO_SIDE,-111.922602029425,33.407397692832,3,T_INTERSECTION,ANGLE_FRONT_TO_SIDE,TEMPE,2011-01-19 16:59:00,DROVE_RODE_IN_OPPOSING_TRAFFIC_LANE,NO_IMPROPER_ACTION+NOT_APPLICABLE_MINUS_1
2488125,2,ANGLE_FRONT_TO_SIDE,-112.33932329277,34.5888810449982,2,FOUR_WAY_INTERSECTION,ANGLE_FRONT_TO_SIDE,PRESCOTT VALLEY,2011-01-19 22:07:00,UNKNOWN_99,UNKNOWN_99
2488132,2,HEAD_ON,-111.954516701975,33.3636894533855,1,FOUR_WAY_INTERSECTION,HEAD_ON,TEMPE,2011-01-23 12:00:00,UNKNOWN_99,UNKNOWN_99
2488248,2,ANGLE_FRONT_TO_SIDE,-112.340940129895,33.4880430461017,2,T_INTERSECTION,ANGLE_FRONT_TO_SIDE,AVONDALE,2011-01-24 15:23:00,NO_IMPROPER_ACTION,NOT_APPLICABLE_MINUS_1+RAN_STOP_SIGN
2488255,2,SIDESWIPE_SAME_DIRECTION,-111.634066237265,33.4223608757582,4,UNKNOWN_99,SIDESWIPE_SAME_DIRECTION,MESA,2011-01-28 12:39:00,UNSAFE_LANE_CHANGE,NO_IMPROPER_ACTION+NOT_APPLICABLE_MINUS_1
2488272,2,UNKNOWN_99,-111.559881522578,33.415346752048,3,UNKNOWN_99,UNKNOWN_99,APACHE JUNCTION,2011-01-10 18:11:00,NO_IMPROPER_ACTION,FAILED_TO_YIELD_RIGHT_OF_WAY_103
2488318,2,ANGLE_FRONT_TO_SIDE,-111.650237094583,35.2129707035608,2,T_INTERSECTION,ANGLE_FRONT_TO_SIDE,FLAGSTAFF,2011-01-27 17:07:00,NO_IMPROPER_ACTION,INATTENTION_DISTRACTION+NOT_APPLICABLE_MINUS_1
2488383,3,UNKNOWN_99,-111.718688873647,32.8984814101787,1,UNKNOWN_99,UNKNOWN_99,CASA GRANDE,2011-01-28 14:49:00,OTHER_97,OTHER_97
2488408,2,ANGLE_FRONT_TO_SIDE,-111.757319554358,32.8961678577869,3,T_INTERSECTION,ANGLE_FRONT_TO_SIDE,CASA GRANDE,2011-01-18 11:59:00,NO_IMPROPER_ACTION,INATTENTION_DISTRACTION
2488417,2,ANGLE_FRONT_TO_SIDE,-111.705259359853,32.879626402122,3,T_INTERSECTION,ANGLE_FRONT_TO_SIDE,CASA GRANDE,2011-01-24 15:12:00,NO_IMPROPER_ACTION,NOT_APPLICABLE_MINUS_1+INATTENTION_DISTRACTION+NOT_APPLICABLE_MINUS_1
2488428,2,LEFT_TURN,-110.823978742852,32.2986729226714,3,UNKNOWN_99,LEFT_TURN,UNSPECIFIED_999,2011-01-15 16:00:00,INATTENTION_DISTRACTION,NO_IMPROPER_ACTION
2488525,2,ANGLE_FRONT_TO_SIDE,-111.759410362294,34.7775017350764,4,T_INTERSECTION,ANGLE_FRONT_TO_SIDE,UNSPECIFIED_999,2011-01-04 10:01:00,NO_IMPROPER_ACTION,MADE_IMPROPER_TURN
2488845,2,LEFT_TURN,-110.96974236835,32.4432343169082,3,T_INTERSECTION,LEFT_TURN,ORO VALLEY,2011-01-29 11:02:00,NO_IMPROPER_ACTION,MADE_IMPROPER_TURN+NOT_APPLICABLE_MINUS_1
2488872,2,ANGLE_FRONT_TO_SIDE,-111.982260723284,33.4105437171734,3,INTERSECTION_AS_PART_OF_INTERCHANGE,ANGLE_FRONT_TO_SIDE,PHOENIX,2011-01-24 12:01:00,FAILED_TO_YIELD_RIGHT_OF_WAY_103,NO_IMPROPER_ACTION
2488888,2,SIDESWIPE_SAME_DIRECTION,-111.684549500203,33.4103825485262,1,FOUR_WAY_INTERSECTION,SIDESWIPE_SAME_DIRECTION,MESA,2011-01-27 15:35:00,NO_IMPROPER_ACTION,NO_IMPROPER_ACTION+NOT_APPLICABLE_MINUS_1+NOT_APPLICABLE_MINUS_1+NOT_APPLICABLE_MINUS_1
2488891,2,ANGLE_FRONT_TO_SIDE,-111.974387681334,33.4135903635428,2,UNKNOWN_99,ANGLE_FRONT_TO_SIDE,TEMPE,2011-01-31 15:57:00,OTHER_97,NO_IMPROPER_ACTION
2489001,2,ANGLE_FRONT_TO_SIDE,-111.719134311067,33.4153868108991,2,UNKNOWN_99,ANGLE_FRONT_TO_SIDE,MESA,2011-01-27 15:38:00,DID_NOT_USE_CROSSWALK,NO_IMPROPER_ACTION
2489022,2,ANGLE_FRONT_TO_SIDE,-111.891994195721,33.407483280685,3,INTERSECTION_AS_PART_OF_INTERCHANGE,ANGLE_FRONT_TO_SIDE,TEMPE,2011-01-28 07:18:00,NO_IMPROPER_ACTION,INATTENTION_DISTRACTION
2489600,2,ANGLE_FRONT_TO_SIDE,-111.926577229351,33.3877669309826,3,FOUR_WAY_INTERSECTION,ANGLE_FRONT_TO_SIDE,TEMPE,2011-01-21 13:35:00,DROVE_RODE_IN_OPPOSING_TRAFFIC_LANE,NO_IMPROPER_ACTION
2489611,2,ANGLE_FRONT_TO_SIDE,-112.585720704107,33.3704854587078,2,UNKNOWN_99,ANGLE_FRONT_TO_SIDE,BUCKEYE,2011-01-27 14:30:00,INATTENTION_DISTRACTION,UNKNOWN_99
2489612,2,ANGLE_FRONT_TO_SIDE,-111.938461855463,33.3638138265261,3,T_INTERSECTION,ANGLE_FRONT_TO_SIDE,TEMPE,2011-01-21 15:46:00,NO_IMPROPER_ACTION,OTHER_97
2489683,2,ANGLE_FRONT_TO_SIDE,-111.885210472279,33.3797506560984,3,FOUR_WAY_INTERSECTION,ANGLE_FRONT_TO_SIDE,MESA,2011-01-30 17:26:00,INATTENTION_DISTRACTION,NO_IMPROPER_ACTION
2489752,2,ANGLE_FRONT_TO_SIDE,-111.876906621656,33.3930529672835,3,T_INTERSECTION,ANGLE_FRONT_TO_SIDE,MESA,2011-01-31 08:24:00,NO_IMPROPER_ACTION,INATTENTION_DISTRACTION
2489776,2,ANGLE_FRONT_TO_SIDE,-112.513435508532,33.4958989232811,2,FOUR_WAY_INTERSECTION,ANGLE_FRONT_TO_SIDE,BUCKEYE,2011-01-12 19:42:00,KNOWINGLY_OPERATED_WITH_FAULTY_MISSING_EQUIPMENT,FAILED_TO_YIELD_RIGHT_OF_WAY_103
2489814,2,LEFT_TURN,-111.046905923712,32.373605299554,3,FOUR_WAY_INTERSECTION,LEFT_TURN,UNSPECIFIED_999,2011-01-03 18:04:00,NO_IMPROPER_ACTION,OTHER_97
2489821,2,REAR_END,-111.95184667892,33.3782078982787,1,UNKNOWN_99,REAR_END,TEMPE,2011-01-29 12:51:00,NO_IMPROPER_ACTION,OTHER_97
2489856,2,OTHER_97,-110.887827416079,32.2216328487074,2,T_INTERSECTION,OTHER_97,TUCSON,2011-01-02 00:27:00,INATTENTION_DISTRACTION,INATTENTION_DISTRACTION
2489894,2,OTHER_97,-110.978116034948,32.2276325184777,3,FOUR_WAY_INTERSECTION,OTHER_97,TUCSON,2011-01-09 15:54:00,DISREGARDED_PAVEMENT_MARKINGS,UNKNOWN_99
2489954,2,UNKNOWN_99,-110.964821307861,32.2264555773084,1,FOUR_WAY_INTERSECTION,UNKNOWN_99,TUCSON,2011-01-08 17:24:00,SPEED_TOO_FAST_FOR_CONDITIONS,NO_IMPROPER_ACTION
2490039,2,REAR_END,-111.980969053982,33.243509055817,3,NOT_AT_INTERSECTION_0,REAR_END,UNSPECIFIED_999,2011-01-26 06:37:00,NO_IMPROPER_ACTION,UNKNOWN_99
2490113,2,ANGLE_FRONT_TO_SIDE,-112.181665509091,33.5963718613481,3,FOUR_WAY_INTERSECTION,ANGLE_FRONT_TO_SIDE,GLENDALE,2011-01-07 07:15:00,FAILED_TO_KEEP_IN_PROPER_LANE,FAILED_TO_YIELD_RIGHT_OF_WAY_103
2490121,2,ANGLE_FRONT_TO_SIDE,-112.220481033751,33.5234300857241,1,FOUR_WAY_INTERSECTION,ANGLE_FRONT_TO_SIDE,GLENDALE,2011-01-07 11:43:00,NO_IMPROPER_ACTION,INATTENTION_DISTRACTION
2490148,2,ANGLE_FRONT_TO_SIDE,-112.255023209034,33.5173958901132,2,T_INTERSECTION,ANGLE_FRONT_TO_SIDE,UNSPECIFIED_999,2011-01-22 12:22:00,NO_IMPROPER_ACTION,FAILED_TO_YIELD_RIGHT_OF_WAY_103
2490186,2,ANGLE_FRONT_TO_SIDE,-112.155973080466,33.5675201462294,1,T_INTERSECTION,ANGLE_FRONT_TO_SIDE,GLENDALE,2011-01-24 16:30:00,OTHER_97,FAILED_TO_YIELD_RIGHT_OF_WAY_103
2490335,2,ANGLE_FRONT_TO_SIDE,0,0,2,FOUR_WAY_INTERSECTION,ANGLE_FRONT_TO_SIDE,GLENDALE,2011-01-14 16:51:00,NO_IMPROPER_ACTION,FAILED_TO_YIELD_RIGHT_OF_WAY_103+NOT_APPLICABLE_MINUS_1+NOT_APPLICABLE_MINUS_1
2490517,2,ANGLE_FRONT_TO_SIDE,-111.918216517531,33.4147639293275,4,UNKNOWN_99,ANGLE_FRONT_TO_SIDE,TEMPE,2011-01-29 01:44:00,DROVE_RODE_IN_OPPOSING_TRAFFIC_LANE,NOT_APPLICABLE_MINUS_1+NOT_APPLICABLE_MINUS_1+OTHER_97
2490561,2,ANGLE_FRONT_TO_SIDE,-111.939956174252,33.4203682236571,3,UNKNOWN_99,ANGLE_FRONT_TO_SIDE,TEMPE,2011-01-31 18:49:00,UNKNOWN_99,UNKNOWN_99
2490640,2,OTHER_97,-111.896203416506,33.4147783110117,2,FOUR_WAY_INTERSECTION,OTHER_97,TEMPE,2011-01-21 10:48:00,NO_IMPROPER_ACTION,UNKNOWN_99
2490775,2,ANGLE_FRONT_TO_SIDE,-111.624046502265,33.4078415168143,3,FOUR_WAY_INTERSECTION,ANGLE_FRONT_TO_SIDE,UNSPECIFIED_999,2011-01-12 16:19:00,FAILED_TO_YIELD_RIGHT_OF_WAY_103,NO_IMPROPER_ACTION
2490776,2,ANGLE_FRONT_TO_SIDE,-111.841507117581,33.2988890175959,2,FOUR_WAY_INTERSECTION,ANGLE_FRONT_TO_SIDE,CHANDLER,2011-01-03 11:24:00,DROVE_RODE_IN_OPPOSING_TRAFFIC_LANE,NOT_APPLICABLE_MINUS_1+NOT_APPLICABLE_MINUS_1+NOT_APPLICABLE_MINUS_1+NO_IMPROPER_ACTION
2490804,2,SIDESWIPE_SAME_DIRECTION,-112.073813097798,33.4482410804499,3,T_INTERSECTION,SIDESWIPE_SAME_DIRECTION,CHANDLER,2011-01-04 14:42:00,NO_IMPROPER_ACTION,OTHER_97
2490824,2,OTHER_97,-110.931136287825,32.2503533603217,3,FOUR_WAY_INTERSECTION,OTHER_97,TUCSON,2011-01-20 14:25:00,DISREGARDED_TRAFFIC_SIGNAL,NO_IMPROPER_ACTION
2490837,2,ANGLE_FRONT_TO_SIDE,-111.88328694591,33.2583116437487,3,T_INTERSECTION,ANGLE_FRONT_TO_SIDE,CHANDLER,2011-01-03 06:30:00,NO_IMPROPER_ACTION,OTHER_97
2490900,2,UNKNOWN_99,-111.841409232364,33.3061586132399,2,FOUR_WAY_INTERSECTION,UNKNOWN_99,CHANDLER,2011-01-07 05:58:00,NO_IMPROPER_ACTION,INATTENTION_DISTRACTION
2491007,2,SIDESWIPE_SAME_DIRECTION,-111.943294765551,33.832042062464,3,FOUR_WAY_INTERSECTION,SIDESWIPE_SAME_DIRECTION,CAVECREEK,2011-01-15 10:45:00,NO_IMPROPER_ACTION,NO_IMPROPER_ACTION
2491032,2,ANGLE_FRONT_TO_SIDE,-112.073813097798,33.4482410804499,2,NOT_AT_INTERSECTION_0,ANGLE_FRONT_TO_SIDE,UNSPECIFIED_999,2011-02-17 15:47:00,FAILED_TO_YIELD_RIGHT_OF_WAY_103,INATTENTION_DISTRACTION
2491097,2,OTHER_97,-110.875497758552,32.2367205860298,3,UNKNOWN_99,OTHER_97,TUCSON,2011-01-25 16:45:00,NO_IMPROPER_ACTION,FAILED_TO_YIELD_RIGHT_OF_WAY_103
2491110,2,REAR_END,-112.250747594888,33.5087749562589,1,T_INTERSECTION,REAR_END,PHOENIX,2011-01-31 14:31:00,INATTENTION_DISTRACTION,NO_IMPROPER_ACTION
2491120,2,UNKNOWN_99,-110.849547953222,32.2210352099234,3,T_INTERSECTION,UNKNOWN_99,TUCSON,2011-01-28 17:22:00,NO_IMPROPER_ACTION,FAILED_TO_YIELD_RIGHT_OF_WAY_103+NOT_APPLICABLE_MINUS_1
2491178,2,OTHER_97,-110.840962761564,32.1919441652699,3,FOUR_WAY_INTERSECTION,OTHER_97,TUCSON,2011-01-27 06:56:00,DISREGARDED_TRAFFIC_SIGNAL,NO_IMPROPER_ACTION
2491282,2,UNKNOWN_99,-110.86451210581,32.2289340542798,3,T_INTERSECTION,UNKNOWN_99,TUCSON,2011-01-29 07:47:00,NO_IMPROPER_ACTION,FAILED_TO_YIELD_RIGHT_OF_WAY_103
2491334,2,OTHER_97,-112.006933248692,33.3780300553068,3,NOT_AT_INTERSECTION_0,OTHER_97,PHOENIX,2011-01-07 08:00:00,NO_IMPROPER_ACTION,FAILED_TO_YIELD_RIGHT_OF_WAY_103
2491335,2,OTHER_97,-112.133449874855,33.6252614047356,2,LEGACY_INTERSECTION_RELATED_PRIOR_2009_98,OTHER_97,PHOENIX,2011-01-11 16:45:00,DROVE_RODE_IN_OPPOSING_TRAFFIC_LANE,NOT_APPLICABLE_MINUS_1+NO_IMPROPER_ACTION
2491336,2,OTHER_97,-112.030082888725,33.4875784898366,2,LEGACY_INTERSECTION_RELATED_PRIOR_2009_98,OTHER_97,PHOENIX,2011-01-13 12:00:00,FAILED_TO_YIELD_RIGHT_OF_WAY_103,NO_IMPROPER_ACTION+NOT_APPLICABLE_MINUS_1
2491337,2,OTHER_97,-112.087671880609,33.4948920383752,3,NOT_AT_INTERSECTION_0,OTHER_97,PHOENIX,2011-01-19 18:25:00,FAILED_TO_YIELD_RIGHT_OF_WAY_103,NO_IMPROPER_ACTION+NOT_APPLICABLE_MINUS_1+NOT_APPLICABLE_MINUS_1+NOT_APPLICABLE_MINUS_1+NOT_APPLICABLE_MINUS_1
2491393,2,OTHER_97,-112.215945296864,33.6382657066268,2,FOUR_WAY_INTERSECTION,OTHER_97,GLENDALE,2011-01-20 20:00:00,INATTENTION_DISTRACTION,NO_IMPROPER_ACTION
2491415,2,ANGLE_FRONT_TO_SIDE,-109.794122262862,32.8685461128744,3,FOUR_WAY_INTERSECTION,ANGLE_FRONT_TO_SIDE,UNSPECIFIED_999,2011-01-28 12:24:00,INATTENTION_DISTRACTION,NO_IMPROPER_ACTION+NOT_APPLICABLE_MINUS_1+NOT_APPLICABLE_MINUS_1
2491435,2,ANGLE_FRONT_TO_SIDE,-111.859072046376,33.3350844356245,2,UNKNOWN_99,ANGLE_FRONT_TO_SIDE,CHANDLER,2011-01-17 06:00:00,OTHER_97,OTHER_97
2491450,2,HEAD_ON,-111.928300870539,33.3152562362699,3,FOUR_WAY_INTERSECTION,HEAD_ON,CHANDLER,2011-01-13 17:24:00,NO_IMPROPER_ACTION,INATTENTION_DISTRACTION
2491592,2,ANGLE_FRONT_TO_SIDE,-111.869656846262,33.3522199865621,3,UNKNOWN_99,ANGLE_FRONT_TO_SIDE,CHANDLER,2011-01-11 17:37:00,NO_IMPROPER_ACTION,OTHER_97
2491618,2,ANGLE_FRONT_TO_SIDE,-111.870335558994,33.3351276257989,2,T_INTERSECTION,ANGLE_FRONT_TO_SIDE,CHANDLER,2011-01-11 15:49:00,DROVE_RODE_IN_OPPOSING_TRAFFIC_LANE,NOT_APPLICABLE_MINUS_1+NOT_APPLICABLE_MINUS_1+OTHER_97+NOT_APPLICABLE_MINUS_1
2491762,2,ANGLE_FRONT_TO_SIDE,-112.294239245143,33.5050278210991,2,T_INTERSECTION,ANGLE_FRONT_TO_SIDE,PHOENIX,2011-01-03 15:15:00,RAN_STOP_SIGN,NO_IMPROPER_ACTION
2491840,2,ANGLE_FRONT_TO_SIDE,-112.030201479178,33.4794011501063,3,UNKNOWN_99,ANGLE_FRONT_TO_SIDE,PHOENIX,2011-01-06 16:33:00,NO_IMPROPER_ACTION,OTHER_97
2491884,2,LEFT_TURN,-112.014996754815,33.2943224758349,2,UNKNOWN_99,LEFT_TURN,PHOENIX,2011-01-04 15:24:00,DID_NOT_USE_CROSSWALK,NOT_APPLICABLE_MINUS_1+NO_IMPROPER_ACTION
2491919,2,LEFT_TURN,-111.960327641045,33.6332032798263,3,FOUR_WAY_INTERSECTION,LEFT_TURN,PHOENIX,2011-01-04 16:19:00,NO_IMPROPER_ACTION,MADE_IMPROPER_TURN
2492155,2,REAR_END,-112.228394509784,33.4944862151676,3,FOUR_WAY_INTERSECTION,REAR_END,PHOENIX,2011-01-08 18:30:00,NO_IMPROPER_ACTION,UNKNOWN_99
2492193,2,ANGLE_FRONT_TO_SIDE,-112.103914246818,33.5386313360055,3,FOUR_WAY_INTERSECTION,ANGLE_FRONT_TO_SIDE,PHOENIX,2011-01-08 16:46:00,FAILED_TO_YIELD_RIGHT_OF_WAY_103,UNKNOWN_99+NOT_APPLICABLE_MINUS_1
2492213,2,OTHER_97,-112.083021813477,33.4801353983522,3,FOUR_WAY_INTERSECTION,OTHER_97,PHOENIX,2011-01-08 17:35:00,DROVE_RODE_IN_OPPOSING_TRAFFIC_LANE,UNKNOWN_99
2492240,2,ANGLE_FRONT_TO_SIDE,-112.121120625721,33.5385521560933,2,UNKNOWN_99,ANGLE_FRONT_TO_SIDE,PHOENIX,2011-01-10 18:37:00,DID_NOT_USE_CROSSWALK,NO_IMPROPER_ACTION+NOT_APPLICABLE_MINUS_1
2492269,2,ANGLE_FRONT_TO_SIDE,-111.996041737728,33.6254439499857,2,T_INTERSECTION,ANGLE_FRONT_TO_SIDE,PHOENIX,2011-01-12 16:45:00,NO_IMPROPER_ACTION,FAILED_TO_YIELD_RIGHT_OF_WAY_103
2492607,2,SIDESWIPE_OPPOSITE_DIRECTION,-112.134321834524,33.5375872730444,3,UNKNOWN_99,SIDESWIPE_OPPOSITE_DIRECTION,PHOENIX,2011-01-13 19:30:00,DROVE_RODE_IN_OPPOSING_TRAFFIC_LANE,NO_IMPROPER_ACTION
2492647,2,ANGLE_FRONT_TO_SIDE,-112.037277552718,33.5993249165492,3,UNKNOWN_99,ANGLE_FRONT_TO_SIDE,PHOENIX,2011-01-13 13:57:00,OTHER_97,OTHER_97
2492682,2,OTHER_97,-112.055360463399,33.3922836907949,3,T_INTERSECTION,OTHER_97,PHOENIX,2011-01-10 18:30:00,DROVE_RODE_IN_OPPOSING_TRAFFIC_LANE,NOT_APPLICABLE_MINUS_1+NO_IMPROPER_ACTION+NOT_APPLICABLE_MINUS_1
2492731,2,ANGLE_FRONT_TO_SIDE,-112.049888139452,33.4497014441458,2,UNKNOWN_99,ANGLE_FRONT_TO_SIDE,PHOENIX,2011-01-16 15:14:00,INATTENTION_DISTRACTION,NOT_APPLICABLE_MINUS_1+NO_IMPROPER_ACTION
2492810,2,SIDESWIPE_SAME_DIRECTION,-112.029897955734,33.4657964596452,4,UNKNOWN_99,SIDESWIPE_SAME_DIRECTION,PHOENIX,2011-01-09 22:40:00,UNKNOWN_99,UNKNOWN_99
2492819,2,ANGLE_FRONT_TO_SIDE,-111.980369108835,33.3052771724695,2,FOUR_WAY_INTERSECTION,ANGLE_FRONT_TO_SIDE,PHOENIX,2011-01-14 09:10:00,OTHER_97,NO_IMPROPER_ACTION
2492923,2,ANGLE_FRONT_TO_SIDE,-112.11687757328,33.5085479189733,3,T_INTERSECTION,ANGLE_FRONT_TO_SIDE,PHOENIX,2011-01-22 10:44:00,FAILED_TO_YIELD_RIGHT_OF_WAY_103,NOT_APPLICABLE_MINUS_1+NOT_APPLICABLE_MINUS_1+NOT_APPLICABLE_MINUS_1+NOT_APPLICABLE_MINUS_1+NO_IMPROPER_ACTION
2492949,2,ANGLE_FRONT_TO_SIDE,-112.065794025389,33.6548222667834,3,FOUR_WAY_INTERSECTION,ANGLE_FRONT_TO_SIDE,PHOENIX,2011-01-20 17:17:00,NO_IMPROPER_ACTION,INATTENTION_DISTRACTION
2493047,2,ANGLE_FRONT_TO_SIDE,-112.17566819734,33.4950084996467,3,UNKNOWN_99,ANGLE_FRONT_TO_SIDE,PHOENIX,2011-01-19 13:46:00,DROVE_RODE_IN_OPPOSING_TRAFFIC_LANE,NOT_APPLICABLE_MINUS_1+NO_IMPROPER_ACTION