IncidentID,num_vehicles_involved,eCollisionManner,Longitude,Latitude,InjurySeverity,eIntersectionType,eCollisionManner,city_name,IncidentDateTime,cyclist_citations,driver_citations
2493109,2,ANGLE_FRONT_TO_SIDE,-112.082115615333,33.5712598372963,3,UNKNOWN_99,ANGLE_FRONT_TO_SIDE,PHOENIX,2011-01-20 11:30:00,SPEED_TOO_FAST_FOR_CONDITIONS,OTHER_97
2493314,2,ANGLE_FRONT_TO_SIDE,-112.083610384812,33.4368114819006,1,T_INTERSECTION,ANGLE_FRONT_TO_SIDE,PHOENIX,2011-01-21 17:20:00,INATTENTION_DISTRACTION,NO_IMPROPER_ACTION
2493571,2,ANGLE_FRONT_TO_SIDE,-112.081956912548,33.3923709842951,3,FOUR_WAY_INTERSECTION,ANGLE_FRONT_TO_SIDE,PHOENIX,2011-01-26 18:12:00,OTHER_97,NO_IMPROPER_ACTION+NOT_APPLICABLE_MINUS_1
2493671,2,ANGLE_FRONT_TO_SIDE,-112.082527774866,33.424338555029,3,T_INTERSECTION,ANGLE_FRONT_TO_SIDE,PHOENIX,2011-01-24 16:18:00,OTHER_97,NO_IMPROPER_ACTION
2493786,2,ANGLE_FRONT_TO_SIDE,-111.982747222283,33.3249879400977,2,UNKNOWN_99,ANGLE_FRONT_TO_SIDE,PHOENIX,2011-01-31 17:49:00,INATTENTION_DISTRACTION,NO_IMPROPER_ACTION
2493981,2,LEFT_TURN,-112.073813097798,33.4482410804499,3,T_INTERSECTION,LEFT_TURN,UNSPECIFIED_999,2011-02-04 11:41:00,NO_IMPROPER_ACTION,FAILED_TO_KEEP_IN_PROPER_LANE
2494080,2,ANGLE_FRONT_TO_SIDE,-111.926175239864,33.4773522222173,3,NOT_AT_INTERSECTION_0,ANGLE_FRONT_TO_SIDE,SCOTTSDALE,2011-02-07 12:01:00,INATTENTION_DISTRACTION,INATTENTION_DISTRACTION
2494107,2,ANGLE_FRONT_TO_SIDE,-111.934764821469,33.4828727338238,4,T_INTERSECTION,ANGLE_FRONT_TO_SIDE,SCOTTSDALE,2011-02-15 14:37:00,NO_IMPROPER_ACTION,FAILED_TO_YIELD_RIGHT_OF_WAY_103
2494190,2,REAR_END,-111.891235769961,33.7593790261573,4,T_INTERSECTION,REAR_END,SCOTTSDALE,2011-02-03 16:11:00,NO_IMPROPER_ACTION,SPEED_TOO_FAST_FOR_CONDITIONS
2494217,2,ANGLE_FRONT_TO_SIDE,-111.883019386765,33.5747853752492,2,T_INTERSECTION,ANGLE_FRONT_TO_SIDE,SCOTTSDALE,2011-02-15 14:50:00,NO_IMPROPER_ACTION,FAILED_TO_YIELD_RIGHT_OF_WAY_103
2494274,2,ANGLE_FRONT_TO_SIDE,-111.917467188707,33.5056222916451,2,T_INTERSECTION,ANGLE_FRONT_TO_SIDE,SCOTTSDALE,2011-02-22 06:16:00,NO_IMPROPER_ACTION,RAN_STOP_SIGN
2494293,2,ANGLE_FRONT_TO_SIDE,-111.908997773214,33.4962209043618,3,T_INTERSECTION,ANGLE_FRONT_TO_SIDE,SCOTTSDALE,2011-02-13 14:13:00,DROVE_RODE_IN_OPPOSING_TRAFFIC_LANE,FAILED_TO_YIELD_RIGHT_OF_WAY_103+NOT_APPLICABLE_MINUS_1
2494300,2,ANGLE_FRONT_TO_SIDE,-111.923952222026,33.4949556756355,3,FOUR_WAY_INTERSECTION,ANGLE_FRONT_TO_SIDE,SCOTTSDALE,2011-02-12 16:47:00,NO_IMPROPER_ACTION,FAILED_TO_YIELD_RIGHT_OF_WAY_103
2494321,2,LEFT_TURN,-111.88899009606,33.6985153441715,2,UNKNOWN_99,LEFT_TURN,SCOTTSDALE,2011-02-26 09:53:00,NO_IMPROPER_ACTION,FAILED_TO_YIELD_RIGHT_OF_WAY_103
2494391,2,OTHER_97,-110.986745617203,32.1524370870053,5,NOT_AT_INTERSECTION_0,OTHER_97,TUCSON,2011-06-18 22:08:00,INATTENTION_DISTRACTION,NO_IMPROPER_ACTION
2494519,4,ANGLE_FRONT_TO_SIDE,-111.919663502986,33.4957966634275,4,NOT_AT_INTERSECTION_0,ANGLE_FRONT_TO_SIDE,SCOTTSDALE,2011-02-27 02:25:00,MADE_IMPROPER_TURN+MADE_IMPROPER_TURN+MADE_IMPROPER_TURN,SPEED_TOO_FAST_FOR_CONDITIONS
2494625,2,ANGLE_FRONT_TO_SIDE,-112.033435179074,33.074790793341,3,T_INTERSECTION,ANGLE_FRONT_TO_SIDE,MARICOPA,2011-02-01 07:34:00,FAILED_TO_YIELD_RIGHT_OF_WAY_103,NO_IMPROPER_ACTION
2494682,2,ANGLE_FRONT_TO_SIDE,-112.073813097798,33.4482410804499,3,T_INTERSECTION,ANGLE_FRONT_TO_SIDE,MESA,2011-02-03 15:44:00,DROVE_RODE_IN_OPPOSING_TRAFFIC_LANE,NO_IMPROPER_ACTION
2494727,2,ANGLE_FRONT_TO_SIDE,-111.65308636737,35.1963293127718,2,UNKNOWN_99,ANGLE_FRONT_TO_SIDE,FLAGSTAFF,2011-02-01 15:53:00,OTHER_97,OTHER_97
2494735,2,LEFT_TURN,-110.24879317471,31.5602503510846,3,FOUR_WAY_INTERSECTION,LEFT_TURN,SIERRA VISTA,2011-02-04 07:33:00,NO_IMPROPER_ACTION,INATTENTION_DISTRACTION
2494858,2,ANGLE_FRONT_TO_SIDE,-111.780550419745,33.3210309074409,3,T_INTERSECTION,ANGLE_FRONT_TO_SIDE,GILBERT,2011-02-04 19:35:00,NO_IMPROPER_ACTION,UNKNOWN_99
2494914,2,UNKNOWN_99,-111.839857853975,33.4401953783532,2,T_INTERSECTION,UNKNOWN_99,MESA,2011-02-11 10:31:00,NO_IMPROPER_ACTION,INATTENTION_DISTRACTION
2494925,2,ANGLE_FRONT_TO_SIDE,-111.73641352053,33.4205691166276,1,UNKNOWN_99,ANGLE_FRONT_TO_SIDE,MESA,2011-02-11 08:16:00,NO_IMPROPER_ACTION,NO_IMPROPER_ACTION+NOT_APPLICABLE_MINUS_1+NOT_APPLICABLE_MINUS_1
2494934,2,ANGLE_FRONT_TO_SIDE,-112.29010711921,33.4881324463228,1,FOUR_WAY_INTERSECTION,ANGLE_FRONT_TO_SIDE,AVONDALE,2011-02-08 15:45:00,NO_IMPROPER_ACTION,MADE_IMPROPER_TURN
2495001,2,ANGLE_FRONT_TO_SIDE,-110.291339038983,31.5562885052383,4,UNKNOWN_99,ANGLE_FRONT_TO_SIDE,UNSPECIFIED_999,2011-02-07 07:48:00,DROVE_RODE_IN_OPPOSING_TRAFFIC_LANE,INATTENTION_DISTRACTION
2495035,2,UNKNOWN_99,-112.25521087368,33.4523634338163,4,FOUR_WAY_INTERSECTION,UNKNOWN_99,TOLLESON,2011-02-12 15:22:00,INATTENTION_DISTRACTION,NOT_APPLICABLE_MINUS_1+NOT_APPLICABLE_MINUS_1+NOT_APPLICABLE_MINUS_1+NOT_APPLICABLE_MINUS_1+NOT_APPLICABLE_MINUS_1+NO_IMPROPER_ACTION
2495187,2,SIDESWIPE_SAME_DIRECTION,-111.857071928133,33.3981991509335,3,UNKNOWN_99,SIDESWIPE_SAME_DIRECTION,MESA,2011-02-05 13:23:00,FAILED_TO_KEEP_IN_PROPER_LANE,NO_IMPROPER_ACTION
2495199,2,ANGLE_FRONT_TO_SIDE,-112.228982686952,33.5844602347694,1,FOUR_WAY_INTERSECTION,ANGLE_FRONT_TO_SIDE,PEORIA,2011-02-11 15:51:00,NO_IMPROPER_ACTION,NOT_APPLICABLE_MINUS_1+NOT_APPLICABLE_MINUS_1+INATTENTION_DISTRACTION
2495325,2,ANGLE_FRONT_TO_SIDE,-112.073813097798,33.4482410804499,3,T_INTERSECTION,ANGLE_FRONT_TO_SIDE,PEORIA,2011-02-14 12:29:00,DROVE_RODE_IN_OPPOSING_TRAFFIC_LANE,NO_IMPROPER_ACTION
2495354,2,ANGLE_FRONT_TO_SIDE,-111.023421416353,31.7985982524165,2,FOUR_WAY_INTERSECTION,ANGLE_FRONT_TO_SIDE,UNSPECIFIED_999,2011-02-12 14:55:00,RAN_STOP_SIGN,RAN_STOP_SIGN
2495365,2,REAR_END,-112.242391324726,33.5809497503933,3,FOUR_WAY_INTERSECTION,REAR_END,PEORIA,2011-02-12 17:35:00,OTHER_97,DISREGARDED_TRAFFIC_SIGNAL
2495371,2,ANGLE_FRONT_TO_SIDE,-112.263817491411,33.5660554166913,1,FOUR_WAY_INTERSECTION,ANGLE_FRONT_TO_SIDE,PEORIA,2011-02-17 14:23:00,UNKNOWN_99,UNKNOWN_99
2495389,2,ANGLE_FRONT_TO_SIDE,-111.012221029847,32.3229474363301,3,FOUR_WAY_INTERSECTION,ANGLE_FRONT_TO_SIDE,UNSPECIFIED_999,2011-02-11 11:12:00,NO_IMPROPER_ACTION,INATTENTION_DISTRACTION
2495408,2,ANGLE_FRONT_TO_SIDE,-112.455779256303,34.6034141231083,1,T_INTERSECTION,ANGLE_FRONT_TO_SIDE,PRESCOTT,2011-02-17 16:12:00,DROVE_RODE_IN_OPPOSING_TRAFFIC_LANE,NO_IMPROPER_ACTION
2495443,2,ANGLE_FRONT_TO_SIDE,-111.954565676251,33.3709013739677,3,FOUR_WAY_INTERSECTION,ANGLE_FRONT_TO_SIDE,TEMPE,2011-02-07 18:45:00,DROVE_RODE_IN_OPPOSING_TRAFFIC_LANE,NO_IMPROPER_ACTION
2495538,2,OTHER_97,0,0,3,FOUR_WAY_INTERSECTION,OTHER_97,FLAGSTAFF,2011-02-14 14:59:00,OTHER_UNSAFE_PASSING,OTHER_97
2495561,2,OTHER_97,-111.652382195253,35.1929052017824,3,UNKNOWN_99,OTHER_97,FLAGSTAFF,2011-02-02 14:03:00,OTHER_97,NO_IMPROPER_ACTION
2495670,2,OTHER_97,-112.255122685376,33.5925759624018,1,FOUR_WAY_INTERSECTION,OTHER_97,PEORIA,2011-02-20 11:02:00,NO_IMPROPER_ACTION,OTHER_97
2495752,2,ANGLE_FRONT_TO_SIDE,-110.961204540038,32.4170959211107,1,FOUR_WAY_INTERSECTION,ANGLE_FRONT_TO_SIDE,ORO VALLEY,2011-02-16 17:12:00,NO_IMPROPER_ACTION,NOT_APPLICABLE_MINUS_1+MADE_IMPROPER_TURN+NOT_APPLICABLE_MINUS_1
2495891,2,ANGLE_FRONT_TO_SIDE,0,0,3,UNKNOWN_99,ANGLE_FRONT_TO_SIDE,YUMA,2011-02-18 07:34:00,OTHER_97,OTHER_97+NOT_APPLICABLE_MINUS_1
2495917,2,HEAD_ON,-112.199057407057,33.65354193061,3,FOUR_WAY_INTERSECTION,HEAD_ON,GLENDALE,2011-02-09 15:38:00,DROVE_RODE_IN_OPPOSING_TRAFFIC_LANE,NO_IMPROPER_ACTION
2496108,2,LEFT_TURN,-111.926441205385,33.4465704465532,4,FOUR_WAY_INTERSECTION,LEFT_TURN,TEMPE,2011-02-08 17:18:00,NO_IMPROPER_ACTION,OTHER_97
2496127,2,ANGLE_FRONT_TO_SIDE,0,0,3,T_INTERSECTION,ANGLE_FRONT_TO_SIDE,TEMPE,2011-02-15 17:23:00,OTHER_97,NO_IMPROPER_ACTION
2496147,2,ANGLE_FRONT_TO_SIDE,-111.952211613601,33.4219070076761,3,UNKNOWN_99,ANGLE_FRONT_TO_SIDE,TEMPE,2011-02-09 19:10:00,KNOWINGLY_OPERATED_WITH_FAULTY_MISSING_EQUIPMENT,NO_IMPROPER_ACTION
2496148,2,ANGLE_FRONT_TO_SIDE,-111.915162447853,33.4220034101075,3,UNKNOWN_99,ANGLE_FRONT_TO_SIDE,TEMPE,2011-02-15 13:21:00,OTHER_97,NO_IMPROPER_ACTION
2496150,2,SIDESWIPE_SAME_DIRECTION,0,0,2,UNKNOWN_99,SIDESWIPE_SAME_DIRECTION,TUCSON,2011-02-23 15:08:00,NO_IMPROPER_ACTION,INATTENTION_DISTRACTION+NOT_APPLICABLE_MINUS_1
2496156,2,ANGLE_FRONT_TO_SIDE,-111.926059604477,33.4128800453874,3,T_INTERSECTION,ANGLE_FRONT_TO_SIDE,TEMPE,2011-02-22 10:22:00,OTHER_97,NO_IMPROPER_ACTION
2496167,2,ANGLE_FRONT_TO_SIDE,-111.944276761696,33.421924762426,2,UNKNOWN_99,ANGLE_FRONT_TO_SIDE,TEMPE,2011-02-10 08:15:00,OTHER_97,NO_IMPROPER_ACTION
2496173,2,ANGLE_FRONT_TO_SIDE,-111.939794135915,33.4065441274513,3,UNKNOWN_99,ANGLE_FRONT_TO_SIDE,TEMPE,2011-02-10 10:07:00,DROVE_RODE_IN_OPPOSING_TRAFFIC_LANE,NOT_APPLICABLE_MINUS_1+NO_IMPROPER_ACTION
2496311,2,ANGLE_FRONT_TO_SIDE,-111.924945287569,33.4220237195018,3,UNKNOWN_99,ANGLE_FRONT_TO_SIDE,TEMPE,2011-02-16 12:28:00,NO_IMPROPER_ACTION,OTHER_97
2496317,2,ANGLE_FRONT_TO_SIDE,-111.960629190419,33.4036788960954,1,UNKNOWN_99,ANGLE_FRONT_TO_SIDE,TEMPE,2011-02-02 08:22:00,OTHER_97,NO_IMPROPER_ACTION
2496389,2,ANGLE_FRONT_TO_SIDE,-111.648440757367,35.196231189249,1,FOUR_WAY_INTERSECTION,ANGLE_FRONT_TO_SIDE,FLAGSTAFF,2011-02-22 15:45:00,OTHER_97,INATTENTION_DISTRACTION
2496410,2,ANGLE_FRONT_TO_SIDE,-111.840097526864,33.3886128483137,2,T_INTERSECTION,ANGLE_FRONT_TO_SIDE,MESA,2011-02-11 17:28:00,DROVE_RODE_IN_OPPOSING_TRAFFIC_LANE,NO_IMPROPER_ACTION+NOT_APPLICABLE_MINUS_1
2496501,2,LEFT_TURN,-111.925331988949,33.422024161076,2,UNKNOWN_99,LEFT_TURN,TEMPE,2011-02-03 12:01:00,NO_IMPROPER_ACTION,MADE_IMPROPER_TURN
2496538,2,ANGLE_FRONT_TO_SIDE,-111.960906096036,33.4074177334162,2,FOUR_WAY_INTERSECTION,ANGLE_FRONT_TO_SIDE,TEMPE,2011-02-07 19:10:00,NO_IMPROPER_ACTION,MADE_IMPROPER_TURN
2496639,2,ANGLE_FRONT_TO_SIDE,0,0,2,FOUR_WAY_INTERSECTION,ANGLE_FRONT_TO_SIDE,YUMA,2011-02-22 07:23:00,OTHER_97,NO_IMPROPER_ACTION
2496729,2,ANGLE_FRONT_TO_SIDE,-112.298430235126,33.4915205311971,3,T_INTERSECTION,ANGLE_FRONT_TO_SIDE,AVONDALE,2011-02-23 16:00:00,NO_IMPROPER_ACTION,FAILED_TO_YIELD_RIGHT_OF_WAY_103
2496798,2,ANGLE_FRONT_TO_SIDE,-111.973504946577,33.3198831563298,4,FOUR_WAY_INTERSECTION,ANGLE_FRONT_TO_SIDE,CHANDLER,2011-02-09 06:30:00,DISREGARDED_TRAFFIC_SIGNAL,NO_IMPROPER_ACTION
2496984,2,OTHER_97,-111.8745803933,33.4003299874045,3,FOUR_WAY_INTERSECTION,OTHER_97,MESA,2011-02-25 14:38:00,DROVE_RODE_IN_OPPOSING_TRAFFIC_LANE,OTHER_97
2497028,2,ANGLE_FRONT_TO_SIDE,-111.788068661294,33.4267238465503,4,FOUR_WAY_INTERSECTION,ANGLE_FRONT_TO_SIDE,MESA,2011-02-08 08:12:00,OTHER_97,NO_IMPROPER_ACTION
2497035,2,ANGLE_FRONT_TO_SIDE,-111.687927527147,33.37936484861,4,FOUR_WAY_INTERSECTION,ANGLE_FRONT_TO_SIDE,MESA,2011-02-16 10:58:00,INATTENTION_DISTRACTION,INATTENTION_DISTRACTION
2497086,2,ANGLE_FRONT_TO_SIDE,-111.85700119563,33.400087159182,3,FOUR_WAY_INTERSECTION,ANGLE_FRONT_TO_SIDE,MESA,2011-02-14 17:38:00,SPEED_TOO_FAST_FOR_CONDITIONS,NO_IMPROPER_ACTION
2497097,2,ANGLE_FRONT_TO_SIDE,-111.842036930111,33.425979267257,2,T_INTERSECTION,ANGLE_FRONT_TO_SIDE,MESA,2011-02-23 08:05:00,NO_IMPROPER_ACTION,NOT_APPLICABLE_MINUS_1+UNKNOWN_99
2497112,2,ANGLE_FRONT_TO_SIDE,-111.736420436867,33.4082975122248,4,FOUR_WAY_INTERSECTION,ANGLE_FRONT_TO_SIDE,MESA,2011-02-16 07:57:00,DISREGARDED_TRAFFIC_SIGNAL,NO_IMPROPER_ACTION
2497147,2,OTHER_97,-111.737381857973,33.4154908304812,3,UNKNOWN_99,OTHER_97,MESA,2011-02-12 16:40:00,NO_IMPROPER_ACTION,UNKNOWN_99
2497158,2,ANGLE_FRONT_TO_SIDE,-111.848719725638,33.3832748747788,3,UNKNOWN_99,ANGLE_FRONT_TO_SIDE,MESA,2011-02-14 11:38:00,MADE_IMPROPER_TURN,NOT_APPLICABLE_MINUS_1+NOT_APPLICABLE_MINUS_1+NO_IMPROPER_ACTION
2497167,3,LEFT_TURN,-111.667506799693,33.3914982266153,2,FOUR_WAY_INTERSECTION,LEFT_TURN,MESA,2011-02-01 15:31:00,NO_IMPROPER_ACTION,DISREGARDED_TRAFFIC_SIGNAL+NO_IMPROPER_ACTION
2497327,2,OTHER_97,-111.673183181806,33.2222043680973,4,UNKNOWN_99,OTHER_97,QUEEN CREEK,2011-02-06 17:29:00,OTHER_97,OTHER_97
2497331,2,ANGLE_FRONT_TO_SIDE,-111.687710659908,33.3683625541632,3,FOUR_WAY_INTERSECTION,ANGLE_FRONT_TO_SIDE,GILBERT,2011-02-01 07:39:00,UNKNOWN_99,NO_IMPROPER_ACTION
2497369,2,SIDESWIPE_SAME_DIRECTION,-111.684809232833,33.3892955518277,2,UNKNOWN_99,SIDESWIPE_SAME_DIRECTION,MESA,2011-02-18 12:03:00,INATTENTION_DISTRACTION,INATTENTION_DISTRACTION
2497605,2,HEAD_ON,-112.213373567482,33.5799612022501,3,T_INTERSECTION,HEAD_ON,PEORIA,2011-02-22 07:21:00,NO_IMPROPER_ACTION,NOT_APPLICABLE_MINUS_1+INATTENTION_DISTRACTION
2497792,3,ANGLE_FRONT_TO_SIDE,-111.947256015377,33.4073715833188,2,UNKNOWN_99,ANGLE_FRONT_TO_SIDE,TEMPE,2011-02-27 14:25:00,OTHER_97+OTHER_97,INATTENTION_DISTRACTION
2497838,2,ANGLE_FRONT_TO_SIDE,-112.073813097798,33.4482410804499,4,UNKNOWN_99,ANGLE_FRONT_TO_SIDE,YUMA,2011-02-23 17:47:00,INATTENTION_DISTRACTION,NO_IMPROPER_ACTION
2497974,2,ANGLE_FRONT_TO_SIDE,-111.839924969249,33.4309855559033,1,T_INTERSECTION,ANGLE_FRONT_TO_SIDE,MESA,2011-02-10 11:21:00,OTHER_97,NO_IMPROPER_ACTION
2497996,2,OTHER_97,-112.168818095248,33.5021391417081,4,LEGACY_INTERSECTION_RELATED_PRIOR_2009_98,OTHER_97,PHOENIX,2011-01-26 18:09:00,NO_IMPROPER_ACTION,FAILED_TO_YIELD_RIGHT_OF_WAY_103+NOT_APPLICABLE_MINUS_1+NOT_APPLICABLE_MINUS_1+NOT_APPLICABLE_MINUS_1+NOT_APPLICABLE_MINUS_1
2497997,2,OTHER_97,-112.111931549123,33.5105377639206,2,UNKNOWN_99,OTHER_97,PHOENIX,2011-01-24 11:26:00,DROVE_RODE_IN_OPPOSING_TRAFFIC_LANE,NO_IMPROPER_ACTION
2498158,2,LEFT_TURN,-111.952179159844,33.4146457410811,3,FOUR_WAY_INTERSECTION,LEFT_TURN,TEMPE,2011-02-23 17:21:00,NO_IMPROPER_ACTION,NOT_APPLICABLE_MINUS_1+NOT_APPLICABLE_MINUS_1+NOT_APPLICABLE_MINUS_1+OTHER_97
2498231,2,LEFT_TURN,-112.392516723927,33.4500165710909,3,FOUR_WAY_INTERSECTION,LEFT_TURN,GOODYEAR,2011-02-15 20:00:00,NO_IMPROPER_ACTION,FAILED_TO_YIELD_RIGHT_OF_WAY_103
2498321,2,ANGLE_FRONT_TO_SIDE,-111.707099924679,33.437365170459,2,FOUR_WAY_INTERSECTION,ANGLE_FRONT_TO_SIDE,MESA,2011-02-24 17:38:00,NO_IMPROPER_ACTION,NO_IMPROPER_ACTION
2498381,2,OTHER_97,-112.073813097798,33.4482410804499,3,TRAFFIC_CIRCLE,OTHER_97,MARICOPA,2011-02-27 14:45:00,INATTENTION_DISTRACTION,NO_IMPROPER_ACTION
2498395,2,ANGLE_FRONT_TO_SIDE,-111.857380454751,33.386426991561,3,INTERSECTION_AS_PART_OF_INTERCHANGE,ANGLE_FRONT_TO_SIDE,MESA,2011-01-23 10:54:00,NO_IMPROPER_ACTION,INATTENTION_DISTRACTION
2498414,3,LEFT_TURN,-111.805323787762,33.4078507895398,3,FOUR_WAY_INTERSECTION,LEFT_TURN,MESA,2011-02-24 17:24:00,DISREGARDED_TRAFFIC_SIGNAL,NO_IMPROPER_ACTION+NOT_APPLICABLE_MINUS_1+NO_IMPROPER_ACTION
2498433,2,LEFT_TURN,-111.824368804402,33.3497676160801,2,FOUR_WAY_INTERSECTION,LEFT_TURN,GILBERT,2011-02-28 16:30:00,DROVE_RODE_IN_OPPOSING_TRAFFIC_LANE,DISREGARDED_TRAFFIC_SIGNAL
2498618,2,LEFT_TURN,-111.770970412202,33.4299068464897,4,FOUR_WAY_INTERSECTION,LEFT_TURN,MESA,2011-02-17 17:32:00,OTHER_97,INATTENTION_DISTRACTION
2498620,2,UNKNOWN_99,-110.884100151052,32.2434247282636,4,FOUR_WAY_INTERSECTION,UNKNOWN_99,TUCSON,2011-02-01 15:30:00,NO_IMPROPER_ACTION,FAILED_TO_YIELD_RIGHT_OF_WAY_103+NOT_APPLICABLE_MINUS_1
2498654,2,UNKNOWN_99,-110.959450182792,32.2316898781703,2,FOUR_WAY_INTERSECTION,UNKNOWN_99,TUCSON,2011-02-02 17:04:00,NO_IMPROPER_ACTION,FAILED_TO_YIELD_RIGHT_OF_WAY_103
2498666,2,LEFT_TURN,-111.757283657526,32.9087840055248,1,FOUR_WAY_INTERSECTION,LEFT_TURN,CASA GRANDE,2011-02-25 21:03:00,NO_IMPROPER_ACTION,FAILED_TO_YIELD_RIGHT_OF_WAY_103
2498711,2,ANGLE_FRONT_TO_SIDE,-111.809642489951,33.4187987197316,1,T_INTERSECTION,ANGLE_FRONT_TO_SIDE,MESA,2011-02-18 17:26:00,INATTENTION_DISTRACTION,NO_IMPROPER_ACTION
2498766,2,OTHER_97,-111.769723232996,32.9707116682544,1,UNKNOWN_99,OTHER_97,UNSPECIFIED_999,2011-02-28 18:45:00,UNKNOWN_99,NO_IMPROPER_ACTION
2498785,2,LEFT_TURN,-112.195016188512,33.5239571468791,3,FOUR_WAY_INTERSECTION,LEFT_TURN,GLENDALE,2011-02-03 16:56:00,FAILED_TO_KEEP_IN_PROPER_LANE,NO_IMPROPER_ACTION
2498803,2,ANGLE_FRONT_TO_SIDE,-112.202490045527,33.625004101393,2,FOUR_WAY_INTERSECTION,ANGLE_FRONT_TO_SIDE,GLENDALE,2011-02-10 17:27:00,NO_IMPROPER_ACTION,FAILED_TO_YIELD_RIGHT_OF_WAY_103
2498968,2,OTHER_97,-110.963446081052,32.2720524794215,2,T_INTERSECTION,OTHER_97,TUCSON,2011-02-05 11:11:00,NO_IMPROPER_ACTION,OTHER_97
2499007,2,ANGLE_FRONT_TO_SIDE,-112.186442732994,33.567515396849,2,FOUR_WAY_INTERSECTION,ANGLE_FRONT_TO_SIDE,GLENDALE,2011-02-01 11:26:00,NO_IMPROPER_ACTION,UNKNOWN_99
2499093,2,ANGLE_FRONT_TO_SIDE,-111.881334635408,33.3494835683731,3,T_INTERSECTION,ANGLE_FRONT_TO_SIDE,CHANDLER,2011-02-25 16:56:00,OTHER_97,NO_IMPROPER_ACTION
2499289,2,ANGLE_FRONT_TO_SIDE,0,0,3,FOUR_WAY_INTERSECTION,ANGLE_FRONT_TO_SIDE,COLORADO CITY,2011-02-25 12:30:00,INATTENTION_DISTRACTION,NO_IMPROPER_ACTION
2499309,2,OTHER_97,-110.935285809944,32.2576093465908,3,FOUR_WAY_INTERSECTION,OTHER_97,TUCSON,2011-02-11 17:15:00,NO_IMPROPER_ACTION,NOT_APPLICABLE_MINUS_1+FAILED_TO_YIELD_RIGHT_OF_WAY_103
2499314,2,OTHER_97,-110.90969845168,32.2470535035278,3,T_INTERSECTION,OTHER_97,TUCSON,2011-02-14 15:40:00,NO_IMPROPER_ACTION,OTHER_97
2499413,2,OTHER_97,-110.961072373887,32.2793599287798,2,FOUR_WAY_INTERSECTION,OTHER_97,TUCSON,2011-02-18 17:00:00,NO_IMPROPER_ACTION,DISREGARDED_TRAFFIC_SIGNAL
2499459,2,OTHER_97,-110.967155805679,32.1704529478467,3,T_INTERSECTION,OTHER_97,TUCSON,2011-02-21 07:35:00,RAN_STOP_SIGN,NOT_APPLICABLE_MINUS_1+NO_IMPROPER_ACTION+NOT_APPLICABLE_MINUS_1
2499507,2,OTHER_97,-110.943924266682,32.2520109457633,2,FOUR_WAY_INTERSECTION,OTHER_97,TUCSON,2011-02-22 11:31:00,DROVE_RODE_IN_OPPOSING_TRAFFIC_LANE,NO_IMPROPER_ACTION
2499537,2,OTHER_97,-110.973763142618,32.1759424074585,3,FOUR_WAY_INTERSECTION,OTHER_97,TUCSON,2011-02-23 18:26:00,OTHER_97,NO_IMPROPER_ACTION
2499662,2,ANGLE_FRONT_TO_SIDE,-110.25739771723,31.4843057159656,4,T_INTERSECTION,ANGLE_FRONT_TO_SIDE,UNSPECIFIED_999,2011-07-04 21:42:00,KNOWINGLY_OPERATED_WITH_FAULTY_MISSING_EQUIPMENT,NO_IMPROPER_ACTION+NOT_APPLICABLE_MINUS_1
2499679,2,ANGLE_FRONT_TO_SIDE,-112.190550777602,33.5543032270563,1,T_INTERSECTION,ANGLE_FRONT_TO_SIDE,GLENDALE,2011-02-15 16:54:00,DROVE_RODE_IN_OPPOSING_TRAFFIC_LANE,NOT_APPLICABLE_MINUS_1+SPEED_TOO_FAST_FOR_CONDITIONS
2499838,2,ANGLE_FRONT_TO_SIDE,-112.112863047817,33.5526879299112,4,NOT_REPORTED_255,ANGLE_FRONT_TO_SIDE,PHOENIX,2011-02-18 10:58:00,DID_NOT_USE_CROSSWALK,NO_IMPROPER_ACTION+NOT_APPLICABLE_MINUS_1
2500326,2,ANGLE_FRONT_TO_SIDE,-111.992061203367,33.3199241292118,3,FOUR_WAY_INTERSECTION,ANGLE_FRONT_TO_SIDE,PHOENIX,2011-02-02 16:01:00,OTHER_97,NO_IMPROPER_ACTION
2500429,2,SIDESWIPE_OPPOSITE_DIRECTION,-112.107800803867,33.4806972148154,3,UNKNOWN_99,SIDESWIPE_OPPOSITE_DIRECTION,PHOENIX,2011-02-06 14:46:00,DROVE_RODE_IN_OPPOSING_TRAFFIC_LANE,NO_IMPROPER_ACTION
2500529,2,ANGLE_FRONT_TO_SIDE,-112.073813097798,33.4482410804499,2,T_INTERSECTION,ANGLE_FRONT_TO_SIDE,PHOENIX,2011-02-07 23:22:00,NO_IMPROPER_ACTION,INATTENTION_DISTRACTION
2500696,2,OTHER_97,-112.22048154752,33.5451556700462,1,FOUR_WAY_INTERSECTION,OTHER_97,GLENDALE,2011-02-16 15:26:00,UNKNOWN_99,INATTENTION_DISTRACTION
2500821,2,ANGLE_FRONT_TO_SIDE,-112.073813097798,33.4482410804499,2,T_INTERSECTION,ANGLE_FRONT_TO_SIDE,PHOENIX,2011-02-08 21:46:00,OTHER_97,RAN_STOP_SIGN
2500826,2,ANGLE_FRONT_TO_SIDE,-112.151922815382,33.6544130136166,4,FOUR_WAY_INTERSECTION,ANGLE_FRONT_TO_SIDE,PHOENIX,2011-02-11 07:55:00,OTHER_97,NOT_APPLICABLE_MINUS_1+INATTENTION_DISTRACTION+NOT_APPLICABLE_MINUS_1