IncidentID,num_vehicles_involved,eCollisionManner,Longitude,Latitude,InjurySeverity,eIntersectionType,eCollisionManner,city_name,IncidentDateTime,cyclist_citations,driver_citations
2513785,2,ANGLE_FRONT_TO_SIDE,-110.257338520861,31.5546278123364,3,FOUR_WAY_INTERSECTION,ANGLE_FRONT_TO_SIDE,SIERRA VISTA,2011-03-13 15:40:00,NO_IMPROPER_ACTION,DISREGARDED_TRAFFIC_SIGNAL
2513814,2,ANGLE_FRONT_TO_SIDE,-111.790016315911,33.3713954653239,1,UNKNOWN_99,ANGLE_FRONT_TO_SIDE,GILBERT,2011-04-27 17:07:00,NO_IMPROPER_ACTION,INATTENTION_DISTRACTION
2513865,2,ANGLE_FRONT_TO_SIDE,-112.224628178273,33.6102414467699,2,T_INTERSECTION,ANGLE_FRONT_TO_SIDE,PEORIA,2011-04-28 14:40:00,DROVE_RODE_IN_OPPOSING_TRAFFIC_LANE,NO_IMPROPER_ACTION
2513893,2,ANGLE_FRONT_TO_SIDE,-112.202920401397,33.5692224545999,4,T_INTERSECTION,ANGLE_FRONT_TO_SIDE,GLENDALE,2011-04-26 15:55:00,NO_IMPROPER_ACTION,NOT_APPLICABLE_MINUS_1+FAILED_TO_YIELD_RIGHT_OF_WAY_103
2513969,2,LEFT_TURN,-111.945553956482,33.3198543212884,3,FOUR_WAY_INTERSECTION,LEFT_TURN,CHANDLER,2011-03-14 16:15:00,NO_IMPROPER_ACTION,INATTENTION_DISTRACTION
2514055,2,REAR_END,-111.824265274328,33.3350882390012,1,NOT_AT_INTERSECTION_0,REAR_END,CHANDLER,2011-03-14 16:43:00,NO_IMPROPER_ACTION,INATTENTION_DISTRACTION
2514060,2,ANGLE_FRONT_TO_SIDE,0,0,3,T_INTERSECTION,ANGLE_FRONT_TO_SIDE,YUMA,2011-04-19 09:53:00,OTHER_97,NO_IMPROPER_ACTION
2514076,2,OTHER_97,0,0,4,T_INTERSECTION,OTHER_97,KINGMAN,2011-04-27 16:15:00,DROVE_RODE_IN_OPPOSING_TRAFFIC_LANE,NO_IMPROPER_ACTION+NOT_APPLICABLE_MINUS_1
2514092,2,ANGLE_FRONT_TO_SIDE,-111.630315298027,35.1914478259577,3,UNKNOWN_99,ANGLE_FRONT_TO_SIDE,UNSPECIFIED_999,2011-04-26 15:27:00,OTHER_97,NO_IMPROPER_ACTION
2514145,2,LEFT_TURN,-110.993935367452,32.4134422409283,3,T_INTERSECTION,LEFT_TURN,ORO VALLEY,2011-04-29 19:25:00,OTHER_97,NOT_APPLICABLE_MINUS_1+MADE_IMPROPER_TURN
2514155,2,OTHER_97,-110.973475562857,32.3569326646629,3,UNKNOWN_99,OTHER_97,ORO VALLEY,2011-04-24 08:19:00,UNKNOWN_99,UNKNOWN_99
2514339,2,SIDESWIPE_SAME_DIRECTION,-111.656591248678,33.4109813157109,3,FOUR_WAY_INTERSECTION,SIDESWIPE_SAME_DIRECTION,UNSPECIFIED_999,2011-04-29 15:41:00,NO_IMPROPER_ACTION,OTHER_97
2514420,2,ANGLE_FRONT_TO_SIDE,-111.870143104257,33.3641348553137,2,T_INTERSECTION,ANGLE_FRONT_TO_SIDE,MESA,2011-04-28 16:09:00,OTHER_97,NO_IMPROPER_ACTION+NOT_APPLICABLE_MINUS_1+NOT_APPLICABLE_MINUS_1
2514423,2,OTHER_97,-111.607742950968,33.4195514734093,3,UNKNOWN_99,OTHER_97,UNSPECIFIED_999,2011-04-16 21:30:00,NO_IMPROPER_ACTION,UNKNOWN_99
2514475,2,ANGLE_FRONT_TO_SIDE,-111.822967214031,33.4077719165619,3,UNKNOWN_99,ANGLE_FRONT_TO_SIDE,MESA,2011-04-26 08:53:00,WALKED_ON_WRONG_SIDE_OF_ROAD,SPEED_TOO_FAST_FOR_CONDITIONS
2514532,2,ANGLE_FRONT_TO_SIDE,-112.33407597435,34.5847223696308,1,FOUR_WAY_INTERSECTION,ANGLE_FRONT_TO_SIDE,PRESCOTT VALLEY,2011-03-04 16:50:00,UNKNOWN_99,NO_IMPROPER_ACTION
2514545,2,HEAD_ON,-112.030972635128,33.6715628835742,3,FOUR_WAY_INTERSECTION,HEAD_ON,PHOENIX,2011-03-27 15:38:00,DROVE_RODE_IN_OPPOSING_TRAFFIC_LANE,NO_IMPROPER_ACTION
2514586,2,ANGLE_FRONT_TO_SIDE,-111.90853991435,33.4074968040028,3,UNKNOWN_99,ANGLE_FRONT_TO_SIDE,TEMPE,2011-04-20 17:35:00,DROVE_RODE_IN_OPPOSING_TRAFFIC_LANE,NO_IMPROPER_ACTION
2514588,2,ANGLE_FRONT_TO_SIDE,-111.90911183541,33.4079497726745,3,UNKNOWN_99,ANGLE_FRONT_TO_SIDE,TEMPE,2011-04-16 00:33:00,NO_IMPROPER_ACTION,OTHER_97
2514589,2,ANGLE_FRONT_TO_SIDE,-111.846356228369,33.4150436731492,3,UNKNOWN_99,ANGLE_FRONT_TO_SIDE,MESA,2011-04-30 09:08:00,NO_IMPROPER_ACTION,INATTENTION_DISTRACTION
2514622,2,SIDESWIPE_SAME_DIRECTION,-112.060590945845,33.0537167867511,1,UNKNOWN_99,SIDESWIPE_SAME_DIRECTION,MARICOPA,2011-04-18 08:27:00,UNKNOWN_99,SPEED_TOO_FAST_FOR_CONDITIONS
2514645,2,ANGLE_FRONT_TO_SIDE,-111.926277209997,33.4288459365539,1,FOUR_WAY_INTERSECTION,ANGLE_FRONT_TO_SIDE,TEMPE,2011-04-13 19:18:00,DROVE_RODE_IN_OPPOSING_TRAFFIC_LANE,NO_IMPROPER_ACTION
2514648,2,ANGLE_FRONT_TO_SIDE,-111.926271532667,33.4089485878836,1,UNKNOWN_99,ANGLE_FRONT_TO_SIDE,TEMPE,2011-04-08 13:00:00,INATTENTION_DISTRACTION,NO_IMPROPER_ACTION
2514650,2,LEFT_TURN,-112.047994726332,33.0590078559475,1,T_INTERSECTION,LEFT_TURN,MARICOPA,2011-04-29 06:19:00,NO_IMPROPER_ACTION,NO_IMPROPER_ACTION
2514660,2,OTHER_97,-111.662597637554,35.1920654387168,3,UNKNOWN_99,OTHER_97,FLAGSTAFF,2011-04-13 14:47:00,INATTENTION_DISTRACTION,NO_IMPROPER_ACTION
2514661,2,OTHER_97,-112.348720710097,33.429616214909,3,T_INTERSECTION,OTHER_97,AVONDALE,2011-07-09 15:17:00,NO_IMPROPER_ACTION,NOT_APPLICABLE_MINUS_1+NOT_APPLICABLE_MINUS_1+FAILED_TO_YIELD_RIGHT_OF_WAY_103
2514672,2,ANGLE_FRONT_TO_SIDE,-111.876508591151,33.354341326721,2,T_INTERSECTION,ANGLE_FRONT_TO_SIDE,CHANDLER,2011-04-14 16:03:00,INATTENTION_DISTRACTION,NO_IMPROPER_ACTION
2514754,2,OTHER_97,-110.952316412957,32.264774580788,2,FOUR_WAY_INTERSECTION,OTHER_97,TUCSON,2011-03-02 17:44:00,NO_IMPROPER_ACTION,INATTENTION_DISTRACTION
2514906,2,ANGLE_FRONT_TO_SIDE,-110.917745043174,32.1392472391176,2,UNKNOWN_99,ANGLE_FRONT_TO_SIDE,TUCSON,2011-03-11 09:19:00,NO_IMPROPER_ACTION,INATTENTION_DISTRACTION
2514912,2,ANGLE_FRONT_TO_SIDE,-112.117107611585,33.6252680823092,2,FOUR_WAY_INTERSECTION,ANGLE_FRONT_TO_SIDE,PHOENIX,2011-03-24 16:44:00,UNKNOWN_99,NO_IMPROPER_ACTION
2514960,2,OTHER_97,-110.94376973049,32.2214588666656,3,UNKNOWN_99,OTHER_97,TUCSON,2011-03-15 15:39:00,NO_IMPROPER_ACTION,MADE_IMPROPER_TURN
2514977,2,UNKNOWN_99,-110.875231949077,32.2202463687069,3,UNKNOWN_99,UNKNOWN_99,TUCSON,2011-03-13 09:25:00,NO_IMPROPER_ACTION,FAILED_TO_YIELD_RIGHT_OF_WAY_103
2514988,2,ANGLE_FRONT_TO_SIDE,-112.012849618006,33.4613629851595,3,NOT_REPORTED_255,ANGLE_FRONT_TO_SIDE,PHOENIX,2011-03-02 20:02:00,OTHER_97,UNKNOWN_99
2515027,2,UNKNOWN_99,-110.901210507634,32.2469197676128,4,UNKNOWN_99,UNKNOWN_99,TUCSON,2011-03-18 08:32:00,NO_IMPROPER_ACTION,OTHER_97
2515073,2,SIDESWIPE_SAME_DIRECTION,-112.18230018739,33.531332629776,1,UNKNOWN_99,SIDESWIPE_SAME_DIRECTION,GLENDALE,2011-03-09 15:31:00,NO_IMPROPER_ACTION,MADE_IMPROPER_TURN
2515094,2,ANGLE_FRONT_TO_SIDE,-111.816770934127,33.2523758486108,3,T_INTERSECTION,ANGLE_FRONT_TO_SIDE,CHANDLER,2011-03-24 17:38:00,INATTENTION_DISTRACTION,NO_IMPROPER_ACTION
2515121,2,ANGLE_FRONT_TO_SIDE,-111.841743981498,33.2867486492738,3,T_INTERSECTION,ANGLE_FRONT_TO_SIDE,CHANDLER,2011-03-16 16:24:00,DROVE_RODE_IN_OPPOSING_TRAFFIC_LANE,INATTENTION_DISTRACTION
2515171,2,LEFT_TURN,-111.93467990597,33.5166960693361,3,T_INTERSECTION,LEFT_TURN,PARADISE VALLEY,2011-03-23 17:48:00,NO_IMPROPER_ACTION,INATTENTION_DISTRACTION
2515193,4,OTHER_97,-112.073813097798,33.4482410804499,3,NOT_AT_INTERSECTION_0,OTHER_97,TEMPE,2011-03-17 20:50:00,NO_IMPROPER_ACTION+NO_IMPROPER_ACTION+NO_IMPROPER_ACTION,INATTENTION_DISTRACTION
2515352,2,LEFT_TURN,-110.745316434525,32.3039880630735,3,T_INTERSECTION,LEFT_TURN,UNSPECIFIED_999,2011-04-20 17:31:00,UNKNOWN_99,NOT_APPLICABLE_MINUS_1+UNKNOWN_99+NOT_APPLICABLE_MINUS_1+NOT_APPLICABLE_MINUS_1
2515433,3,ANGLE_FRONT_TO_SIDE,-111.935048787811,33.4146786658799,3,FOUR_WAY_INTERSECTION,ANGLE_FRONT_TO_SIDE,TEMPE,2011-03-25 18:45:00,NO_IMPROPER_ACTION+NO_IMPROPER_ACTION,DISREGARDED_TRAFFIC_SIGNAL
2515509,2,OTHER_97,-110.82384179368,32.2176347415815,1,UNKNOWN_99,OTHER_97,TUCSON,2011-03-01 16:37:00,OTHER_97,NOT_APPLICABLE_MINUS_1+NO_IMPROPER_ACTION
2515512,2,OTHER_97,-110.931099845265,32.2360569519271,2,UNKNOWN_99,OTHER_97,TUCSON,2011-03-01 18:37:00,NO_IMPROPER_ACTION,INATTENTION_DISTRACTION
2515547,2,ANGLE_FRONT_TO_SIDE,-110.976365980491,32.1632513841613,3,FOUR_WAY_INTERSECTION,ANGLE_FRONT_TO_SIDE,TUCSON,2011-03-23 05:08:00,NO_IMPROPER_ACTION,INATTENTION_DISTRACTION
2515559,2,OTHER_97,-110.932075477812,32.2649289830583,4,T_INTERSECTION,OTHER_97,TUCSON,2011-03-23 18:55:00,NO_IMPROPER_ACTION,MADE_IMPROPER_TURN
2515571,2,UNKNOWN_99,-111.001400275204,32.1603618028702,3,T_INTERSECTION,UNKNOWN_99,TUCSON,2011-03-30 12:08:00,UNKNOWN_99,UNKNOWN_99
2515589,2,OTHER_97,-111.002402248613,32.19229550247,3,UNKNOWN_99,OTHER_97,TUCSON,2011-03-21 16:38:00,MADE_IMPROPER_TURN,NO_IMPROPER_ACTION
2515642,2,LEFT_TURN,-110.908748367987,32.2506223129363,1,UNKNOWN_99,LEFT_TURN,TUCSON,2011-03-22 20:31:00,KNOWINGLY_OPERATED_WITH_FAULTY_MISSING_EQUIPMENT,MADE_IMPROPER_TURN
2515644,2,LEFT_TURN,-110.796234342565,32.6194112748651,1,NOT_AT_INTERSECTION_0,LEFT_TURN,UNSPECIFIED_999,2011-03-13 14:00:00,FAILED_TO_YIELD_RIGHT_OF_WAY_103,NO_IMPROPER_ACTION
2515645,2,OTHER_97,-110.988474677558,32.2720629882872,1,FOUR_WAY_INTERSECTION,OTHER_97,TUCSON,2011-03-29 16:23:00,OTHER_97,NO_IMPROPER_ACTION
2515729,2,OTHER_97,-110.866680522385,32.2433993644167,3,FOUR_WAY_INTERSECTION,OTHER_97,TUCSON,2011-04-06 12:31:00,NO_IMPROPER_ACTION,FAILED_TO_YIELD_RIGHT_OF_WAY_103
2515734,2,OTHER_97,-110.991389853279,32.1631917238348,3,T_INTERSECTION,OTHER_97,TUCSON,2011-04-08 16:08:00,NO_IMPROPER_ACTION,NO_IMPROPER_ACTION
2515765,2,OTHER_97,-110.943340032732,32.1596096300934,3,FOUR_WAY_INTERSECTION,OTHER_97,TUCSON,2011-04-07 07:50:00,INATTENTION_DISTRACTION,NO_IMPROPER_ACTION
2515775,2,OTHER_97,-110.926733854741,32.2649751901603,3,FOUR_WAY_INTERSECTION,OTHER_97,TUCSON,2011-04-07 11:22:00,OTHER_97,NO_IMPROPER_ACTION
2515778,2,OTHER_97,-110.857921095234,32.2360338575081,3,UNKNOWN_99,OTHER_97,TUCSON,2011-04-08 16:15:00,NO_IMPROPER_ACTION,FAILED_TO_YIELD_RIGHT_OF_WAY_103
2515817,2,OTHER_97,-112.268121232481,33.6526118570629,3,FOUR_WAY_INTERSECTION,OTHER_97,UNSPECIFIED_999,2011-03-16 11:41:00,UNKNOWN_99,UNKNOWN_99
2515835,2,OTHER_97,-110.875333285178,32.2506781161941,3,FOUR_WAY_INTERSECTION,OTHER_97,TUCSON,2011-04-14 10:05:00,UNKNOWN_99,INATTENTION_DISTRACTION
2515849,2,LEFT_TURN,-112.285993631057,33.5752640407433,3,FOUR_WAY_INTERSECTION,LEFT_TURN,UNSPECIFIED_999,2011-03-17 13:27:00,FAILED_TO_YIELD_RIGHT_OF_WAY_103,NO_IMPROPER_ACTION
2515860,2,OTHER_97,-111.615375342006,33.3933290990727,2,FOUR_WAY_INTERSECTION,OTHER_97,MESA,2011-03-30 15:18:00,WALKED_ON_WRONG_SIDE_OF_ROAD,NO_IMPROPER_ACTION
2516046,2,OTHER_97,-110.989239908328,32.2296442620753,3,UNKNOWN_99,OTHER_97,TUCSON,2011-04-23 13:09:00,NO_IMPROPER_ACTION,FAILED_TO_YIELD_RIGHT_OF_WAY_103
2516091,2,OTHER_97,-110.80680617143,32.2161125247355,2,FOUR_WAY_INTERSECTION,OTHER_97,TUCSON,2011-04-26 13:54:00,OTHER_97,NO_IMPROPER_ACTION
2516122,2,OTHER_97,-110.823058451488,32.2507690728161,1,UNKNOWN_99,OTHER_97,TUCSON,2011-04-26 07:39:00,NO_IMPROPER_ACTION,FAILED_TO_YIELD_RIGHT_OF_WAY_103
2516275,2,ANGLE_FRONT_TO_SIDE,-111.675969211876,33.2726151008785,1,T_INTERSECTION,ANGLE_FRONT_TO_SIDE,QUEEN CREEK,2011-03-25 16:36:00,DID_NOT_USE_CROSSWALK,UNKNOWN_99+NOT_APPLICABLE_MINUS_1+NOT_APPLICABLE_MINUS_1
2516316,2,SIDESWIPE_SAME_DIRECTION,-112.281051429987,33.4937110651544,3,NOT_AT_INTERSECTION_0,SIDESWIPE_SAME_DIRECTION,UNSPECIFIED_999,2011-03-27 20:43:00,NO_IMPROPER_ACTION,FAILED_TO_KEEP_IN_PROPER_LANE
2516331,2,ANGLE_FRONT_TO_SIDE,-112.117318380274,33.6750585420691,3,UNKNOWN_99,ANGLE_FRONT_TO_SIDE,PHOENIX,2011-03-31 12:48:00,OTHER_97,INATTENTION_DISTRACTION
2516334,2,ANGLE_FRONT_TO_SIDE,-112.271942997331,33.6082855293175,2,NOT_REPORTED_255,ANGLE_FRONT_TO_SIDE,UNSPECIFIED_999,2011-03-30 14:36:00,DROVE_RODE_IN_OPPOSING_TRAFFIC_LANE,NO_IMPROPER_ACTION
2516371,2,ANGLE_FRONT_TO_SIDE,-111.876249923763,33.2992126746354,4,UNKNOWN_99,ANGLE_FRONT_TO_SIDE,CHANDLER,2011-04-13 15:12:00,DROVE_RODE_IN_OPPOSING_TRAFFIC_LANE,NO_IMPROPER_ACTION
2516426,2,ANGLE_FRONT_TO_SIDE,-111.789657140119,33.2904534562006,3,UNKNOWN_99,ANGLE_FRONT_TO_SIDE,UNSPECIFIED_999,2011-04-13 12:04:00,DROVE_RODE_IN_OPPOSING_TRAFFIC_LANE,NO_IMPROPER_ACTION
2516427,2,ANGLE_FRONT_TO_SIDE,-111.900476173614,33.4191159204316,2,FOUR_WAY_INTERSECTION,ANGLE_FRONT_TO_SIDE,TEMPE,2011-03-26 19:26:00,DROVE_RODE_IN_OPPOSING_TRAFFIC_LANE,NO_IMPROPER_ACTION
2516447,2,ANGLE_FRONT_TO_SIDE,-111.926472128938,33.4147592096205,3,FOUR_WAY_INTERSECTION,ANGLE_FRONT_TO_SIDE,TEMPE,2011-03-30 12:46:00,DROVE_RODE_IN_OPPOSING_TRAFFIC_LANE,NO_IMPROPER_ACTION
2516451,2,ANGLE_FRONT_TO_SIDE,-111.832849600569,33.3166412105207,4,FOUR_WAY_INTERSECTION,ANGLE_FRONT_TO_SIDE,CHANDLER,2011-04-20 06:49:00,OTHER_97,NO_IMPROPER_ACTION
2516466,2,ANGLE_FRONT_TO_SIDE,-111.722605580772,32.8869054075117,3,FOUR_WAY_INTERSECTION,ANGLE_FRONT_TO_SIDE,CASA GRANDE,2011-03-27 12:16:00,DROVE_RODE_IN_OPPOSING_TRAFFIC_LANE,NO_IMPROPER_ACTION+NOT_APPLICABLE_MINUS_1
2516518,2,ANGLE_FRONT_TO_SIDE,-111.932645726518,33.319996822753,2,FOUR_WAY_INTERSECTION,ANGLE_FRONT_TO_SIDE,TEMPE,2011-03-02 14:06:00,DROVE_RODE_IN_OPPOSING_TRAFFIC_LANE,OTHER_97
2516531,2,ANGLE_FRONT_TO_SIDE,-111.848668091052,33.3497283303156,2,T_INTERSECTION,ANGLE_FRONT_TO_SIDE,CHANDLER,2011-04-19 08:00:00,DISREGARDED_PAVEMENT_MARKINGS,INATTENTION_DISTRACTION+NOT_APPLICABLE_MINUS_1+NOT_APPLICABLE_MINUS_1
2516558,2,HEAD_ON,-112.220469952498,33.5089958171152,3,FOUR_WAY_INTERSECTION,HEAD_ON,GLENDALE,2011-03-22 22:21:00,DISREGARDED_TRAFFIC_SIGNAL,NO_IMPROPER_ACTION+NOT_APPLICABLE_MINUS_1
2516569,2,ANGLE_FRONT_TO_SIDE,-111.873463337064,33.3533288824335,2,T_INTERSECTION,ANGLE_FRONT_TO_SIDE,CHANDLER,2011-04-21 07:30:00,UNKNOWN_99,UNKNOWN_99
2516575,2,LEFT_TURN,-111.856848830446,33.2583245426528,2,T_INTERSECTION,LEFT_TURN,CHANDLER,2011-04-21 17:29:00,NO_IMPROPER_ACTION,NOT_APPLICABLE_MINUS_1+MADE_IMPROPER_TURN
2516579,2,SIDESWIPE_OPPOSITE_DIRECTION,-111.841594885329,33.276659540017,3,FOUR_WAY_INTERSECTION,SIDESWIPE_OPPOSITE_DIRECTION,CHANDLER,2011-04-21 19:46:00,DISREGARDED_TRAFFIC_SIGNAL,NO_IMPROPER_ACTION
2516587,2,ANGLE_FRONT_TO_SIDE,-111.837445375148,33.3061698916583,2,FOUR_WAY_INTERSECTION,ANGLE_FRONT_TO_SIDE,CHANDLER,2011-04-22 19:09:00,DROVE_RODE_IN_OPPOSING_TRAFFIC_LANE,NO_IMPROPER_ACTION
2516632,2,OTHER_97,-112.18119684232,33.5385508834309,1,NOT_REPORTED_255,OTHER_97,GLENDALE,2011-03-03 10:16:00,OTHER_97,NO_IMPROPER_ACTION+NOT_APPLICABLE_MINUS_1
2516683,2,ANGLE_FRONT_TO_SIDE,-111.787645888151,33.4523050332645,2,NOT_AT_INTERSECTION_0,ANGLE_FRONT_TO_SIDE,MESA,2011-04-05 16:25:00,NO_IMPROPER_ACTION,NO_IMPROPER_ACTION
2516867,3,OTHER_97,-111.986669540158,33.5094257630146,3,LEGACY_INTERSECTION_RELATED_PRIOR_2009_98,OTHER_97,PHOENIX,2011-04-06 15:52:00,NO_IMPROPER_ACTION,NOT_APPLICABLE_MINUS_1+SPEED_TOO_FAST_FOR_CONDITIONS+NO_IMPROPER_ACTION
2516868,2,OTHER_97,-112.099721818568,33.6292484704089,3,LEGACY_INTERSECTION_RELATED_PRIOR_2009_98,OTHER_97,PHOENIX,2011-04-06 17:01:00,DROVE_RODE_IN_OPPOSING_TRAFFIC_LANE,NO_IMPROPER_ACTION
2516886,2,OTHER_97,-112.203668565155,33.4402366634879,3,NOT_AT_INTERSECTION_0,OTHER_97,PHOENIX,2011-04-04 11:35:00,OTHER_97,NO_IMPROPER_ACTION
2516941,2,OTHER_97,-112.1683506394,33.6321622413938,2,LEGACY_INTERSECTION_RELATED_PRIOR_2009_98,OTHER_97,PHOENIX,2011-04-13 07:23:00,NO_IMPROPER_ACTION,NOT_APPLICABLE_MINUS_1+FAILED_TO_YIELD_RIGHT_OF_WAY_103+NOT_APPLICABLE_MINUS_1
2516946,2,OTHER_97,-112.099719737648,33.6765413506617,2,LEGACY_INTERSECTION_RELATED_PRIOR_2009_98,OTHER_97,PHOENIX,2011-04-13 16:00:00,FAILED_TO_YIELD_RIGHT_OF_WAY_103,NOT_APPLICABLE_MINUS_1+NO_IMPROPER_ACTION+NOT_APPLICABLE_MINUS_1
2517007,3,OTHER_97,-112.168985892381,33.4803668539818,2,LEGACY_INTERSECTION_RELATED_PRIOR_2009_98,OTHER_97,PHOENIX,2011-04-21 19:49:00,DISREGARDED_TRAFFIC_SIGNAL,NO_IMPROPER_ACTION+NOT_APPLICABLE_MINUS_1+NOT_APPLICABLE_MINUS_1+NOT_APPLICABLE_MINUS_1+NOT_APPLICABLE_MINUS_1+NOT_APPLICABLE_MINUS_1+NO_IMPROPER_ACTION
2517142,2,ANGLE_FRONT_TO_SIDE,-111.934906699258,33.3929040806942,3,FOUR_WAY_INTERSECTION,ANGLE_FRONT_TO_SIDE,TEMPE,2011-03-24 21:39:00,DISREGARDED_TRAFFIC_SIGNAL,NO_IMPROPER_ACTION+NOT_APPLICABLE_MINUS_1
2517145,2,LEFT_TURN,-111.935020342248,33.3879899002982,3,FOUR_WAY_INTERSECTION,LEFT_TURN,TEMPE,2011-03-26 19:34:00,KNOWINGLY_OPERATED_WITH_FAULTY_MISSING_EQUIPMENT,OTHER_97
2517324,2,ANGLE_FRONT_TO_SIDE,-111.911149387107,33.3341166752544,2,UNKNOWN_99,ANGLE_FRONT_TO_SIDE,TEMPE,2011-04-15 16:34:00,OTHER_97,NO_IMPROPER_ACTION
2517326,2,ANGLE_FRONT_TO_SIDE,-111.924917759674,33.4220236880218,2,UNKNOWN_99,ANGLE_FRONT_TO_SIDE,TEMPE,2011-04-07 19:35:00,NO_IMPROPER_ACTION,INATTENTION_DISTRACTION
2517385,2,ANGLE_FRONT_TO_SIDE,-111.924922347657,33.4220236932689,3,UNKNOWN_99,ANGLE_FRONT_TO_SIDE,TEMPE,2011-04-26 14:55:00,NO_IMPROPER_ACTION,MADE_IMPROPER_TURN
2517430,2,ANGLE_FRONT_TO_SIDE,-111.926299497652,33.4216286512412,3,T_INTERSECTION,ANGLE_FRONT_TO_SIDE,TEMPE,2011-04-25 13:11:00,DROVE_RODE_IN_OPPOSING_TRAFFIC_LANE,NO_IMPROPER_ACTION
2517435,2,ANGLE_FRONT_TO_SIDE,-111.911127684889,33.3722414082184,1,FOUR_WAY_INTERSECTION,ANGLE_FRONT_TO_SIDE,TEMPE,2011-04-25 16:50:00,OTHER_97,NO_IMPROPER_ACTION+NOT_APPLICABLE_MINUS_1
2517442,2,REAR_END,-111.933472720413,33.429409618667,4,UNKNOWN_99,REAR_END,TEMPE,2011-04-30 19:30:00,UNSAFE_LANE_CHANGE,NO_IMPROPER_ACTION
2517458,2,ANGLE_FRONT_TO_SIDE,-111.926271361786,33.4085555752623,3,UNKNOWN_99,ANGLE_FRONT_TO_SIDE,TEMPE,2011-04-08 11:40:00,OTHER_97,UNKNOWN_99
2517473,2,SIDESWIPE_SAME_DIRECTION,-111.959802374117,33.3928734460409,2,UNKNOWN_99,SIDESWIPE_SAME_DIRECTION,TEMPE,2011-04-08 15:36:00,NO_IMPROPER_ACTION,OTHER_97
2517479,2,REAR_TO_SIDE,-111.943874252877,33.378275216896,3,T_INTERSECTION,REAR_TO_SIDE,TEMPE,2011-04-18 17:09:00,DROVE_RODE_IN_OPPOSING_TRAFFIC_LANE,NO_IMPROPER_ACTION
2517488,2,ANGLE_FRONT_TO_SIDE,-111.928465847473,33.3491884549951,1,FOUR_WAY_INTERSECTION,ANGLE_FRONT_TO_SIDE,TEMPE,2011-04-18 21:49:00,FAILED_TO_YIELD_RIGHT_OF_WAY_103,NO_IMPROPER_ACTION
2517489,2,ANGLE_FRONT_TO_SIDE,-111.965441593293,33.378266020747,4,T_INTERSECTION,ANGLE_FRONT_TO_SIDE,TEMPE,2011-04-14 07:10:00,DROVE_RODE_IN_OPPOSING_TRAFFIC_LANE,NOT_APPLICABLE_MINUS_1+NOT_APPLICABLE_MINUS_1+NO_IMPROPER_ACTION
2517510,2,SIDESWIPE_SAME_DIRECTION,-111.933825494819,33.4219616440088,3,UNKNOWN_99,SIDESWIPE_SAME_DIRECTION,TEMPE,2011-04-20 15:31:00,NO_IMPROPER_ACTION,NOT_APPLICABLE_MINUS_1+UNSAFE_LANE_CHANGE
2517515,2,LEFT_TURN,-111.928429136268,33.4220115830629,3,T_INTERSECTION,LEFT_TURN,TEMPE,2011-04-21 12:03:00,NO_IMPROPER_ACTION,MADE_IMPROPER_TURN
2517551,2,ANGLE_FRONT_TO_SIDE,-111.818379294955,33.320786227282,3,FOUR_WAY_INTERSECTION,ANGLE_FRONT_TO_SIDE,CHANDLER,2011-04-26 11:41:00,DROVE_RODE_IN_OPPOSING_TRAFFIC_LANE,NO_IMPROPER_ACTION
2517604,2,LEFT_TURN,-110.795418227515,32.619300013335,2,UNKNOWN_99,LEFT_TURN,UNSPECIFIED_999,2011-04-08 12:00:00,MADE_IMPROPER_TURN,NO_IMPROPER_ACTION+NOT_APPLICABLE_MINUS_1
2517611,2,LEFT_TURN,-112.073813097798,33.4482410804499,4,T_INTERSECTION,LEFT_TURN,GILBERT,2011-04-29 19:40:00,UNKNOWN_99,UNKNOWN_99
2517744,2,OTHER_97,-110.789722494489,32.2060525595263,3,UNKNOWN_99,OTHER_97,TUCSON,2011-04-01 12:52:00,NO_IMPROPER_ACTION,RAN_STOP_SIGN
2517778,2,OTHER_97,-110.970282350699,32.2358863528365,3,FOUR_WAY_INTERSECTION,OTHER_97,TUCSON,2011-04-01 10:12:00,FAILED_TO_YIELD_RIGHT_OF_WAY_103,NO_IMPROPER_ACTION
2517788,2,SIDESWIPE_OPPOSITE_DIRECTION,-112.186195319307,33.5385868268578,2,FOUR_WAY_INTERSECTION,SIDESWIPE_OPPOSITE_DIRECTION,GLENDALE,2011-03-24 18:26:00,NO_IMPROPER_ACTION,NOT_APPLICABLE_MINUS_1+NOT_APPLICABLE_MINUS_1+NOT_APPLICABLE_MINUS_1+MADE_IMPROPER_TURN
2517802,5,ANGLE_FRONT_TO_SIDE,-110.956765207529,32.2360605868314,3,UNKNOWN_99,ANGLE_FRONT_TO_SIDE,TUCSON,2011-04-05 09:29:00,NO_IMPROPER_ACTION,NO_IMPROPER_ACTION+NO_IMPROPER_ACTION+NO_IMPROPER_ACTION+DISREGARDED_TRAFFIC_SIGNAL+NOT_APPLICABLE_MINUS_1