IncidentID,num_vehicles_involved,eCollisionManner,Longitude,Latitude,InjurySeverity,eIntersectionType,eCollisionManner,city_name,IncidentDateTime,cyclist_citations,driver_citations
2517828,2,OTHER_97,-110.992171539211,32.2293835070634,3,UNKNOWN_99,OTHER_97,TUCSON,2011-04-04 19:33:00,OTHER_97,OTHER_97
2518043,2,OTHER_97,-111.99331962234,33.4656730039847,1,UNKNOWN_99,OTHER_97,PHOENIX,2011-04-22 20:30:00,NO_IMPROPER_ACTION,FAILED_TO_YIELD_RIGHT_OF_WAY_103
2518255,2,ANGLE_FRONT_TO_SIDE,-112.190243336991,33.5421590305038,2,FOUR_WAY_INTERSECTION,ANGLE_FRONT_TO_SIDE,GLENDALE,2011-04-01 10:43:00,DISREGARDED_TRAFFIC_SIGNAL,NO_IMPROPER_ACTION
2518267,2,ANGLE_FRONT_TO_SIDE,-112.202912682023,33.5701221205457,3,T_INTERSECTION,ANGLE_FRONT_TO_SIDE,GLENDALE,2011-04-03 16:30:00,FAILED_TO_YIELD_RIGHT_OF_WAY_103,NO_IMPROPER_ACTION
2518444,2,LEFT_TURN,-112.237651635425,33.6527139592049,3,UNKNOWN_99,LEFT_TURN,PEORIA,2011-04-22 12:03:00,INATTENTION_DISTRACTION,INATTENTION_DISTRACTION+NOT_APPLICABLE_MINUS_1
2518476,2,ANGLE_FRONT_TO_SIDE,-111.799915990172,34.863399416153,3,FOUR_WAY_INTERSECTION,ANGLE_FRONT_TO_SIDE,SEDONA,2011-04-23 11:08:00,DROVE_RODE_IN_OPPOSING_TRAFFIC_LANE,INATTENTION_DISTRACTION
2518523,2,OTHER_97,-112.160291343658,33.5655714045727,3,T_INTERSECTION,OTHER_97,GLENDALE,2011-04-29 17:21:00,FAILED_TO_YIELD_RIGHT_OF_WAY_103,NO_IMPROPER_ACTION
2518581,2,ANGLE_FRONT_TO_SIDE,-112.185867615899,33.5385816006789,3,FOUR_WAY_INTERSECTION,ANGLE_FRONT_TO_SIDE,GLENDALE,2011-04-06 14:57:00,NO_IMPROPER_ACTION,FAILED_TO_YIELD_RIGHT_OF_WAY_103
2518642,2,SIDESWIPE_SAME_DIRECTION,-112.177429652305,33.587020049537,2,FOUR_WAY_INTERSECTION,SIDESWIPE_SAME_DIRECTION,GLENDALE,2011-04-24 12:22:00,NO_IMPROPER_ACTION,FAILED_TO_YIELD_RIGHT_OF_WAY_103
2518659,2,REAR_END,-112.155070444738,33.5819230981796,4,UNKNOWN_99,REAR_END,GLENDALE,2011-03-12 20:11:00,NO_IMPROPER_ACTION,UNKNOWN_99
2518767,2,OTHER_97,-111.659800568804,35.1918367351408,2,NOT_AT_INTERSECTION_0,OTHER_97,FLAGSTAFF,2011-04-29 10:07:00,OTHER_97,NO_IMPROPER_ACTION
2518776,2,OTHER_97,-110.91666481205,32.1912872903238,3,T_INTERSECTION,OTHER_97,UNSPECIFIED_999,2011-04-22 10:52:00,NO_IMPROPER_ACTION,NO_IMPROPER_ACTION
2518846,2,ANGLE_FRONT_TO_SIDE,-112.297033795772,33.5655541500909,1,UNKNOWN_99,ANGLE_FRONT_TO_SIDE,UNSPECIFIED_999,2011-03-23 07:55:00,UNKNOWN_99,NOT_APPLICABLE_MINUS_1+UNKNOWN_99
2518870,2,ANGLE_FRONT_TO_SIDE,-109.973676655313,34.1561067493141,2,NOT_AT_INTERSECTION_0,ANGLE_FRONT_TO_SIDE,PINETOP,2011-04-22 17:07:00,DID_NOT_USE_CROSSWALK,NOT_APPLICABLE_MINUS_1+NO_IMPROPER_ACTION+NOT_APPLICABLE_MINUS_1
2518939,2,LEFT_TURN,-112.195092026879,33.5384530028105,3,UNKNOWN_99,LEFT_TURN,GLENDALE,2011-03-03 11:00:00,UNKNOWN_99,UNKNOWN_99
2519043,2,OTHER_97,-112.012956251388,33.4626083309841,4,LEGACY_INTERSECTION_RELATED_PRIOR_2009_98,OTHER_97,PHOENIX,2011-04-25 16:18:00,INATTENTION_DISTRACTION,NO_IMPROPER_ACTION
2519347,2,ANGLE_FRONT_TO_SIDE,-111.921812792141,33.3782975884618,2,UNKNOWN_99,ANGLE_FRONT_TO_SIDE,TEMPE,2011-03-31 15:46:00,OTHER_97,NO_IMPROPER_ACTION+NOT_APPLICABLE_MINUS_1
2519420,2,REAR_END,-111.93989599317,33.4147503399162,3,FOUR_WAY_INTERSECTION,REAR_END,TEMPE,2011-03-26 15:45:00,FOLLOWED_TOO_CLOSELY,NO_IMPROPER_ACTION
2519429,2,SIDESWIPE_SAME_DIRECTION,-111.926086201169,33.4147580342274,2,UNKNOWN_99,SIDESWIPE_SAME_DIRECTION,TEMPE,2011-03-18 23:35:00,NO_IMPROPER_ACTION,FAILED_TO_KEEP_IN_PROPER_LANE
2519447,2,ANGLE_FRONT_TO_SIDE,-111.975993296046,33.3927758074998,2,T_INTERSECTION,ANGLE_FRONT_TO_SIDE,TEMPE,2011-03-12 15:50:00,NO_IMPROPER_ACTION,INATTENTION_DISTRACTION
2519449,2,ANGLE_FRONT_TO_SIDE,-111.909072635115,33.4219778292906,2,FOUR_WAY_INTERSECTION,ANGLE_FRONT_TO_SIDE,TEMPE,2011-03-23 11:41:00,DISREGARDED_TRAFFIC_SIGNAL,NO_IMPROPER_ACTION
2519476,2,SIDESWIPE_OPPOSITE_DIRECTION,-111.685891738644,33.2121016037582,3,UNKNOWN_99,SIDESWIPE_OPPOSITE_DIRECTION,UNSPECIFIED_999,2011-03-28 17:16:00,NO_IMPROPER_ACTION,INATTENTION_DISTRACTION
2519888,2,ANGLE_FRONT_TO_SIDE,-112.009309756624,33.6406148800267,1,T_INTERSECTION,ANGLE_FRONT_TO_SIDE,PHOENIX,2011-04-04 15:37:00,NO_IMPROPER_ACTION,INATTENTION_DISTRACTION
2519908,2,ANGLE_FRONT_TO_SIDE,-112.186415074437,33.4877941429696,3,FOUR_WAY_INTERSECTION,ANGLE_FRONT_TO_SIDE,PHOENIX,2011-04-10 18:47:00,OTHER_97,NO_IMPROPER_ACTION
2519934,2,OTHER_97,-112.194144855052,33.4706523105708,2,NOT_AT_INTERSECTION_0,OTHER_97,PHOENIX,2011-04-28 16:01:00,INATTENTION_DISTRACTION,NO_IMPROPER_ACTION
2519977,2,OTHER_97,-110.968404154232,32.1965594200158,2,UNKNOWN_99,OTHER_97,SOUTH TUCSON,2011-05-10 14:16:00,NO_IMPROPER_ACTION,INATTENTION_DISTRACTION
2520047,2,OTHER_97,-111.84255632474,33.3351226941714,2,NOT_REPORTED_255,OTHER_97,CHANDLER,2011-04-04 15:00:00,NO_IMPROPER_ACTION,NO_IMPROPER_ACTION
2520052,2,LEFT_TURN,-111.623852652289,35.2035570030836,3,FOUR_WAY_INTERSECTION,LEFT_TURN,FLAGSTAFF,2011-05-04 18:04:00,NO_IMPROPER_ACTION,OTHER_97
2520064,2,OTHER_97,-111.648078947419,35.1971419873134,2,FOUR_WAY_INTERSECTION,OTHER_97,FLAGSTAFF,2011-05-03 14:29:00,INATTENTION_DISTRACTION,UNKNOWN_99
2520075,2,ANGLE_FRONT_TO_SIDE,-111.613826461222,35.2089346438701,1,UNKNOWN_99,ANGLE_FRONT_TO_SIDE,FLAGSTAFF,2011-05-05 14:55:00,INATTENTION_DISTRACTION,NO_IMPROPER_ACTION
2520164,2,ANGLE_FRONT_TO_SIDE,-110.978583050019,32.3523897355191,2,T_INTERSECTION,ANGLE_FRONT_TO_SIDE,ORO VALLEY,2011-05-01 19:39:00,OTHER_97,SPEED_TOO_FAST_FOR_CONDITIONS
2520165,2,OTHER_97,-111.995209958786,33.4586387140659,3,FOUR_WAY_INTERSECTION,OTHER_97,PHOENIX,2011-05-09 20:35:00,INATTENTION_DISTRACTION,INATTENTION_DISTRACTION
2520516,2,ANGLE_FRONT_TO_SIDE,-111.721238944124,33.3272979068547,3,FOUR_WAY_INTERSECTION,ANGLE_FRONT_TO_SIDE,GILBERT,2011-05-06 15:21:00,OTHER_97,NO_IMPROPER_ACTION
2520560,2,ANGLE_FRONT_TO_SIDE,-111.789659873109,33.3445644227561,1,T_INTERSECTION,ANGLE_FRONT_TO_SIDE,GILBERT,2011-05-01 14:16:00,FAILED_TO_KEEP_IN_PROPER_LANE,NOT_APPLICABLE_MINUS_1+INATTENTION_DISTRACTION+NOT_APPLICABLE_MINUS_1
2520660,2,ANGLE_FRONT_TO_SIDE,-111.883221765339,33.4075395742859,2,FOUR_WAY_INTERSECTION,ANGLE_FRONT_TO_SIDE,MESA,2011-05-02 15:50:00,NO_IMPROPER_ACTION,NO_IMPROPER_ACTION
2520668,2,ANGLE_FRONT_TO_SIDE,-111.997681715042,33.3238384949904,3,T_INTERSECTION,ANGLE_FRONT_TO_SIDE,PHOENIX,2011-04-11 13:31:00,RAN_STOP_SIGN,NO_IMPROPER_ACTION
2520709,2,ANGLE_FRONT_TO_SIDE,-111.822926999768,33.3933427453431,2,FOUR_WAY_INTERSECTION,ANGLE_FRONT_TO_SIDE,MESA,2011-05-14 08:02:00,DROVE_RODE_IN_OPPOSING_TRAFFIC_LANE,NO_IMPROPER_ACTION
2520787,2,ANGLE_FRONT_TO_SIDE,-111.877072410007,33.3785576567901,2,FOUR_WAY_INTERSECTION,ANGLE_FRONT_TO_SIDE,MESA,2011-05-09 09:03:00,NO_IMPROPER_ACTION,NOT_APPLICABLE_MINUS_1+FAILED_TO_YIELD_RIGHT_OF_WAY_103
2520801,2,UNKNOWN_99,-112.147641686908,33.3778122202231,2,FOUR_WAY_INTERSECTION,UNKNOWN_99,PHOENIX,2011-04-15 15:18:00,NO_IMPROPER_ACTION,NO_IMPROPER_ACTION
2520842,2,REAR_END,-112.009836936874,33.4804750888331,3,UNKNOWN_99,REAR_END,PHOENIX,2011-04-16 12:46:00,OTHER_97,NO_IMPROPER_ACTION
2520866,2,OTHER_97,-111.830628698385,33.394846192276,4,T_INTERSECTION,OTHER_97,MESA,2011-05-03 14:49:00,DID_NOT_USE_CROSSWALK,NO_IMPROPER_ACTION
2520912,2,ANGLE_FRONT_TO_SIDE,-112.024211030949,33.6269768441316,4,T_INTERSECTION,ANGLE_FRONT_TO_SIDE,PHOENIX,2011-04-11 16:42:00,DISREGARDED_TRAFFIC_SIGNAL,MADE_IMPROPER_TURN+NOT_APPLICABLE_MINUS_1
2520978,2,ANGLE_FRONT_TO_SIDE,-111.592250123282,33.3354079552778,2,FOUR_WAY_INTERSECTION,ANGLE_FRONT_TO_SIDE,MESA,2011-05-06 07:21:00,NO_IMPROPER_ACTION,OTHER_97
2521128,2,HEAD_ON,-111.770842662016,33.4450088742401,3,T_INTERSECTION,HEAD_ON,MESA,2011-05-06 06:39:00,NO_IMPROPER_ACTION,NO_IMPROPER_ACTION
2521165,2,OTHER_97,-111.701357101913,33.4518631592009,3,T_INTERSECTION,OTHER_97,MESA,2011-05-03 19:01:00,OTHER_97,NO_IMPROPER_ACTION
2521204,2,ANGLE_FRONT_TO_SIDE,-111.865843465442,33.3967098094235,4,T_INTERSECTION,ANGLE_FRONT_TO_SIDE,MESA,2011-05-16 14:21:00,DROVE_RODE_IN_OPPOSING_TRAFFIC_LANE,NO_IMPROPER_ACTION
2521213,2,ANGLE_FRONT_TO_SIDE,-111.908532446257,33.4147565582981,1,NOT_REPORTED_255,ANGLE_FRONT_TO_SIDE,TEMPE,2011-02-06 22:00:00,DROVE_RODE_IN_OPPOSING_TRAFFIC_LANE,NO_IMPROPER_ACTION
2521289,2,ANGLE_FRONT_TO_SIDE,-112.237845084984,33.4725720535205,3,FOUR_WAY_INTERSECTION,ANGLE_FRONT_TO_SIDE,PHOENIX,2011-04-12 19:37:00,DISREGARDED_TRAFFIC_SIGNAL,NOT_APPLICABLE_MINUS_1+NO_IMPROPER_ACTION+NOT_APPLICABLE_MINUS_1+NOT_APPLICABLE_MINUS_1+NOT_APPLICABLE_MINUS_1+NOT_APPLICABLE_MINUS_1+NOT_APPLICABLE_MINUS_1
2521389,2,ANGLE_FRONT_TO_SIDE,-112.116246623559,33.4949504149112,4,UNKNOWN_99,ANGLE_FRONT_TO_SIDE,PHOENIX,2011-04-16 08:45:00,OTHER_97,NO_IMPROPER_ACTION
2521426,2,ANGLE_FRONT_TO_SIDE,-112.099842561818,33.6766215000627,4,FOUR_WAY_INTERSECTION,ANGLE_FRONT_TO_SIDE,PHOENIX,2011-04-19 05:36:00,NO_IMPROPER_ACTION,OTHER_97
2521464,2,REAR_END,-112.073813097798,33.4482410804499,3,NOT_AT_INTERSECTION_0,REAR_END,TUCSON,2011-05-16 14:44:00,INATTENTION_DISTRACTION,OTHER_97
2521484,2,ANGLE_FRONT_TO_SIDE,-112.124397705323,33.6212490266943,3,ROUNDABOUT,ANGLE_FRONT_TO_SIDE,PHOENIX,2011-04-24 02:30:00,UNKNOWN_99,UNKNOWN_99
2521510,2,OTHER_97,-112.057020221408,33.6549272416818,3,LEGACY_INTERSECTION_RELATED_PRIOR_2009_98,OTHER_97,PHOENIX,2011-05-04 14:10:00,DROVE_RODE_IN_OPPOSING_TRAFFIC_LANE,NO_IMPROPER_ACTION
2521511,2,OTHER_97,-112.052034821318,33.4657434484425,4,LEGACY_INTERSECTION_RELATED_PRIOR_2009_98,OTHER_97,PHOENIX,2011-05-05 15:53:00,NO_IMPROPER_ACTION,FAILED_TO_YIELD_RIGHT_OF_WAY_103
2521513,2,OTHER_97,-112.120830643316,33.5690553764931,3,UNKNOWN_99,OTHER_97,PHOENIX,2011-04-04 12:46:00,DROVE_RODE_IN_OPPOSING_TRAFFIC_LANE,NO_IMPROPER_ACTION+NOT_APPLICABLE_MINUS_1
2521519,2,UNKNOWN_99,-112.134622727386,33.4369265584078,4,FOUR_WAY_INTERSECTION,UNKNOWN_99,PHOENIX,2011-04-23 17:59:00,NO_IMPROPER_ACTION,UNKNOWN_99
2521606,2,ANGLE_FRONT_TO_SIDE,-112.077724981488,33.4515063140509,2,FOUR_WAY_INTERSECTION,ANGLE_FRONT_TO_SIDE,PHOENIX,2011-04-12 18:20:00,DROVE_RODE_IN_OPPOSING_TRAFFIC_LANE,NO_IMPROPER_ACTION+NOT_APPLICABLE_MINUS_1+NOT_APPLICABLE_MINUS_1+NOT_APPLICABLE_MINUS_1+NOT_APPLICABLE_MINUS_1
2521691,2,OTHER_97,-112.095681091015,33.4531447841198,3,FOUR_WAY_INTERSECTION,OTHER_97,PHOENIX,2011-04-21 09:37:00,DISREGARDED_TRAFFIC_SIGNAL,NO_IMPROPER_ACTION
2521704,2,ANGLE_FRONT_TO_SIDE,-112.117583609056,33.4421468305064,3,FOUR_WAY_INTERSECTION,ANGLE_FRONT_TO_SIDE,PHOENIX,2011-04-21 14:24:00,NO_IMPROPER_ACTION,FAILED_TO_YIELD_RIGHT_OF_WAY_103
2521728,2,REAR_END,-112.087426969179,33.5094301237294,3,UNKNOWN_99,REAR_END,PHOENIX,2011-04-27 11:22:00,FAILED_TO_KEEP_IN_PROPER_LANE,NOT_APPLICABLE_MINUS_1+NOT_APPLICABLE_MINUS_1+NO_IMPROPER_ACTION+NOT_APPLICABLE_MINUS_1
2521756,2,OTHER_97,-112.203244263545,33.4802690156516,2,LEGACY_INTERSECTION_RELATED_PRIOR_2009_98,OTHER_97,PHOENIX,2011-05-12 14:39:00,NO_IMPROPER_ACTION,FAILED_TO_YIELD_RIGHT_OF_WAY_103
2521859,2,ANGLE_FRONT_TO_SIDE,-111.808273822019,33.359679182723,3,FOUR_WAY_INTERSECTION,ANGLE_FRONT_TO_SIDE,GILBERT,2011-05-16 07:51:00,NO_IMPROPER_ACTION,INATTENTION_DISTRACTION
2521996,2,SIDESWIPE_OPPOSITE_DIRECTION,-112.041225823834,33.4514249718237,2,T_INTERSECTION,SIDESWIPE_OPPOSITE_DIRECTION,PHOENIX,2011-04-19 15:19:00,RAN_STOP_SIGN,SPEED_TOO_FAST_FOR_CONDITIONS
2521997,2,ANGLE_FRONT_TO_SIDE,-112.012972203934,33.49155446566,2,FOUR_WAY_INTERSECTION,ANGLE_FRONT_TO_SIDE,PHOENIX,2011-04-09 21:00:00,UNKNOWN_99,INATTENTION_DISTRACTION
2522007,2,LEFT_TURN,-112.61661440151,33.6604876500956,3,T_INTERSECTION,LEFT_TURN,UNSPECIFIED_999,2011-05-29 07:24:00,NO_IMPROPER_ACTION,FAILED_TO_YIELD_RIGHT_OF_WAY_103
2522062,2,REAR_END,-111.825557841553,33.7413810353235,3,NOT_AT_INTERSECTION_0,REAR_END,SCOTTSDALE,2011-05-22 09:02:00,NO_IMPROPER_ACTION,UNSAFE_LANE_CHANGE+NOT_APPLICABLE_MINUS_1
2522067,2,ANGLE_FRONT_TO_SIDE,-111.980109717435,33.3255751281645,2,FOUR_WAY_INTERSECTION,ANGLE_FRONT_TO_SIDE,PHOENIX,2011-04-29 11:57:00,DISREGARDED_TRAFFIC_SIGNAL,NO_IMPROPER_ACTION
2522120,2,SIDESWIPE_SAME_DIRECTION,-111.904466524024,33.5239010259914,3,T_INTERSECTION,SIDESWIPE_SAME_DIRECTION,SCOTTSDALE,2011-05-19 07:52:00,NO_IMPROPER_ACTION,FAILED_TO_YIELD_RIGHT_OF_WAY_103
2522258,2,ANGLE_FRONT_TO_SIDE,-111.936642661152,33.4218445761595,3,FOUR_WAY_INTERSECTION,ANGLE_FRONT_TO_SIDE,TEMPE,2011-05-02 16:58:00,INATTENTION_DISTRACTION,NO_IMPROPER_ACTION+NOT_APPLICABLE_MINUS_1
2522289,2,ANGLE_FRONT_TO_SIDE,-111.93888264239,33.6248343532762,3,FOUR_WAY_INTERSECTION,ANGLE_FRONT_TO_SIDE,PHOENIX,2011-04-27 06:54:00,NO_IMPROPER_ACTION,INATTENTION_DISTRACTION
2522343,2,SIDESWIPE_OPPOSITE_DIRECTION,-112.064679165142,33.3922454881066,3,FOUR_WAY_INTERSECTION,SIDESWIPE_OPPOSITE_DIRECTION,PHOENIX,2011-04-25 12:30:00,NO_IMPROPER_ACTION,UNKNOWN_99
2522377,2,HEAD_ON,-112.065060691997,33.4874629399545,2,FOUR_WAY_INTERSECTION,HEAD_ON,PHOENIX,2011-04-25 21:59:00,DISREGARDED_TRAFFIC_SIGNAL,NO_IMPROPER_ACTION
2522435,2,LEFT_TURN,-112.224223912885,33.5956441076414,3,T_INTERSECTION,LEFT_TURN,PEORIA,2011-05-13 16:40:00,NO_IMPROPER_ACTION,UNKNOWN_99
2522438,2,OTHER_97,-112.16890152342,33.6599371265126,3,UNKNOWN_99,OTHER_97,PHOENIX,2011-04-01 06:53:00,OTHER_97,NO_IMPROPER_ACTION
2522494,2,SIDESWIPE_SAME_DIRECTION,-112.091187255443,33.4804738954115,2,FOUR_WAY_INTERSECTION,SIDESWIPE_SAME_DIRECTION,PHOENIX,2011-04-30 15:30:00,UNKNOWN_99,UNKNOWN_99
2522533,2,ANGLE_FRONT_TO_SIDE,-111.012080006435,32.305293486362,3,FOUR_WAY_INTERSECTION,ANGLE_FRONT_TO_SIDE,UNSPECIFIED_999,2011-05-16 13:46:00,NO_IMPROPER_ACTION,INATTENTION_DISTRACTION
2522559,2,HEAD_ON,-112.165499451535,33.4900707994288,2,T_INTERSECTION,HEAD_ON,PHOENIX,2011-04-22 15:18:00,DROVE_RODE_IN_OPPOSING_TRAFFIC_LANE,NOT_APPLICABLE_MINUS_1+NO_IMPROPER_ACTION+NOT_APPLICABLE_MINUS_1
2522561,2,ANGLE_FRONT_TO_SIDE,-111.988767549131,33.480309218076,3,UNKNOWN_99,ANGLE_FRONT_TO_SIDE,PHOENIX,2011-04-21 07:26:00,OTHER_97,SPEED_TOO_FAST_FOR_CONDITIONS
2522671,2,ANGLE_FRONT_TO_SIDE,-112.373165879137,33.4867632337932,2,T_INTERSECTION,ANGLE_FRONT_TO_SIDE,GOODYEAR,2011-05-17 09:16:00,OTHER_97,INATTENTION_DISTRACTION
2522688,2,ANGLE_FRONT_TO_SIDE,-111.9260442163,33.5784476221127,2,FOUR_WAY_INTERSECTION,ANGLE_FRONT_TO_SIDE,SCOTTSDALE,2011-05-05 20:01:00,DISREGARDED_TRAFFIC_SIGNAL,NO_IMPROPER_ACTION
2522734,2,ANGLE_FRONT_TO_SIDE,-111.92892799007,33.4220159333697,2,FOUR_WAY_INTERSECTION,ANGLE_FRONT_TO_SIDE,TEMPE,2011-05-01 13:12:00,OTHER_97,NO_IMPROPER_ACTION
2522853,2,ANGLE_FRONT_TO_SIDE,-111.908642220344,33.5401633588564,3,FOUR_WAY_INTERSECTION,ANGLE_FRONT_TO_SIDE,SCOTTSDALE,2011-05-08 13:43:00,FAILED_TO_YIELD_RIGHT_OF_WAY_103,NOT_APPLICABLE_MINUS_1+FAILED_TO_YIELD_RIGHT_OF_WAY_103+NOT_APPLICABLE_MINUS_1
2522864,2,ANGLE_FRONT_TO_SIDE,-111.940144104559,33.3782234413555,2,NOT_REPORTED_255,ANGLE_FRONT_TO_SIDE,TEMPE,2011-05-17 07:58:00,OTHER_97,NO_IMPROPER_ACTION
2522882,2,ANGLE_FRONT_TO_SIDE,-111.962640524062,33.3782402678889,1,NOT_REPORTED_255,ANGLE_FRONT_TO_SIDE,TEMPE,2011-05-17 15:20:00,UNKNOWN_99,NO_IMPROPER_ACTION
2522890,2,ANGLE_FRONT_TO_SIDE,-111.945728973388,33.3418335840703,4,T_INTERSECTION,ANGLE_FRONT_TO_SIDE,TEMPE,2011-05-18 15:09:00,DROVE_RODE_IN_OPPOSING_TRAFFIC_LANE,NO_IMPROPER_ACTION
2522893,2,ANGLE_FRONT_TO_SIDE,-111.938144424232,33.4219432216375,2,FOUR_WAY_INTERSECTION,ANGLE_FRONT_TO_SIDE,TEMPE,2011-05-08 16:07:00,UNKNOWN_99,UNKNOWN_99
2522931,2,ANGLE_FRONT_TO_SIDE,-111.90411460824,33.3348112084711,2,T_INTERSECTION,ANGLE_FRONT_TO_SIDE,TEMPE,2011-05-11 10:31:00,NO_IMPROPER_ACTION,OTHER_97
2522936,2,LEFT_TURN,-111.940007018881,33.4254993133096,4,FOUR_WAY_INTERSECTION,LEFT_TURN,TEMPE,2011-05-12 14:56:00,NO_IMPROPER_ACTION,FAILED_TO_YIELD_RIGHT_OF_WAY_103
2522943,2,ANGLE_FRONT_TO_SIDE,-111.636181394294,33.3779823850844,3,T_INTERSECTION,ANGLE_FRONT_TO_SIDE,MESA,2011-05-02 16:11:00,INATTENTION_DISTRACTION,NO_IMPROPER_ACTION
2522954,2,ANGLE_FRONT_TO_SIDE,-109.716981265213,32.8086472863971,4,T_INTERSECTION,ANGLE_FRONT_TO_SIDE,SAFFORD,2011-05-03 16:45:00,FAILED_TO_YIELD_RIGHT_OF_WAY_103,NO_IMPROPER_ACTION+NOT_APPLICABLE_MINUS_1+NOT_APPLICABLE_MINUS_1
2522973,2,ANGLE_FRONT_TO_SIDE,-111.55971906934,33.4150663372461,1,UNKNOWN_99,ANGLE_FRONT_TO_SIDE,APACHE JUNCTION,2011-05-02 09:24:00,OTHER_97,NO_IMPROPER_ACTION
2523044,2,HEAD_ON,-112.241577308613,33.5954567679631,3,T_INTERSECTION,HEAD_ON,PEORIA,2011-05-02 21:20:00,DROVE_RODE_IN_OPPOSING_TRAFFIC_LANE,NO_IMPROPER_ACTION
2523073,2,OTHER_97,-112.342580238883,34.5844704118418,1,FOUR_WAY_INTERSECTION,OTHER_97,PRESCOTT VALLEY,2011-05-24 17:25:00,UNKNOWN_99,UNKNOWN_99
2523141,2,ANGLE_FRONT_TO_SIDE,-112.340965475654,33.4631626558902,3,T_INTERSECTION,ANGLE_FRONT_TO_SIDE,AVONDALE,2011-05-07 13:01:00,DROVE_RODE_IN_OPPOSING_TRAFFIC_LANE,NO_IMPROPER_ACTION+NOT_APPLICABLE_MINUS_1
2523206,2,ANGLE_FRONT_TO_SIDE,-111.563392927354,33.4223517603264,1,FOUR_WAY_INTERSECTION,ANGLE_FRONT_TO_SIDE,APACHE JUNCTION,2011-05-20 15:49:00,NO_IMPROPER_ACTION,DISREGARDED_TRAFFIC_SIGNAL
2523222,2,REAR_END,-111.029595804996,32.3421904522679,3,FOUR_WAY_INTERSECTION,REAR_END,UNSPECIFIED_999,2011-05-03 17:27:00,NO_IMPROPER_ACTION,OTHER_97
2523373,2,ANGLE_FRONT_TO_SIDE,-111.814048690177,33.4260114901874,2,FOUR_WAY_INTERSECTION,ANGLE_FRONT_TO_SIDE,MESA,2011-05-19 16:02:00,DROVE_RODE_IN_OPPOSING_TRAFFIC_LANE,NO_IMPROPER_ACTION
2523385,2,ANGLE_FRONT_TO_SIDE,-111.831504306797,33.4005525093772,3,FOUR_WAY_INTERSECTION,ANGLE_FRONT_TO_SIDE,MESA,2011-05-16 19:55:00,DROVE_RODE_IN_OPPOSING_TRAFFIC_LANE,NO_IMPROPER_ACTION
2523393,2,OTHER_97,-111.813984420695,33.4345699498459,2,NOT_AT_INTERSECTION_0,OTHER_97,MESA,2011-05-12 15:47:00,DROVE_RODE_IN_OPPOSING_TRAFFIC_LANE,OTHER_97
2523409,3,OTHER_97,-111.708101418726,33.3900504700672,4,NOT_AT_INTERSECTION_0,OTHER_97,MESA,2011-05-06 19:47:00,NO_IMPROPER_ACTION+NO_IMPROPER_ACTION,NOT_APPLICABLE_MINUS_1+FAILED_TO_KEEP_IN_PROPER_LANE+NOT_APPLICABLE_MINUS_1
2523413,2,UNKNOWN_99,-111.84018561806,33.3877879593893,2,UNKNOWN_99,UNKNOWN_99,MESA,2011-05-14 19:00:00,UNKNOWN_99,UNKNOWN_99
2523571,2,ANGLE_FRONT_TO_SIDE,-111.663054700784,35.178988532156,1,FOUR_WAY_INTERSECTION,ANGLE_FRONT_TO_SIDE,FLAGSTAFF,2011-05-10 20:52:00,NO_IMPROPER_ACTION,MADE_IMPROPER_TURN
2523572,2,ANGLE_FRONT_TO_SIDE,-112.220283876536,33.5777787446753,4,FOUR_WAY_INTERSECTION,ANGLE_FRONT_TO_SIDE,PEORIA,2011-05-06 15:08:00,INATTENTION_DISTRACTION,NO_IMPROPER_ACTION
2523670,2,SIDESWIPE_SAME_DIRECTION,-111.599781261623,35.2184702289833,1,NOT_REPORTED_255,SIDESWIPE_SAME_DIRECTION,FLAGSTAFF,2011-05-17 15:02:00,OTHER_97,NO_IMPROPER_ACTION+NOT_APPLICABLE_MINUS_1
2523672,2,ANGLE_FRONT_TO_SIDE,-111.925822863192,33.3929578408188,2,UNKNOWN_99,ANGLE_FRONT_TO_SIDE,TEMPE,2011-05-20 16:30:00,NO_IMPROPER_ACTION,OTHER_97
2523706,2,OTHER_97,-111.89528259635,33.4120357313004,4,NOT_AT_INTERSECTION_0,OTHER_97,TEMPE,2011-05-22 14:35:00,NO_IMPROPER_ACTION,SPEED_TOO_FAST_FOR_CONDITIONS
2523744,2,ANGLE_FRONT_TO_SIDE,-111.949425723839,33.3345822591417,1,UNKNOWN_99,ANGLE_FRONT_TO_SIDE,TEMPE,2011-05-23 12:09:00,UNKNOWN_99,UNKNOWN_99
2523747,2,SIDESWIPE_SAME_DIRECTION,-111.012241025612,32.3052860792666,3,UNKNOWN_99,SIDESWIPE_SAME_DIRECTION,UNSPECIFIED_999,2011-05-24 15:31:00,NO_IMPROPER_ACTION,INATTENTION_DISTRACTION
2523812,2,OTHER_97,-111.66355642631,35.178981885077,2,UNKNOWN_99,OTHER_97,FLAGSTAFF,2011-05-26 15:02:00,NO_IMPROPER_ACTION,OTHER_97