IncidentID,num_vehicles_involved,eCollisionManner,Longitude,Latitude,InjurySeverity,eIntersectionType,eCollisionManner,city_name,IncidentDateTime,cyclist_citations,driver_citations
2523818,2,ANGLE_FRONT_TO_SIDE,-111.726195859775,33.6152796581384,4,T_INTERSECTION,ANGLE_FRONT_TO_SIDE,FOUNTAIN HILLS,2011-05-17 15:23:00,MADE_IMPROPER_TURN,NO_IMPROPER_ACTION+NOT_APPLICABLE_MINUS_1+NOT_APPLICABLE_MINUS_1
2523830,2,ANGLE_FRONT_TO_SIDE,-111.89661902312,33.8261490377409,4,UNKNOWN_99,ANGLE_FRONT_TO_SIDE,CAREFREE,2011-05-09 08:52:00,FAILED_TO_YIELD_RIGHT_OF_WAY_103,NOT_APPLICABLE_MINUS_1+NO_IMPROPER_ACTION
2523877,2,SIDESWIPE_SAME_DIRECTION,-111.836716452619,33.5897681640529,3,UNKNOWN_99,SIDESWIPE_SAME_DIRECTION,SCOTTSDALE,2011-05-12 09:56:00,NO_IMPROPER_ACTION,OTHER_UNSAFE_PASSING
2523930,2,SIDESWIPE_SAME_DIRECTION,-111.669668904829,33.391491647958,3,UNKNOWN_99,SIDESWIPE_SAME_DIRECTION,MESA,2011-05-16 13:02:00,NO_IMPROPER_ACTION,NO_IMPROPER_ACTION
2523974,2,ANGLE_FRONT_TO_SIDE,-112.358155165281,33.4586195980473,3,INTERSECTION_AS_PART_OF_INTERCHANGE,ANGLE_FRONT_TO_SIDE,GOODYEAR,2011-04-15 16:53:00,DROVE_RODE_IN_OPPOSING_TRAFFIC_LANE,NO_IMPROPER_ACTION
2523988,2,ANGLE_FRONT_TO_SIDE,-111.719985889851,33.4373473422584,3,UNKNOWN_99,ANGLE_FRONT_TO_SIDE,MESA,2011-05-20 18:46:00,DROVE_RODE_IN_OPPOSING_TRAFFIC_LANE,NO_IMPROPER_ACTION
2523992,2,ANGLE_FRONT_TO_SIDE,-111.603968433894,33.4078227720784,3,FOUR_WAY_INTERSECTION,ANGLE_FRONT_TO_SIDE,MESA,2011-05-28 12:11:00,DISREGARDED_TRAFFIC_SIGNAL,NO_IMPROPER_ACTION
2524012,2,ANGLE_FRONT_TO_SIDE,-111.590933369927,33.3425778822057,4,T_INTERSECTION,ANGLE_FRONT_TO_SIDE,MESA,2011-05-23 15:21:00,OTHER_97,NO_IMPROPER_ACTION
2524047,3,OTHER_97,-112.065175986903,33.5741319489503,5,T_INTERSECTION,OTHER_97,PHOENIX,2011-05-14 19:16:00,FAILED_TO_YIELD_RIGHT_OF_WAY_103,NOT_APPLICABLE_MINUS_1+NO_IMPROPER_ACTION+NOT_APPLICABLE_MINUS_1+NO_IMPROPER_ACTION
2524241,2,ANGLE_FRONT_TO_SIDE,-112.065843617342,33.6683179397752,2,FOUR_WAY_INTERSECTION,ANGLE_FRONT_TO_SIDE,PHOENIX,2011-04-18 21:40:00,NO_IMPROPER_ACTION,INATTENTION_DISTRACTION
2524419,2,SIDESWIPE_SAME_DIRECTION,-111.858337303507,33.2140252248838,1,FOUR_WAY_INTERSECTION,SIDESWIPE_SAME_DIRECTION,UNSPECIFIED_999,2011-05-19 18:07:00,FAILED_TO_YIELD_RIGHT_OF_WAY_103,FAILED_TO_YIELD_RIGHT_OF_WAY_103
2524432,2,SIDESWIPE_SAME_DIRECTION,-111.560649021163,35.2491280423927,4,NOT_AT_INTERSECTION_0,SIDESWIPE_SAME_DIRECTION,UNSPECIFIED_999,2011-05-05 19:49:00,SPEED_TOO_FAST_FOR_CONDITIONS,NO_IMPROPER_ACTION
2524461,2,HEAD_ON,-112.073813097798,33.4482410804499,3,NOT_AT_INTERSECTION_0,HEAD_ON,AVONDALE,2011-05-15 14:00:00,NO_IMPROPER_ACTION,NO_IMPROPER_ACTION+NOT_APPLICABLE_MINUS_1+NOT_APPLICABLE_MINUS_1
2524501,2,ANGLE_FRONT_TO_SIDE,-112.279919817848,33.681783610481,1,FOUR_WAY_INTERSECTION,ANGLE_FRONT_TO_SIDE,PEORIA,2011-05-31 13:05:00,INATTENTION_DISTRACTION,NO_IMPROPER_ACTION
2524529,2,ANGLE_FRONT_TO_SIDE,-111.911338479414,33.3491246761201,3,FOUR_WAY_INTERSECTION,ANGLE_FRONT_TO_SIDE,TEMPE,2011-05-23 14:53:00,DISREGARDED_TRAFFIC_SIGNAL,NO_IMPROPER_ACTION
2524534,2,LEFT_TURN,-111.922750848467,33.3419289435878,3,UNKNOWN_99,LEFT_TURN,TEMPE,2011-05-23 21:45:00,SPEED_TOO_FAST_FOR_CONDITIONS,INATTENTION_DISTRACTION
2524550,2,ANGLE_FRONT_TO_SIDE,-111.904751843224,33.4292360089204,3,FOUR_WAY_INTERSECTION,ANGLE_FRONT_TO_SIDE,TEMPE,2011-05-01 16:45:00,NO_IMPROPER_ACTION,DISREGARDED_TRAFFIC_SIGNAL+NOT_APPLICABLE_MINUS_1+NOT_APPLICABLE_MINUS_1
2524621,2,ANGLE_FRONT_TO_SIDE,0,0,2,FOUR_WAY_INTERSECTION,ANGLE_FRONT_TO_SIDE,COOLIDGE,2011-05-04 17:06:00,DISREGARDED_TRAFFIC_SIGNAL,NO_IMPROPER_ACTION
2524873,2,SIDESWIPE_OPPOSITE_DIRECTION,-111.840059183095,33.3934743248339,1,FOUR_WAY_INTERSECTION,SIDESWIPE_OPPOSITE_DIRECTION,MESA,2011-05-14 18:49:00,DISREGARDED_TRAFFIC_SIGNAL,NO_IMPROPER_ACTION
2524961,2,ANGLE_FRONT_TO_SIDE,-111.546059943067,33.3933579635602,3,FOUR_WAY_INTERSECTION,ANGLE_FRONT_TO_SIDE,APACHE JUNCTION,2011-05-29 06:29:00,NO_IMPROPER_ACTION,OTHER_97
2525063,3,ANGLE_FRONT_TO_SIDE,-111.943403714673,33.5675699375776,3,FOUR_WAY_INTERSECTION,ANGLE_FRONT_TO_SIDE,PARADISE VALLEY,2011-05-18 18:43:00,NO_IMPROPER_ACTION,NO_IMPROPER_ACTION+RAN_STOP_SIGN
2525149,2,ANGLE_FRONT_TO_SIDE,-111.951970431802,33.3928536766562,1,FOUR_WAY_INTERSECTION,ANGLE_FRONT_TO_SIDE,TEMPE,2011-05-02 18:28:00,DISREGARDED_TRAFFIC_SIGNAL,NO_IMPROPER_ACTION
2525155,2,SIDESWIPE_OPPOSITE_DIRECTION,-112.123742115707,34.7405526312065,3,NOT_AT_INTERSECTION_0,SIDESWIPE_OPPOSITE_DIRECTION,UNSPECIFIED_999,2011-05-28 11:24:00,DROVE_RODE_IN_OPPOSING_TRAFFIC_LANE,NO_IMPROPER_ACTION+NOT_APPLICABLE_MINUS_1
2525163,2,ANGLE_FRONT_TO_SIDE,-111.919744881482,33.4147654648154,2,NOT_AT_INTERSECTION_0,ANGLE_FRONT_TO_SIDE,TEMPE,2011-05-03 15:29:00,OTHER_97,NO_IMPROPER_ACTION
2525179,2,ANGLE_FRONT_TO_SIDE,-111.784174561449,33.2191382667503,3,T_INTERSECTION,ANGLE_FRONT_TO_SIDE,CHANDLER,2011-05-30 15:47:00,INATTENTION_DISTRACTION,INATTENTION_DISTRACTION
2525186,2,ANGLE_FRONT_TO_SIDE,-111.841511018533,33.3134200758724,2,FOUR_WAY_INTERSECTION,ANGLE_FRONT_TO_SIDE,CHANDLER,2011-05-17 14:01:00,UNKNOWN_99,INATTENTION_DISTRACTION
2525221,2,ANGLE_FRONT_TO_SIDE,-111.911150478878,33.3200471998786,4,FOUR_WAY_INTERSECTION,ANGLE_FRONT_TO_SIDE,CHANDLER,2011-05-24 19:26:00,DISREGARDED_TRAFFIC_SIGNAL,NO_IMPROPER_ACTION
2525230,2,ANGLE_FRONT_TO_SIDE,-111.93858371509,33.3053549449214,2,T_INTERSECTION,ANGLE_FRONT_TO_SIDE,CHANDLER,2011-05-03 11:07:00,DROVE_RODE_IN_OPPOSING_TRAFFIC_LANE,NO_IMPROPER_ACTION
2525308,2,OTHER_97,-111.858606061344,33.2724332647563,2,UNKNOWN_99,OTHER_97,CHANDLER,2011-05-25 06:29:00,NO_IMPROPER_ACTION,INATTENTION_DISTRACTION
2525375,2,OTHER_97,-111.865177888918,33.2471172435545,3,FOUR_WAY_INTERSECTION,OTHER_97,CHANDLER,2011-05-14 09:43:00,NO_IMPROPER_ACTION,NOT_APPLICABLE_MINUS_1+MADE_IMPROPER_TURN
2525540,2,OTHER_97,-111.919877664565,33.3054200411425,3,FOUR_WAY_INTERSECTION,OTHER_97,CHANDLER,2011-05-16 07:49:00,DROVE_RODE_IN_OPPOSING_TRAFFIC_LANE,NO_IMPROPER_ACTION+NOT_APPLICABLE_MINUS_1
2525593,2,UNKNOWN_99,-112.203071659066,33.6600743035127,1,FOUR_WAY_INTERSECTION,UNKNOWN_99,GLENDALE,2011-05-10 15:36:00,UNKNOWN_99,UNKNOWN_99
2525710,2,ANGLE_FRONT_TO_SIDE,-112.179952629817,33.5449159329166,3,FOUR_WAY_INTERSECTION,ANGLE_FRONT_TO_SIDE,GLENDALE,2011-05-13 07:25:00,NO_IMPROPER_ACTION,FAILED_TO_YIELD_RIGHT_OF_WAY_103
2525765,2,SIDESWIPE_SAME_DIRECTION,-112.220517703791,33.5313023552569,1,UNKNOWN_99,SIDESWIPE_SAME_DIRECTION,GLENDALE,2011-05-25 01:30:00,NO_IMPROPER_ACTION,UNKNOWN_99
2525789,2,LEFT_TURN,-112.164452236582,33.5764052817153,2,T_INTERSECTION,LEFT_TURN,GLENDALE,2011-05-03 19:15:00,NO_IMPROPER_ACTION,FAILED_TO_YIELD_RIGHT_OF_WAY_103
2525815,2,UNKNOWN_99,-112.203053571383,33.5394464035923,1,UNKNOWN_99,UNKNOWN_99,GLENDALE,2011-05-16 17:13:00,DROVE_RODE_IN_OPPOSING_TRAFFIC_LANE,INATTENTION_DISTRACTION+NOT_APPLICABLE_MINUS_1
2525862,2,ANGLE_FRONT_TO_SIDE,-112.177813373544,33.6388880331281,4,FOUR_WAY_INTERSECTION,ANGLE_FRONT_TO_SIDE,GLENDALE,2011-05-06 10:02:00,INATTENTION_DISTRACTION,DROVE_RODE_IN_OPPOSING_TRAFFIC_LANE
2525886,2,ANGLE_FRONT_TO_SIDE,-112.202466122127,33.6278293751867,4,FOUR_WAY_INTERSECTION,ANGLE_FRONT_TO_SIDE,GLENDALE,2011-05-14 15:42:00,DID_NOT_USE_CROSSWALK,NO_IMPROPER_ACTION
2526016,2,ANGLE_FRONT_TO_SIDE,-112.233424798324,33.638158955762,2,FOUR_WAY_INTERSECTION,ANGLE_FRONT_TO_SIDE,GLENDALE,2011-05-07 11:03:00,DISREGARDED_TRAFFIC_SIGNAL,NO_IMPROPER_ACTION+NOT_APPLICABLE_MINUS_1
2526161,2,UNKNOWN_99,-110.969963959308,32.2219417287946,2,UNKNOWN_99,UNKNOWN_99,TUCSON,2011-05-03 15:43:00,NO_IMPROPER_ACTION,OTHER_UNSAFE_PASSING
2526188,2,OTHER_97,-110.839437939853,32.2014907452888,3,UNKNOWN_99,OTHER_97,TUCSON,2011-05-06 18:40:00,DID_NOT_USE_CROSSWALK,NOT_APPLICABLE_MINUS_1+NOT_APPLICABLE_MINUS_1+NO_IMPROPER_ACTION
2526227,2,OTHER_97,-110.974959065414,32.221438058036,3,FOUR_WAY_INTERSECTION,OTHER_97,TUCSON,2011-05-06 14:03:00,NO_IMPROPER_ACTION,FAILED_TO_YIELD_RIGHT_OF_WAY_103
2526289,2,OTHER_97,-110.875176372414,32.2434606093486,2,FOUR_WAY_INTERSECTION,OTHER_97,TUCSON,2011-05-12 07:58:00,NO_IMPROPER_ACTION,FAILED_TO_YIELD_RIGHT_OF_WAY_103
2526383,2,OTHER_97,-111.650989455506,35.198094191607,1,T_INTERSECTION,OTHER_97,FLAGSTAFF,2011-05-25 16:44:00,OTHER_UNSAFE_PASSING,OTHER_97
2526391,2,SIDESWIPE_SAME_DIRECTION,-111.605321058512,35.210519858618,1,FOUR_WAY_INTERSECTION,SIDESWIPE_SAME_DIRECTION,FLAGSTAFF,2011-05-31 07:36:00,NO_IMPROPER_ACTION,MADE_IMPROPER_TURN
2526406,2,OTHER_97,-110.963395794824,32.2576761699582,3,FOUR_WAY_INTERSECTION,OTHER_97,TUCSON,2011-05-17 22:57:00,NO_IMPROPER_ACTION,RAN_STOP_SIGN
2526426,2,OTHER_97,-110.909450004693,32.1994982842139,3,FOUR_WAY_INTERSECTION,OTHER_97,TUCSON,2011-05-18 10:08:00,OTHER_97,INATTENTION_DISTRACTION
2526530,2,ANGLE_FRONT_TO_SIDE,-112.034357292279,33.480282289164,3,T_INTERSECTION,ANGLE_FRONT_TO_SIDE,PHOENIX,2011-05-27 12:19:00,DID_NOT_USE_CROSSWALK,NO_IMPROPER_ACTION
2526629,2,ANGLE_FRONT_TO_SIDE,-112.034515354173,33.5092984059754,2,FOUR_WAY_INTERSECTION,ANGLE_FRONT_TO_SIDE,PHOENIX,2011-05-24 02:30:00,NO_IMPROPER_ACTION,FAILED_TO_YIELD_RIGHT_OF_WAY_103
2526657,2,OTHER_97,-111.992570594545,33.3357727317051,3,UNKNOWN_99,OTHER_97,PHOENIX,2011-05-25 07:15:00,SPEED_TOO_FAST_FOR_CONDITIONS,NO_IMPROPER_ACTION
2526664,2,ANGLE_FRONT_TO_SIDE,-112.065537429195,33.6395166690988,3,FOUR_WAY_INTERSECTION,ANGLE_FRONT_TO_SIDE,PHOENIX,2011-05-28 15:02:00,FAILED_TO_YIELD_RIGHT_OF_WAY_103,NO_IMPROPER_ACTION
2526671,2,OTHER_97,-112.049565893879,33.4874200607648,2,LEGACY_INTERSECTION_RELATED_PRIOR_2009_98,OTHER_97,PHOENIX,2011-05-10 16:24:00,FAILED_TO_YIELD_RIGHT_OF_WAY_103,NO_IMPROPER_ACTION
2526672,2,OTHER_97,-112.031901368551,33.6477584441621,4,UNKNOWN_99,OTHER_97,PHOENIX,2011-05-12 14:40:00,FAILED_TO_YIELD_RIGHT_OF_WAY_103,FAILED_TO_YIELD_RIGHT_OF_WAY_103
2526766,2,OTHER_97,-112.121645626498,33.4367517027466,3,LEGACY_INTERSECTION_RELATED_PRIOR_2009_98,OTHER_97,PHOENIX,2011-05-18 11:10:00,UNKNOWN_99,UNKNOWN_99
2526826,2,OTHER_97,-112.03803647163,33.4804452574726,3,NOT_AT_INTERSECTION_0,OTHER_97,PHOENIX,2011-05-24 14:15:00,FAILED_TO_YIELD_RIGHT_OF_WAY_103,NO_IMPROPER_ACTION
2526848,2,OTHER_97,-112.017412063122,33.5825116009999,3,UNKNOWN_99,OTHER_97,PHOENIX,2011-05-26 11:44:00,OTHER_97,INATTENTION_DISTRACTION
2526886,3,OTHER_97,-112.123986657091,33.5818232437532,3,UNKNOWN_99,OTHER_97,PHOENIX,2011-06-01 14:40:00,NO_IMPROPER_ACTION+NO_IMPROPER_ACTION,FAILED_TO_YIELD_RIGHT_OF_WAY_103
2526887,2,OTHER_97,-112.056501049456,33.4657302459696,4,UNKNOWN_99,OTHER_97,PHOENIX,2011-06-01 14:45:00,INATTENTION_DISTRACTION,INATTENTION_DISTRACTION
2526906,2,OTHER_97,-112.099716328331,33.6429597427324,2,UNKNOWN_99,OTHER_97,PHOENIX,2011-06-02 15:21:00,OTHER_97,NO_IMPROPER_ACTION
2526910,2,OTHER_97,-112.040053287692,33.5091950104838,2,UNKNOWN_99,OTHER_97,PHOENIX,2011-06-02 17:30:00,FAILED_TO_YIELD_RIGHT_OF_WAY_103,NO_IMPROPER_ACTION
2526931,2,OTHER_97,-112.078746370222,33.4947883281281,3,UNKNOWN_99,OTHER_97,PHOENIX,2011-06-03 12:25:00,OTHER_97,NO_IMPROPER_ACTION
2526936,2,OTHER_97,-112.177471400828,33.4985981147233,3,LEGACY_INTERSECTION_RELATED_PRIOR_2009_98,OTHER_97,PHOENIX,2011-06-07 16:11:00,RAN_STOP_SIGN,NO_IMPROPER_ACTION+NOT_APPLICABLE_MINUS_1
2526979,2,OTHER_97,-111.683976827467,33.4969905209669,1,NOT_AT_INTERSECTION_0,OTHER_97,UNSPECIFIED_999,2011-07-02 06:04:00,NO_IMPROPER_ACTION,SPEED_TOO_FAST_FOR_CONDITIONS
2526981,2,OTHER_97,-112.069564432899,33.5713491444211,4,LEGACY_INTERSECTION_RELATED_PRIOR_2009_98,OTHER_97,PHOENIX,2011-05-31 08:57:00,RAN_STOP_SIGN,NOT_APPLICABLE_MINUS_1+NOT_APPLICABLE_MINUS_1+NO_IMPROPER_ACTION
2527065,2,SIDESWIPE_SAME_DIRECTION,-111.841594601318,33.2965208914341,2,NOT_REPORTED_255,SIDESWIPE_SAME_DIRECTION,CHANDLER,2011-04-26 19:47:00,NO_IMPROPER_ACTION,UNKNOWN_99
2527125,2,REAR_TO_SIDE,-112.134190633072,33.5078436747502,2,UNKNOWN_99,REAR_TO_SIDE,PHOENIX,2011-05-27 17:45:00,SPEED_TOO_FAST_FOR_CONDITIONS,NO_IMPROPER_ACTION
2527146,2,OTHER_97,-112.116384416015,33.5819614069312,3,T_INTERSECTION,OTHER_97,PHOENIX,2011-04-23 15:45:00,NO_IMPROPER_ACTION,OTHER_97
2527180,2,ANGLE_FRONT_TO_SIDE,-111.651335814213,35.198202226839,2,T_INTERSECTION,ANGLE_FRONT_TO_SIDE,FLAGSTAFF,2011-05-13 17:14:00,OTHER_UNSAFE_PASSING,INATTENTION_DISTRACTION
2527241,2,OTHER_97,-112.099660880348,33.5604348142622,3,FOUR_WAY_INTERSECTION,OTHER_97,PHOENIX,2011-05-19 16:38:00,DROVE_RODE_IN_OPPOSING_TRAFFIC_LANE,NO_IMPROPER_ACTION
2527324,2,ANGLE_FRONT_TO_SIDE,-112.224811945041,33.5057145615929,2,T_INTERSECTION,ANGLE_FRONT_TO_SIDE,PHOENIX,2011-05-29 18:00:00,INATTENTION_DISTRACTION,NOT_APPLICABLE_MINUS_1+NO_IMPROPER_ACTION
2527351,2,ANGLE_FRONT_TO_SIDE,-111.993808587732,33.2979507906882,3,FOUR_WAY_INTERSECTION,ANGLE_FRONT_TO_SIDE,PHOENIX,2011-05-31 12:18:00,DROVE_RODE_IN_OPPOSING_TRAFFIC_LANE,NO_IMPROPER_ACTION
2527366,2,OTHER_97,-112.196530797073,33.4908162512729,2,UNKNOWN_99,OTHER_97,PHOENIX,2011-05-30 18:15:00,UNKNOWN_99,INATTENTION_DISTRACTION+NOT_APPLICABLE_MINUS_1+NOT_APPLICABLE_MINUS_1+NOT_APPLICABLE_MINUS_1+NOT_APPLICABLE_MINUS_1
2527378,2,ANGLE_FRONT_TO_SIDE,-111.817055943724,33.3642846532439,4,FOUR_WAY_INTERSECTION,ANGLE_FRONT_TO_SIDE,GILBERT,2011-05-31 13:50:00,NO_IMPROPER_ACTION,INATTENTION_DISTRACTION
2527416,2,ANGLE_FRONT_TO_SIDE,-112.075105523323,33.4488386412877,3,UNKNOWN_99,ANGLE_FRONT_TO_SIDE,PHOENIX,2011-05-26 18:37:00,DROVE_RODE_IN_OPPOSING_TRAFFIC_LANE,NO_IMPROPER_ACTION
2527430,2,ANGLE_FRONT_TO_SIDE,-111.945645251461,33.3344376306933,3,FOUR_WAY_INTERSECTION,ANGLE_FRONT_TO_SIDE,TEMPE,2011-05-26 08:52:00,DISREGARDED_TRAFFIC_SIGNAL,NO_IMPROPER_ACTION
2527452,2,ANGLE_FRONT_TO_SIDE,-111.908912804472,33.4219833761033,3,FOUR_WAY_INTERSECTION,ANGLE_FRONT_TO_SIDE,TEMPE,2011-05-27 06:22:00,DROVE_RODE_IN_OPPOSING_TRAFFIC_LANE,NO_IMPROPER_ACTION
2527461,2,ANGLE_FRONT_TO_SIDE,-111.783586080234,33.3355212147185,1,T_INTERSECTION,ANGLE_FRONT_TO_SIDE,GILBERT,2011-05-26 18:40:00,NO_IMPROPER_ACTION,OTHER_97
2527603,2,ANGLE_FRONT_TO_SIDE,-111.924742093579,33.4876504620229,3,T_INTERSECTION,ANGLE_FRONT_TO_SIDE,SCOTTSDALE,2011-06-02 09:31:00,NO_IMPROPER_ACTION,RAN_STOP_SIGN
2527609,3,OTHER_97,-111.904564541826,33.5004081050265,2,NOT_AT_INTERSECTION_0,OTHER_97,SCOTTSDALE,2011-06-07 21:26:00,NO_IMPROPER_ACTION+NO_IMPROPER_ACTION,FAILED_TO_YIELD_RIGHT_OF_WAY_103
2527630,2,ANGLE_FRONT_TO_SIDE,-111.925930009605,33.5964273327794,3,FOUR_WAY_INTERSECTION,ANGLE_FRONT_TO_SIDE,SCOTTSDALE,2011-06-01 07:46:00,NO_IMPROPER_ACTION,FAILED_TO_YIELD_RIGHT_OF_WAY_103
2527650,2,ANGLE_FRONT_TO_SIDE,-111.943310915717,33.5967791922903,1,FOUR_WAY_INTERSECTION,ANGLE_FRONT_TO_SIDE,PHOENIX,2011-06-09 07:50:00,NO_IMPROPER_ACTION,MADE_IMPROPER_TURN
2527653,2,ANGLE_FRONT_TO_SIDE,-111.904677977578,33.4658170510363,3,FOUR_WAY_INTERSECTION,ANGLE_FRONT_TO_SIDE,SCOTTSDALE,2011-06-21 12:54:00,DROVE_RODE_IN_OPPOSING_TRAFFIC_LANE,INATTENTION_DISTRACTION+NOT_APPLICABLE_MINUS_1+NOT_APPLICABLE_MINUS_1+NOT_APPLICABLE_MINUS_1
2527769,2,OTHER_97,0,0,3,FOUR_WAY_INTERSECTION,OTHER_97,YUMA,2011-05-19 16:00:00,NO_IMPROPER_ACTION,INATTENTION_DISTRACTION
2527774,2,REAR_END,-112.226947052135,33.6816635878263,3,NOT_AT_INTERSECTION_0,REAR_END,PEORIA,2011-05-28 05:28:00,NO_IMPROPER_ACTION,OTHER_UNSAFE_PASSING
2527838,2,ANGLE_FRONT_TO_SIDE,-110.687534877878,32.0976349085596,2,FOUR_WAY_INTERSECTION,ANGLE_FRONT_TO_SIDE,UNSPECIFIED_999,2011-05-28 08:23:00,NO_IMPROPER_ACTION,RAN_STOP_SIGN
2527919,2,ANGLE_FRONT_TO_SIDE,0,0,2,UNKNOWN_99,ANGLE_FRONT_TO_SIDE,SAN LUIS,2011-05-04 07:42:00,UNKNOWN_99,INATTENTION_DISTRACTION
2527941,2,ANGLE_FRONT_TO_SIDE,-111.93935230164,33.3782075683466,3,FOUR_WAY_INTERSECTION,ANGLE_FRONT_TO_SIDE,TEMPE,2011-05-29 12:06:00,INATTENTION_DISTRACTION,NO_IMPROPER_ACTION
2527954,2,ANGLE_FRONT_TO_SIDE,-111.928266256228,33.3637508846403,3,NOT_REPORTED_255,ANGLE_FRONT_TO_SIDE,TEMPE,2011-05-21 16:13:00,OTHER_97,NO_IMPROPER_ACTION
2527959,2,ANGLE_FRONT_TO_SIDE,-111.917676183395,33.4220165352254,2,FOUR_WAY_INTERSECTION,ANGLE_FRONT_TO_SIDE,TEMPE,2011-05-27 20:00:00,DROVE_RODE_IN_OPPOSING_TRAFFIC_LANE,NO_IMPROPER_ACTION
2527975,2,OTHER_97,-111.94581034307,33.3513686313074,2,NOT_REPORTED_255,OTHER_97,TEMPE,2011-05-24 20:25:00,OTHER_97,UNKNOWN_99
2528165,2,OTHER_97,-110.959412975318,32.2213570126784,3,FOUR_WAY_INTERSECTION,OTHER_97,TUCSON,2011-05-21 05:51:00,NO_IMPROPER_ACTION,FAILED_TO_YIELD_RIGHT_OF_WAY_103
2528206,2,OTHER_97,-110.90939430096,32.2506174176882,3,FOUR_WAY_INTERSECTION,OTHER_97,TUCSON,2011-05-27 23:14:00,NO_IMPROPER_ACTION,INATTENTION_DISTRACTION
2528253,2,OTHER_97,-110.933464833338,32.1859989893626,3,NOT_REPORTED_255,OTHER_97,TUCSON,2011-05-30 18:33:00,FAILED_TO_YIELD_RIGHT_OF_WAY_103,NO_IMPROPER_ACTION
2528276,4,OTHER_97,-111.92566502999,33.5314537734172,2,FOUR_WAY_INTERSECTION,OTHER_97,SCOTTSDALE,2011-06-12 21:05:00,OTHER_97+OTHER_97+OTHER_97,NOT_APPLICABLE_MINUS_1+NO_IMPROPER_ACTION
2528277,2,ANGLE_FRONT_TO_SIDE,-111.921854923453,33.4876574836656,3,FOUR_WAY_INTERSECTION,ANGLE_FRONT_TO_SIDE,SCOTTSDALE,2011-06-20 17:08:00,DROVE_RODE_IN_OPPOSING_TRAFFIC_LANE,FAILED_TO_YIELD_RIGHT_OF_WAY_103
2528288,2,OTHER_97,-110.971737253022,32.230303513572,3,FOUR_WAY_INTERSECTION,OTHER_97,TUCSON,2011-05-31 17:07:00,UNKNOWN_99,UNKNOWN_99
2528307,2,ANGLE_FRONT_TO_SIDE,0,0,3,FOUR_WAY_INTERSECTION,ANGLE_FRONT_TO_SIDE,APACHE JUNCTION,2011-07-28 10:26:00,DROVE_RODE_IN_OPPOSING_TRAFFIC_LANE,NO_IMPROPER_ACTION
2528432,2,ANGLE_FRONT_TO_SIDE,-112.065527766158,33.6374746772128,3,FOUR_WAY_INTERSECTION,ANGLE_FRONT_TO_SIDE,PHOENIX,2011-05-03 16:51:00,OTHER_97,NO_IMPROPER_ACTION
2528449,2,OTHER_97,-112.060756876523,33.465843030793,3,FOUR_WAY_INTERSECTION,OTHER_97,PHOENIX,2011-05-04 20:30:00,NO_IMPROPER_ACTION,OTHER_97
2528475,2,OTHER_97,-112.09991023439,33.4950265293924,3,FOUR_WAY_INTERSECTION,OTHER_97,PHOENIX,2011-05-03 15:52:00,DISREGARDED_TRAFFIC_SIGNAL,NO_IMPROPER_ACTION
2528477,2,LEFT_TURN,-112.056326459975,33.4947420766183,1,FOUR_WAY_INTERSECTION,LEFT_TURN,PHOENIX,2011-05-02 18:29:00,NO_IMPROPER_ACTION,OTHER_97
2528486,2,ANGLE_FRONT_TO_SIDE,-112.030222025554,33.472969173316,2,NOT_AT_INTERSECTION_0,ANGLE_FRONT_TO_SIDE,PHOENIX,2011-05-05 07:59:00,NO_IMPROPER_ACTION,OTHER_97
2528495,2,HEAD_ON,-112.073813097798,33.4482410804499,3,FOUR_WAY_INTERSECTION,HEAD_ON,PHOENIX,2011-05-05 13:23:00,OTHER_97,NO_IMPROPER_ACTION
2528504,2,LEFT_TURN,-112.034569893002,33.4802812277885,1,T_INTERSECTION,LEFT_TURN,PHOENIX,2011-05-03 14:41:00,NO_IMPROPER_ACTION,FAILED_TO_YIELD_RIGHT_OF_WAY_103
2528533,2,ANGLE_FRONT_TO_SIDE,-112.290122515424,33.5008874668409,3,T_INTERSECTION,ANGLE_FRONT_TO_SIDE,PHOENIX,2011-05-04 08:41:00,NO_IMPROPER_ACTION,RAN_STOP_SIGN
2528605,2,OTHER_97,-110.971219799025,32.2719981120196,4,UNKNOWN_99,OTHER_97,TUCSON,2011-05-25 08:06:00,NO_IMPROPER_ACTION,OTHER_97
2528608,2,LEFT_TURN,-112.007172400817,33.6263265152334,3,FOUR_WAY_INTERSECTION,LEFT_TURN,PHOENIX,2011-05-06 16:50:00,DISREGARDED_TRAFFIC_SIGNAL,NO_IMPROPER_ACTION
2528757,2,ANGLE_FRONT_TO_SIDE,-112.030978567203,33.4585979632827,2,NOT_REPORTED_255,ANGLE_FRONT_TO_SIDE,PHOENIX,2011-05-04 17:57:00,DROVE_RODE_IN_OPPOSING_TRAFFIC_LANE,NO_IMPROPER_ACTION
2528780,2,ANGLE_FRONT_TO_SIDE,-112.110884156667,33.6399686936314,3,NOT_AT_INTERSECTION_0,ANGLE_FRONT_TO_SIDE,PHOENIX,2011-05-04 13:54:00,NO_IMPROPER_ACTION,INATTENTION_DISTRACTION