IncidentID,num_vehicles_involved,eCollisionManner,Longitude,Latitude,InjurySeverity,eIntersectionType,eCollisionManner,city_name,IncidentDateTime,cyclist_citations,driver_citations
2528793,2,ANGLE_FRONT_TO_SIDE,-112.134474175472,33.6536808607963,4,NOT_REPORTED_255,ANGLE_FRONT_TO_SIDE,PHOENIX,2011-05-02 16:08:00,FAILED_TO_KEEP_IN_PROPER_LANE,INATTENTION_DISTRACTION
2528873,2,OTHER_97,-111.727116812501,32.8795707312004,1,FOUR_WAY_INTERSECTION,OTHER_97,CASA GRANDE,2011-05-10 18:45:00,UNKNOWN_99,UNKNOWN_99+NOT_APPLICABLE_MINUS_1+NOT_APPLICABLE_MINUS_1+NOT_APPLICABLE_MINUS_1+NOT_APPLICABLE_MINUS_1
2528883,2,ANGLE_FRONT_TO_SIDE,-111.981470030796,33.465653949611,3,UNKNOWN_99,ANGLE_FRONT_TO_SIDE,PHOENIX,2011-05-09 12:08:00,INATTENTION_DISTRACTION,NOT_APPLICABLE_MINUS_1+NO_IMPROPER_ACTION+NOT_APPLICABLE_MINUS_1+NOT_APPLICABLE_MINUS_1+NOT_APPLICABLE_MINUS_1
2528922,2,ANGLE_FRONT_TO_SIDE,-111.8522443665,33.4294617101162,1,T_INTERSECTION,ANGLE_FRONT_TO_SIDE,MESA,2011-06-07 16:56:00,DISREGARDED_TRAFFIC_SIGNAL,NOT_APPLICABLE_MINUS_1+NO_IMPROPER_ACTION
2528953,2,ANGLE_FRONT_TO_SIDE,-111.814925498917,33.4355027207414,4,UNKNOWN_99,ANGLE_FRONT_TO_SIDE,MESA,2011-06-08 19:18:00,DROVE_RODE_IN_OPPOSING_TRAFFIC_LANE,NOT_APPLICABLE_MINUS_1+NO_IMPROPER_ACTION
2529025,2,ANGLE_FRONT_TO_SIDE,-112.15017217948,33.5675220430144,2,NOT_AT_INTERSECTION_0,ANGLE_FRONT_TO_SIDE,PHOENIX,2011-05-11 14:55:00,OTHER_97,INATTENTION_DISTRACTION
2529033,2,ANGLE_FRONT_TO_SIDE,-112.129975924981,33.6398282809711,3,FOUR_WAY_INTERSECTION,ANGLE_FRONT_TO_SIDE,PHOENIX,2011-05-11 19:37:00,OTHER_97,INATTENTION_DISTRACTION
2529103,2,ANGLE_FRONT_TO_SIDE,-112.012991843673,33.495674090086,2,NOT_AT_INTERSECTION_0,ANGLE_FRONT_TO_SIDE,PHOENIX,2011-05-11 18:27:00,NO_IMPROPER_ACTION,OTHER_97
2529105,2,ANGLE_FRONT_TO_SIDE,-111.684737274852,33.3939804510037,2,FOUR_WAY_INTERSECTION,ANGLE_FRONT_TO_SIDE,MESA,2011-06-16 15:36:00,OTHER_97,INATTENTION_DISTRACTION
2529110,2,LEFT_TURN,-112.038892903298,33.4875162460412,4,FOUR_WAY_INTERSECTION,LEFT_TURN,PHOENIX,2011-05-10 06:54:00,NO_IMPROPER_ACTION,MADE_IMPROPER_TURN
2529143,2,ANGLE_FRONT_TO_SIDE,-111.805301719847,33.4173794732621,3,T_INTERSECTION,ANGLE_FRONT_TO_SIDE,MESA,2011-06-14 09:37:00,OTHER_97,NO_IMPROPER_ACTION
2529148,2,ANGLE_FRONT_TO_SIDE,-111.838150917217,33.4514368659277,3,UNKNOWN_99,ANGLE_FRONT_TO_SIDE,MESA,2011-06-17 14:07:00,DISREGARDED_PAVEMENT_MARKINGS,INATTENTION_DISTRACTION
2529155,2,ANGLE_FRONT_TO_SIDE,-111.779828139267,33.408135854701,3,FOUR_WAY_INTERSECTION,ANGLE_FRONT_TO_SIDE,MESA,2011-06-10 10:29:00,DROVE_RODE_IN_OPPOSING_TRAFFIC_LANE,NO_IMPROPER_ACTION
2529165,2,UNKNOWN_99,-111.85663967736,33.4105407657147,1,UNKNOWN_99,UNKNOWN_99,MESA,2011-06-16 15:35:00,OTHER_97,UNKNOWN_99
2529167,2,ANGLE_FRONT_TO_SIDE,-111.848234670823,33.4222780007657,3,FOUR_WAY_INTERSECTION,ANGLE_FRONT_TO_SIDE,MESA,2011-06-11 11:40:00,DISREGARDED_TRAFFIC_SIGNAL,NO_IMPROPER_ACTION+NOT_APPLICABLE_MINUS_1
2529204,2,HEAD_ON,-111.877754901608,33.414836755399,2,UNKNOWN_99,HEAD_ON,MESA,2011-06-13 13:42:00,UNKNOWN_99,UNKNOWN_99
2529377,2,ANGLE_FRONT_TO_SIDE,-112.03443947023,33.5969071692064,1,FOUR_WAY_INTERSECTION,ANGLE_FRONT_TO_SIDE,PHOENIX,2011-05-13 14:06:00,INATTENTION_DISTRACTION,NO_IMPROPER_ACTION
2529449,2,SIDESWIPE_SAME_DIRECTION,-112.048007656201,33.5882965968468,3,NOT_AT_INTERSECTION_0,SIDESWIPE_SAME_DIRECTION,PHOENIX,2011-05-16 11:53:00,NO_IMPROPER_ACTION,MADE_IMPROPER_TURN
2529461,2,ANGLE_FRONT_TO_SIDE,-112.117042893584,33.5276638635792,4,FOUR_WAY_INTERSECTION,ANGLE_FRONT_TO_SIDE,PHOENIX,2011-05-07 11:26:00,DROVE_RODE_IN_OPPOSING_TRAFFIC_LANE,FAILED_TO_YIELD_RIGHT_OF_WAY_103
2529488,2,OTHER_97,-110.892437217581,32.2687554431999,4,NOT_AT_INTERSECTION_0,OTHER_97,TUCSON,2011-05-20 18:25:00,NO_IMPROPER_ACTION,UNKNOWN_99
2529644,2,LEFT_TURN,-112.099797258592,33.6619873538118,3,FOUR_WAY_INTERSECTION,LEFT_TURN,PHOENIX,2011-05-12 07:46:00,INATTENTION_DISTRACTION,NOT_APPLICABLE_MINUS_1+MADE_IMPROPER_TURN
2529688,2,OTHER_97,-110.835278318577,32.1919391831246,2,NOT_REPORTED_255,OTHER_97,TUCSON,2011-06-11 16:16:00,NO_IMPROPER_ACTION,FAILED_TO_YIELD_RIGHT_OF_WAY_103
2529691,2,OTHER_97,-110.989015675041,32.2249092459099,3,FOUR_WAY_INTERSECTION,OTHER_97,TUCSON,2011-06-06 12:58:00,DROVE_RODE_IN_OPPOSING_TRAFFIC_LANE,NOT_APPLICABLE_MINUS_1+NO_IMPROPER_ACTION
2529716,2,OTHER_97,-110.938357249866,32.2360343189921,3,NOT_AT_INTERSECTION_0,OTHER_97,TUCSON,2011-06-11 14:21:00,INATTENTION_DISTRACTION,NO_IMPROPER_ACTION
2529771,2,OTHER_97,-110.824881095524,32.2064380491209,4,NOT_REPORTED_255,OTHER_97,TUCSON,2011-06-11 11:29:00,NO_IMPROPER_ACTION,INATTENTION_DISTRACTION
2529803,2,OTHER_97,-110.890706154845,32.221546389323,1,NOT_AT_INTERSECTION_0,OTHER_97,TUCSON,2011-06-14 20:39:00,FAILED_TO_YIELD_RIGHT_OF_WAY_103,NO_IMPROPER_ACTION
2529828,2,OTHER_97,-110.892700319088,32.2361991067889,3,NOT_REPORTED_255,OTHER_97,TUCSON,2011-06-13 12:35:00,NO_IMPROPER_ACTION,FAILED_TO_YIELD_RIGHT_OF_WAY_103
2529832,2,LEFT_TURN,-110.844418646839,32.3088726796535,3,FOUR_WAY_INTERSECTION,LEFT_TURN,UNSPECIFIED_999,2011-06-18 09:37:00,NO_IMPROPER_ACTION,FAILED_TO_YIELD_RIGHT_OF_WAY_103
2529897,2,ANGLE_FRONT_TO_SIDE,-112.356057893929,33.6675834530376,3,T_INTERSECTION,ANGLE_FRONT_TO_SIDE,UNSPECIFIED_999,2011-06-05 06:24:00,NO_IMPROPER_ACTION,FAILED_TO_YIELD_RIGHT_OF_WAY_103
2529914,2,OTHER_97,-110.900862706955,32.2071311140429,2,NOT_REPORTED_255,OTHER_97,TUCSON,2011-06-17 20:13:00,NO_IMPROPER_ACTION,FAILED_TO_YIELD_RIGHT_OF_WAY_103
2530015,2,ANGLE_FRONT_TO_SIDE,-111.841606301164,33.3206485446828,3,FOUR_WAY_INTERSECTION,ANGLE_FRONT_TO_SIDE,CHANDLER,2011-06-12 21:20:00,INATTENTION_DISTRACTION,NO_IMPROPER_ACTION
2530020,2,ANGLE_FRONT_TO_SIDE,-111.905047495751,33.3258185106393,1,T_INTERSECTION,ANGLE_FRONT_TO_SIDE,CHANDLER,2011-06-11 12:07:00,INATTENTION_DISTRACTION,NO_IMPROPER_ACTION
2530066,2,ANGLE_FRONT_TO_SIDE,-111.63777995291,33.2486869288151,1,FOUR_WAY_INTERSECTION,ANGLE_FRONT_TO_SIDE,UNSPECIFIED_999,2011-06-14 16:14:00,NO_IMPROPER_ACTION,INATTENTION_DISTRACTION+NOT_APPLICABLE_MINUS_1+NOT_APPLICABLE_MINUS_1+NOT_APPLICABLE_MINUS_1
2530080,2,OTHER_97,-110.931875733872,32.2360649392422,4,NOT_REPORTED_255,OTHER_97,TUCSON,2011-06-16 19:02:00,OTHER_97,NO_IMPROPER_ACTION
2530143,2,OTHER_97,-111.524003030631,32.9773794519876,1,UNKNOWN_99,OTHER_97,COOLIDGE,2011-06-03 16:59:00,INATTENTION_DISTRACTION,NO_IMPROPER_ACTION
2530145,2,ANGLE_FRONT_TO_SIDE,-111.840059648813,33.393329768029,4,FOUR_WAY_INTERSECTION,ANGLE_FRONT_TO_SIDE,MESA,2011-06-16 12:06:00,OTHER_97,NO_IMPROPER_ACTION
2530190,2,ANGLE_FRONT_TO_SIDE,-111.926275450315,33.4128722346264,3,FOUR_WAY_INTERSECTION,ANGLE_FRONT_TO_SIDE,TEMPE,2011-06-06 18:28:00,NO_IMPROPER_ACTION,DISREGARDED_TRAFFIC_SIGNAL
2530237,2,REAR_TO_SIDE,-112.073813097798,33.4482410804499,1,NOT_AT_INTERSECTION_0,REAR_TO_SIDE,SCOTTSDALE,2011-06-23 08:00:00,NO_IMPROPER_ACTION,NO_IMPROPER_ACTION
2530368,2,ANGLE_FRONT_TO_SIDE,-111.847160180182,33.3351140707635,2,FOUR_WAY_INTERSECTION,ANGLE_FRONT_TO_SIDE,CHANDLER,2011-06-22 16:31:00,OTHER_97,NO_IMPROPER_ACTION
2530417,2,SIDESWIPE_SAME_DIRECTION,-111.842112855562,33.309790458548,3,T_INTERSECTION,SIDESWIPE_SAME_DIRECTION,CHANDLER,2011-06-26 09:02:00,UNKNOWN_99,UNKNOWN_99
2530431,2,ANGLE_FRONT_TO_SIDE,-111.824109758258,33.3098298535204,1,FOUR_WAY_INTERSECTION,ANGLE_FRONT_TO_SIDE,CHANDLER,2011-06-30 11:39:00,OTHER_97,NO_IMPROPER_ACTION
2530435,2,OTHER_97,-110.943949101203,32.2317776736715,3,FOUR_WAY_INTERSECTION,OTHER_97,TUCSON,2011-06-21 07:54:00,NO_IMPROPER_ACTION,FAILED_TO_YIELD_RIGHT_OF_WAY_103
2530459,2,OTHER_97,-110.823751150673,32.2064445098209,3,FOUR_WAY_INTERSECTION,OTHER_97,TUCSON,2011-06-21 06:11:00,NO_IMPROPER_ACTION,OTHER_97
2530525,2,ANGLE_FRONT_TO_SIDE,-111.831185397836,33.3046863464075,2,UNKNOWN_99,ANGLE_FRONT_TO_SIDE,CHANDLER,2011-06-20 17:58:00,INATTENTION_DISTRACTION,NO_IMPROPER_ACTION+NOT_APPLICABLE_MINUS_1
2530536,2,ANGLE_FRONT_TO_SIDE,-112.246413415771,33.5519326589433,1,T_INTERSECTION,ANGLE_FRONT_TO_SIDE,PEORIA,2011-06-18 14:21:00,INATTENTION_DISTRACTION,NO_IMPROPER_ACTION
2530639,3,ANGLE_FRONT_TO_SIDE,-111.875614394966,33.3640715093873,3,T_INTERSECTION,ANGLE_FRONT_TO_SIDE,MESA,2011-06-13 17:04:00,NO_IMPROPER_ACTION,NO_IMPROPER_ACTION+INATTENTION_DISTRACTION
2530641,2,ANGLE_FRONT_TO_SIDE,-112.19746406284,33.5817819530936,1,T_INTERSECTION,ANGLE_FRONT_TO_SIDE,GLENDALE,2011-06-06 14:57:00,NO_IMPROPER_ACTION,FAILED_TO_YIELD_RIGHT_OF_WAY_103
2530659,2,SIDESWIPE_OPPOSITE_DIRECTION,-111.812881672501,33.3933533959296,3,UNKNOWN_99,SIDESWIPE_OPPOSITE_DIRECTION,MESA,2011-06-15 20:45:00,KNOWINGLY_OPERATED_WITH_FAULTY_MISSING_EQUIPMENT,NO_IMPROPER_ACTION
2530675,2,ANGLE_FRONT_TO_SIDE,-110.916540576032,32.1914154994854,1,T_INTERSECTION,ANGLE_FRONT_TO_SIDE,UNSPECIFIED_999,2011-06-22 08:24:00,OTHER_UNSAFE_PASSING,NO_IMPROPER_ACTION
2530788,2,ANGLE_FRONT_TO_SIDE,-112.039104924481,33.4775364258818,3,T_INTERSECTION,ANGLE_FRONT_TO_SIDE,PHOENIX,2011-05-17 15:46:00,INATTENTION_DISTRACTION,INATTENTION_DISTRACTION
2530799,2,ANGLE_FRONT_TO_SIDE,-112.087180175596,33.3775649235242,3,UNKNOWN_99,ANGLE_FRONT_TO_SIDE,PHOENIX,2011-05-17 20:54:00,NO_IMPROPER_ACTION,OTHER_97
2530859,2,OTHER_97,-112.026384577064,33.4949236430348,2,UNKNOWN_99,OTHER_97,PHOENIX,2011-05-19 18:20:00,UNKNOWN_99,NO_IMPROPER_ACTION
2530910,2,OTHER_97,-112.01334989086,33.4952269887916,3,UNKNOWN_99,OTHER_97,PHOENIX,2011-05-06 13:33:00,DROVE_RODE_IN_OPPOSING_TRAFFIC_LANE,NO_IMPROPER_ACTION
2531209,2,LEFT_TURN,-112.073834702146,33.4493129227315,3,FOUR_WAY_INTERSECTION,LEFT_TURN,PHOENIX,2011-05-20 09:12:00,OTHER_97,OTHER_97
2531229,2,ANGLE_FRONT_TO_SIDE,-112.097102691207,33.5385951949767,2,UNKNOWN_99,ANGLE_FRONT_TO_SIDE,PHOENIX,2011-05-18 14:15:00,DROVE_RODE_IN_OPPOSING_TRAFFIC_LANE,NO_IMPROPER_ACTION
2531239,2,LEFT_TURN,-112.186270625305,33.5675416782226,3,FOUR_WAY_INTERSECTION,LEFT_TURN,GLENDALE,2011-06-14 11:07:00,NO_IMPROPER_ACTION,SPEED_TOO_FAST_FOR_CONDITIONS
2531334,2,ANGLE_FRONT_TO_SIDE,-112.16843732386,33.5094643843577,3,FOUR_WAY_INTERSECTION,ANGLE_FRONT_TO_SIDE,GLENDALE,2011-06-02 19:33:00,DISREGARDED_TRAFFIC_SIGNAL,NO_IMPROPER_ACTION
2531388,2,ANGLE_FRONT_TO_SIDE,-112.099664028426,33.5902946848285,3,UNKNOWN_99,ANGLE_FRONT_TO_SIDE,PHOENIX,2011-05-26 14:41:00,DROVE_RODE_IN_OPPOSING_TRAFFIC_LANE,UNKNOWN_99
2531408,2,LEFT_TURN,-112.340944922841,33.4715337252809,3,FOUR_WAY_INTERSECTION,LEFT_TURN,UNSPECIFIED_999,2011-06-04 05:50:00,NO_IMPROPER_ACTION,FAILED_TO_YIELD_RIGHT_OF_WAY_103
2531411,2,OTHER_97,-111.753053070864,33.3356956757042,2,T_INTERSECTION,OTHER_97,GILBERT,2011-06-01 14:27:00,DROVE_RODE_IN_OPPOSING_TRAFFIC_LANE,NO_IMPROPER_ACTION
2531416,2,ANGLE_FRONT_TO_SIDE,-112.30236078335,33.4354638701103,4,T_INTERSECTION,ANGLE_FRONT_TO_SIDE,AVONDALE,2011-06-05 20:57:00,UNKNOWN_99,NO_IMPROPER_ACTION+NOT_APPLICABLE_MINUS_1
2531440,2,ANGLE_FRONT_TO_SIDE,-112.18564266299,33.6323577962511,4,FOUR_WAY_INTERSECTION,ANGLE_FRONT_TO_SIDE,GLENDALE,2011-06-02 06:18:00,DISREGARDED_TRAFFIC_SIGNAL,NO_IMPROPER_ACTION
2531445,2,ANGLE_FRONT_TO_SIDE,-112.202829512408,33.5816487781569,1,FOUR_WAY_INTERSECTION,ANGLE_FRONT_TO_SIDE,GLENDALE,2011-06-08 17:29:00,UNKNOWN_99,UNKNOWN_99
2531524,2,ANGLE_FRONT_TO_SIDE,-112.151570950598,33.5531163399721,2,FOUR_WAY_INTERSECTION,ANGLE_FRONT_TO_SIDE,PHOENIX,2011-06-13 21:47:00,NO_IMPROPER_ACTION,DISREGARDED_TRAFFIC_SIGNAL
2531680,2,ANGLE_FRONT_TO_SIDE,-111.606623208973,35.2125068033873,1,FOUR_WAY_INTERSECTION,ANGLE_FRONT_TO_SIDE,FLAGSTAFF,2011-06-10 13:10:00,DISREGARDED_TRAFFIC_SIGNAL,NO_IMPROPER_ACTION
2531684,2,SIDESWIPE_SAME_DIRECTION,-111.648236454303,35.1783612343844,3,UNKNOWN_99,SIDESWIPE_SAME_DIRECTION,FLAGSTAFF,2011-06-09 10:17:00,NO_IMPROPER_ACTION,OTHER_97
2531691,2,ANGLE_FRONT_TO_SIDE,-111.789770858432,33.3064079460172,1,FOUR_WAY_INTERSECTION,ANGLE_FRONT_TO_SIDE,UNSPECIFIED_999,2011-06-02 14:41:00,DISREGARDED_TRAFFIC_SIGNAL,UNKNOWN_99
2531706,2,ANGLE_FRONT_TO_SIDE,-111.738357877653,33.3324824714907,1,T_INTERSECTION,ANGLE_FRONT_TO_SIDE,GILBERT,2011-06-08 17:21:00,UNKNOWN_99,UNKNOWN_99
2531708,2,ANGLE_FRONT_TO_SIDE,-111.72105378276,33.3017288689727,1,T_INTERSECTION,ANGLE_FRONT_TO_SIDE,GILBERT,2011-06-08 13:48:00,OTHER_97,NO_IMPROPER_ACTION
2532058,2,ANGLE_FRONT_TO_SIDE,-111.658418341121,33.3792300068252,3,T_INTERSECTION,ANGLE_FRONT_TO_SIDE,MESA,2011-06-06 20:25:00,UNKNOWN_99,NO_IMPROPER_ACTION
2532065,2,ANGLE_FRONT_TO_SIDE,-111.739677515208,33.3800284797175,3,UNKNOWN_99,ANGLE_FRONT_TO_SIDE,MESA,2011-06-18 08:55:00,DROVE_RODE_IN_OPPOSING_TRAFFIC_LANE,NO_IMPROPER_ACTION
2532095,2,ANGLE_FRONT_TO_SIDE,-111.704051440983,33.3215281970923,4,FOUR_WAY_INTERSECTION,ANGLE_FRONT_TO_SIDE,GILBERT,2011-06-30 21:24:00,DISREGARDED_TRAFFIC_SIGNAL,NO_IMPROPER_ACTION
2532158,2,OTHER_97,-112.254921516316,33.5772054255217,3,FOUR_WAY_INTERSECTION,OTHER_97,PEORIA,2011-06-15 17:44:00,OTHER_97,NO_IMPROPER_ACTION
2532159,2,SIDESWIPE_OPPOSITE_DIRECTION,-112.221471023915,33.5396542456743,3,UNKNOWN_99,SIDESWIPE_OPPOSITE_DIRECTION,GLENDALE,2011-06-26 15:19:00,NO_IMPROPER_ACTION,EXCEEDED_LAWFUL_SPEED
2532214,2,REAR_END,-112.255126259341,33.5929877046306,3,FOUR_WAY_INTERSECTION,REAR_END,PEORIA,2011-06-15 10:45:00,INATTENTION_DISTRACTION,NO_IMPROPER_ACTION
2532217,2,HEAD_ON,-112.228930643712,33.6078046092582,3,T_INTERSECTION,HEAD_ON,PEORIA,2011-06-16 07:30:00,DROVE_RODE_IN_OPPOSING_TRAFFIC_LANE,INATTENTION_DISTRACTION+NOT_APPLICABLE_MINUS_1+NOT_APPLICABLE_MINUS_1
2532249,2,ANGLE_FRONT_TO_SIDE,-112.370894132873,33.6237251985014,1,T_INTERSECTION,ANGLE_FRONT_TO_SIDE,SURPRISE,2011-06-17 09:34:00,INATTENTION_DISTRACTION,FAILED_TO_YIELD_RIGHT_OF_WAY_103
2532263,2,ANGLE_FRONT_TO_SIDE,-111.864969501868,33.4076132470669,3,NOT_AT_INTERSECTION_0,ANGLE_FRONT_TO_SIDE,MESA,2011-06-21 15:54:00,NO_IMPROPER_ACTION,UNKNOWN_99
2532266,2,ANGLE_FRONT_TO_SIDE,-111.66751775536,33.3934001431467,2,FOUR_WAY_INTERSECTION,ANGLE_FRONT_TO_SIDE,MESA,2011-06-17 17:18:00,DISREGARDED_TRAFFIC_SIGNAL,NO_IMPROPER_ACTION
2532430,2,ANGLE_FRONT_TO_SIDE,-111.724998518192,33.4373199169235,4,T_INTERSECTION,ANGLE_FRONT_TO_SIDE,MESA,2011-06-22 11:05:00,DROVE_RODE_IN_OPPOSING_TRAFFIC_LANE,NO_IMPROPER_ACTION
2532570,2,ANGLE_FRONT_TO_SIDE,-112.169325307113,33.6678056855127,2,NOT_AT_INTERSECTION_0,ANGLE_FRONT_TO_SIDE,GLENDALE,2011-06-08 10:33:00,NO_IMPROPER_ACTION,INATTENTION_DISTRACTION
2532645,2,ANGLE_FRONT_TO_SIDE,0,0,3,UNKNOWN_99,ANGLE_FRONT_TO_SIDE,MESA,2011-06-20 09:48:00,DROVE_RODE_IN_OPPOSING_TRAFFIC_LANE,NO_IMPROPER_ACTION
2532728,2,UNKNOWN_99,-109.913188840599,34.1069487406669,4,UNKNOWN_99,UNKNOWN_99,UNSPECIFIED_999,2011-06-03 12:05:00,DROVE_RODE_IN_OPPOSING_TRAFFIC_LANE,NO_IMPROPER_ACTION
2532748,2,ANGLE_FRONT_TO_SIDE,-111.653125242654,35.1998380721097,4,FOUR_WAY_INTERSECTION,ANGLE_FRONT_TO_SIDE,FLAGSTAFF,2011-06-16 08:45:00,RAN_STOP_SIGN,NOT_APPLICABLE_MINUS_1+NO_IMPROPER_ACTION
2532906,2,OTHER_97,0,0,1,UNKNOWN_99,OTHER_97,CHANDLER,2011-06-05 10:36:00,DID_NOT_USE_CROSSWALK,UNKNOWN_99
2533162,2,HEAD_ON,-111.794467176655,33.4123919210216,3,FOUR_WAY_INTERSECTION,HEAD_ON,MESA,2011-06-30 15:59:00,DROVE_RODE_IN_OPPOSING_TRAFFIC_LANE,INATTENTION_DISTRACTION
2533183,2,SIDESWIPE_SAME_DIRECTION,-111.680004533781,33.379356692585,2,UNKNOWN_99,SIDESWIPE_SAME_DIRECTION,MESA,2011-06-29 14:59:00,NO_IMPROPER_ACTION,OTHER_UNSAFE_PASSING
2533191,3,ANGLE_FRONT_TO_SIDE,-111.721100114577,33.3075091997675,1,UNKNOWN_99,ANGLE_FRONT_TO_SIDE,GILBERT,2011-06-22 11:13:00,OTHER_97+OTHER_97,NO_IMPROPER_ACTION
2533208,2,ANGLE_FRONT_TO_SIDE,-111.770982359576,33.4284254502018,2,FOUR_WAY_INTERSECTION,ANGLE_FRONT_TO_SIDE,MESA,2011-06-28 12:20:00,NO_IMPROPER_ACTION,INATTENTION_DISTRACTION
2533492,2,ANGLE_FRONT_TO_SIDE,-112.202773087478,33.4803461929534,2,UNKNOWN_99,ANGLE_FRONT_TO_SIDE,PHOENIX,2011-06-12 19:23:00,NO_IMPROPER_ACTION,INATTENTION_DISTRACTION
2533572,2,OTHER_97,-112.060818538026,33.447174003888,3,T_INTERSECTION,OTHER_97,PHOENIX,2011-06-14 11:00:00,UNKNOWN_99,UNKNOWN_99
2533594,5,OTHER_97,-111.826961790595,36.6874602043615,4,NOT_AT_INTERSECTION_0,OTHER_97,UNSPECIFIED_999,2011-06-25 14:12:00,NO_IMPROPER_ACTION+NO_IMPROPER_ACTION+NO_IMPROPER_ACTION+NO_IMPROPER_ACTION,SPEED_TOO_FAST_FOR_CONDITIONS+NOT_APPLICABLE_MINUS_1
2533643,2,ANGLE_FRONT_TO_SIDE,0,0,2,FOUR_WAY_INTERSECTION,ANGLE_FRONT_TO_SIDE,PHOENIX,2011-06-09 19:28:00,FAILED_TO_YIELD_RIGHT_OF_WAY_103,NO_IMPROPER_ACTION
2533718,2,UNKNOWN_99,-112.138155135129,33.6108228198686,3,UNKNOWN_99,UNKNOWN_99,PHOENIX,2011-06-08 15:30:00,UNKNOWN_99,UNKNOWN_99
2533812,2,ANGLE_FRONT_TO_SIDE,-112.065089003526,33.448276565027,2,FOUR_WAY_INTERSECTION,ANGLE_FRONT_TO_SIDE,PHOENIX,2011-06-17 13:30:00,DROVE_RODE_IN_OPPOSING_TRAFFIC_LANE,NO_IMPROPER_ACTION+NOT_APPLICABLE_MINUS_1
2533854,2,ANGLE_FRONT_TO_SIDE,-112.336421067156,33.6090282492634,1,FOUR_WAY_INTERSECTION,ANGLE_FRONT_TO_SIDE,EL MIRAGE,2011-07-02 13:11:00,INATTENTION_DISTRACTION,NO_IMPROPER_ACTION
2533859,2,OTHER_97,-112.053552585746,33.3777352051298,3,UNKNOWN_99,OTHER_97,PHOENIX,2011-06-18 06:18:00,UNKNOWN_99,UNKNOWN_99+NOT_APPLICABLE_MINUS_1
2533896,2,ANGLE_FRONT_TO_SIDE,-111.788300797112,33.4082096517296,4,FOUR_WAY_INTERSECTION,ANGLE_FRONT_TO_SIDE,MESA,2011-07-02 22:54:00,DISREGARDED_TRAFFIC_SIGNAL,NO_IMPROPER_ACTION+NOT_APPLICABLE_MINUS_1
2533899,2,REAR_END,-112.045633568905,33.3777422430196,4,UNKNOWN_99,REAR_END,PHOENIX,2011-06-07 04:40:00,NO_IMPROPER_ACTION,OTHER_97
2533906,2,ANGLE_FRONT_TO_SIDE,-112.073813097798,33.4482410804499,4,NOT_REPORTED_255,ANGLE_FRONT_TO_SIDE,TUCSON,2011-07-05 15:00:00,FAILED_TO_KEEP_IN_PROPER_LANE,SPEED_TOO_FAST_FOR_CONDITIONS
2534007,2,ANGLE_FRONT_TO_SIDE,-112.151522404408,33.5818063402912,3,FOUR_WAY_INTERSECTION,ANGLE_FRONT_TO_SIDE,PHOENIX,2011-06-21 13:46:00,INATTENTION_DISTRACTION,NO_IMPROPER_ACTION
2534032,2,LEFT_TURN,-112.133803691477,33.610040478742,3,UNKNOWN_99,LEFT_TURN,PHOENIX,2011-06-06 20:30:00,DID_NOT_USE_CROSSWALK,OTHER_97
2534179,2,OTHER_97,0,0,2,FOUR_WAY_INTERSECTION,OTHER_97,PHOENIX,2011-06-19 22:05:00,NO_IMPROPER_ACTION,NO_IMPROPER_ACTION+NOT_APPLICABLE_MINUS_1
2534185,2,HEAD_ON,-112.015529779264,33.6264044963822,2,T_INTERSECTION,HEAD_ON,PHOENIX,2011-06-13 16:46:00,INATTENTION_DISTRACTION,INATTENTION_DISTRACTION
2534395,2,OTHER_97,-112.233602691839,33.4224169433506,2,T_INTERSECTION,OTHER_97,PHOENIX,2011-06-25 20:52:00,NO_IMPROPER_ACTION,NO_IMPROPER_ACTION
2534459,2,ANGLE_FRONT_TO_SIDE,-112.03837091485,33.5969187433038,3,UNKNOWN_99,ANGLE_FRONT_TO_SIDE,PHOENIX,2011-06-22 18:14:00,DID_NOT_USE_CROSSWALK,NO_IMPROPER_ACTION
2534551,2,ANGLE_FRONT_TO_SIDE,-112.168698453978,33.6545051254922,1,UNKNOWN_99,ANGLE_FRONT_TO_SIDE,PHOENIX,2011-06-27 18:31:00,NO_IMPROPER_ACTION,OTHER_97
2534634,2,LEFT_TURN,-112.116383573839,33.581969590206,3,INTERSECTION_AS_PART_OF_INTERCHANGE,LEFT_TURN,PHOENIX,2011-05-13 22:53:00,DISREGARDED_TRAFFIC_SIGNAL,NO_IMPROPER_ACTION
2534651,2,OTHER_97,0,0,4,T_INTERSECTION,OTHER_97,PHOENIX,2011-06-22 15:18:00,DROVE_RODE_IN_OPPOSING_TRAFFIC_LANE,NO_IMPROPER_ACTION
2534685,2,ANGLE_FRONT_TO_SIDE,-112.075102854722,33.4471510791099,4,FOUR_WAY_INTERSECTION,ANGLE_FRONT_TO_SIDE,PHOENIX,2011-06-30 14:12:00,DISREGARDED_TRAFFIC_SIGNAL,NO_IMPROPER_ACTION
2534881,2,ANGLE_FRONT_TO_SIDE,-111.657795666004,35.193317518417,3,Y_INTERSECTION,ANGLE_FRONT_TO_SIDE,FLAGSTAFF,2011-06-11 23:21:00,NO_IMPROPER_ACTION,UNKNOWN_99