IncidentID,num_vehicles_involved,eCollisionManner,Longitude,Latitude,InjurySeverity,eIntersectionType,eCollisionManner,city_name,IncidentDateTime,cyclist_citations,driver_citations
2548312,2,ANGLE_FRONT_TO_SIDE,-111.738118734403,33.3357471084335,3,FOUR_WAY_INTERSECTION,ANGLE_FRONT_TO_SIDE,GILBERT,2011-09-05 10:41:00,NO_IMPROPER_ACTION,NOT_APPLICABLE_MINUS_1+INATTENTION_DISTRACTION+NOT_APPLICABLE_MINUS_1
2548328,2,ANGLE_FRONT_TO_SIDE,-111.704747877128,33.3659017656348,2,NOT_AT_INTERSECTION_0,ANGLE_FRONT_TO_SIDE,GILBERT,2011-09-08 07:05:00,INATTENTION_DISTRACTION,NO_IMPROPER_ACTION
2548376,2,SIDESWIPE_SAME_DIRECTION,-111.647622463555,35.206579103982,3,NOT_AT_INTERSECTION_0,SIDESWIPE_SAME_DIRECTION,FLAGSTAFF,2011-09-23 14:31:00,NO_IMPROPER_ACTION,INATTENTION_DISTRACTION+NOT_APPLICABLE_MINUS_1+NOT_APPLICABLE_MINUS_1
2548454,2,SIDESWIPE_SAME_DIRECTION,-111.65531565485,35.1952708259463,2,Y_INTERSECTION,SIDESWIPE_SAME_DIRECTION,FLAGSTAFF,2011-09-23 13:38:00,NO_IMPROPER_ACTION,INATTENTION_DISTRACTION
2548458,2,OTHER_97,-111.645704835148,35.1996321117107,3,FOUR_WAY_INTERSECTION,OTHER_97,FLAGSTAFF,2011-09-01 11:08:00,NO_IMPROPER_ACTION,FAILED_TO_YIELD_RIGHT_OF_WAY_103
2548803,2,ANGLE_FRONT_TO_SIDE,-112.186533834027,33.5240739774077,2,NOT_REPORTED_255,ANGLE_FRONT_TO_SIDE,GLENDALE,2011-08-26 10:55:00,OTHER_97,NO_IMPROPER_ACTION
2548862,2,ANGLE_FRONT_TO_SIDE,0,0,2,T_INTERSECTION,ANGLE_FRONT_TO_SIDE,UNSPECIFIED_999,2011-09-14 18:51:00,DROVE_RODE_IN_OPPOSING_TRAFFIC_LANE,NO_IMPROPER_ACTION+NOT_APPLICABLE_MINUS_1
2548930,2,ANGLE_FRONT_TO_SIDE,-109.724033575106,32.8288920504673,2,T_INTERSECTION,ANGLE_FRONT_TO_SIDE,SAFFORD,2011-09-26 15:04:00,DROVE_RODE_IN_OPPOSING_TRAFFIC_LANE,NO_IMPROPER_ACTION
2549157,2,REAR_END,-111.62661724966,33.3740086361866,2,NOT_AT_INTERSECTION_0,REAR_END,MESA,2011-09-15 07:20:00,INATTENTION_DISTRACTION,INATTENTION_DISTRACTION
2549167,2,ANGLE_FRONT_TO_SIDE,-111.874489036142,33.4130825612335,2,FOUR_WAY_INTERSECTION,ANGLE_FRONT_TO_SIDE,MESA,2011-09-14 15:13:00,DISREGARDED_TRAFFIC_SIGNAL,NO_IMPROPER_ACTION
2549221,2,ANGLE_FRONT_TO_SIDE,-111.865426502417,33.4148793532021,3,FOUR_WAY_INTERSECTION,ANGLE_FRONT_TO_SIDE,MESA,2011-09-19 12:11:00,NO_IMPROPER_ACTION,OTHER_97
2549232,2,SIDESWIPE_OPPOSITE_DIRECTION,-111.846101652216,33.4295545614296,2,T_INTERSECTION,SIDESWIPE_OPPOSITE_DIRECTION,MESA,2011-09-14 15:19:00,NO_IMPROPER_ACTION,INATTENTION_DISTRACTION
2549326,2,ANGLE_FRONT_TO_SIDE,-111.744994871852,33.2989635785641,2,T_INTERSECTION,ANGLE_FRONT_TO_SIDE,GILBERT,2011-09-12 06:36:00,NO_IMPROPER_ACTION,RAN_STOP_SIGN
2549339,2,ANGLE_FRONT_TO_SIDE,-111.889320009191,33.4074981482487,2,T_INTERSECTION,ANGLE_FRONT_TO_SIDE,TEMPE,2011-09-10 19:40:00,UNKNOWN_99,UNKNOWN_99
2549342,2,LEFT_TURN,-111.726543156085,33.3075311119496,2,T_INTERSECTION,LEFT_TURN,GILBERT,2011-09-14 17:00:00,NO_IMPROPER_ACTION,OTHER_97
2549353,2,ANGLE_FRONT_TO_SIDE,-111.763311403619,33.3356544980178,3,FOUR_WAY_INTERSECTION,ANGLE_FRONT_TO_SIDE,GILBERT,2011-09-01 17:09:00,DISREGARDED_TRAFFIC_SIGNAL,NOT_APPLICABLE_MINUS_1+NO_IMPROPER_ACTION
2549365,2,ANGLE_FRONT_TO_SIDE,-111.934909053592,33.3927888215676,2,FOUR_WAY_INTERSECTION,ANGLE_FRONT_TO_SIDE,TEMPE,2011-09-08 09:51:00,OTHER_97,NO_IMPROPER_ACTION+NOT_APPLICABLE_MINUS_1
2549385,2,ANGLE_FRONT_TO_SIDE,-111.926289841125,33.424495222113,1,T_INTERSECTION,ANGLE_FRONT_TO_SIDE,TEMPE,2011-09-07 16:19:00,UNKNOWN_99,FAILED_TO_YIELD_RIGHT_OF_WAY_103
2549511,2,OTHER_97,-110.961003706891,32.2691540679639,4,NOT_AT_INTERSECTION_0,OTHER_97,TUCSON,2011-07-16 18:42:00,UNSAFE_LANE_CHANGE,NO_IMPROPER_ACTION
2549583,2,OTHER_97,-110.858272944398,32.1997129905981,4,NOT_AT_INTERSECTION_0,OTHER_97,TUCSON,2011-07-22 17:33:00,DID_NOT_USE_CROSSWALK,NO_IMPROPER_ACTION
2549599,2,ANGLE_FRONT_TO_SIDE,-111.840115152944,33.3823388950558,3,FOUR_WAY_INTERSECTION,ANGLE_FRONT_TO_SIDE,MESA,2011-09-13 11:26:00,OTHER_97,OTHER_97
2549640,2,ANGLE_FRONT_TO_SIDE,-111.684104041541,33.4530624620343,3,UNKNOWN_99,ANGLE_FRONT_TO_SIDE,MESA,2011-09-08 09:13:00,NO_IMPROPER_ACTION,OTHER_97
2549917,2,SIDESWIPE_SAME_DIRECTION,-111.85050578663,34.8445488345214,4,NOT_AT_INTERSECTION_0,SIDESWIPE_SAME_DIRECTION,UNSPECIFIED_999,2011-09-24 07:52:00,NO_IMPROPER_ACTION,OTHER_97
2549936,2,SIDESWIPE_SAME_DIRECTION,-111.647588020973,35.1687431067142,2,UNKNOWN_99,SIDESWIPE_SAME_DIRECTION,FLAGSTAFF,2011-09-04 10:47:00,NO_IMPROPER_ACTION,NOT_APPLICABLE_MINUS_1+INATTENTION_DISTRACTION
2549961,2,ANGLE_FRONT_TO_SIDE,-111.571531267769,33.4150727046819,1,UNKNOWN_99,ANGLE_FRONT_TO_SIDE,APACHE JUNCTION,2011-09-06 15:41:00,OTHER_97,NO_IMPROPER_ACTION
2549974,2,OTHER_97,-111.645814889391,35.1925556837362,3,FOUR_WAY_INTERSECTION,OTHER_97,FLAGSTAFF,2011-09-07 16:27:00,UNKNOWN_99,UNKNOWN_99+NOT_APPLICABLE_MINUS_1
2549993,2,ANGLE_FRONT_TO_SIDE,-111.668586543373,35.1646437531258,1,T_INTERSECTION,ANGLE_FRONT_TO_SIDE,FLAGSTAFF,2011-09-08 07:45:00,NO_IMPROPER_ACTION,NO_IMPROPER_ACTION
2550090,2,ANGLE_FRONT_TO_SIDE,-111.926446105939,33.4470730399642,2,UNKNOWN_99,ANGLE_FRONT_TO_SIDE,TEMPE,2011-06-27 07:07:00,INATTENTION_DISTRACTION,NO_IMPROPER_ACTION
2550095,2,SIDESWIPE_SAME_DIRECTION,-111.897612692293,33.4074921716105,3,UNKNOWN_99,SIDESWIPE_SAME_DIRECTION,TEMPE,2011-06-28 02:38:00,NO_IMPROPER_ACTION,UNKNOWN_99
2550098,2,ANGLE_FRONT_TO_SIDE,-111.911206454418,33.3567993811893,3,UNKNOWN_99,ANGLE_FRONT_TO_SIDE,TEMPE,2011-06-27 07:13:00,NO_IMPROPER_ACTION,DISREGARDED_TRAFFIC_SIGNAL
2550111,2,UNKNOWN_99,-112.186250014622,33.5699368971808,2,NOT_AT_INTERSECTION_0,UNKNOWN_99,GLENDALE,2011-07-25 20:47:00,NO_IMPROPER_ACTION,NO_IMPROPER_ACTION
2550116,2,SIDESWIPE_OPPOSITE_DIRECTION,-112.220459549992,33.5379303606081,3,FOUR_WAY_INTERSECTION,SIDESWIPE_OPPOSITE_DIRECTION,GLENDALE,2011-07-24 21:30:00,NO_IMPROPER_ACTION,FAILED_TO_YIELD_RIGHT_OF_WAY_103
2550385,2,ANGLE_FRONT_TO_SIDE,-111.876346076919,33.3059943847873,2,FOUR_WAY_INTERSECTION,ANGLE_FRONT_TO_SIDE,CHANDLER,2011-09-03 18:27:00,DROVE_RODE_IN_OPPOSING_TRAFFIC_LANE,NO_IMPROPER_ACTION+NOT_APPLICABLE_MINUS_1+NOT_APPLICABLE_MINUS_1
2550483,2,HEAD_ON,-111.648998533328,35.2006807737441,3,FOUR_WAY_INTERSECTION,HEAD_ON,FLAGSTAFF,2011-09-27 07:54:00,NO_IMPROPER_ACTION,SPEED_TOO_FAST_FOR_CONDITIONS
2550552,2,SIDESWIPE_SAME_DIRECTION,-111.685889724943,33.278272330217,3,UNKNOWN_99,SIDESWIPE_SAME_DIRECTION,QUEEN CREEK,2011-08-11 10:06:00,UNSAFE_LANE_CHANGE,NO_IMPROPER_ACTION
2550606,2,ANGLE_FRONT_TO_SIDE,-112.180408486521,33.6107509631486,3,NOT_AT_INTERSECTION_0,ANGLE_FRONT_TO_SIDE,GLENDALE,2011-08-17 13:37:00,NO_IMPROPER_ACTION,UNKNOWN_99
2550820,2,ANGLE_FRONT_TO_SIDE,-111.848414055013,33.2765150538179,3,T_INTERSECTION,ANGLE_FRONT_TO_SIDE,CHANDLER,2011-08-30 13:30:00,FAILED_TO_YIELD_RIGHT_OF_WAY_103,NO_IMPROPER_ACTION
2550905,2,ANGLE_FRONT_TO_SIDE,-110.946768136867,32.2373433922789,3,FOUR_WAY_INTERSECTION,ANGLE_FRONT_TO_SIDE,TUCSON,2011-09-19 16:09:00,RAN_STOP_SIGN,NO_IMPROPER_ACTION
2550938,2,ANGLE_FRONT_TO_SIDE,-112.190638029492,33.5313055642622,2,FOUR_WAY_INTERSECTION,ANGLE_FRONT_TO_SIDE,GLENDALE,2011-08-14 16:32:00,OTHER_97,INATTENTION_DISTRACTION
2550943,2,ANGLE_FRONT_TO_SIDE,-112.185694822507,33.6260048636215,2,NOT_AT_INTERSECTION_0,ANGLE_FRONT_TO_SIDE,GLENDALE,2011-08-15 15:05:00,NO_IMPROPER_ACTION,OTHER_97
2551030,2,OTHER_97,-111.653069725416,33.4151582056384,4,UNKNOWN_99,OTHER_97,UNSPECIFIED_999,2011-08-22 13:18:00,DROVE_RODE_IN_OPPOSING_TRAFFIC_LANE,NO_IMPROPER_ACTION
2551154,2,ANGLE_FRONT_TO_SIDE,-112.202829132835,33.5817037042712,2,FOUR_WAY_INTERSECTION,ANGLE_FRONT_TO_SIDE,GLENDALE,2011-08-10 20:51:00,FAILED_TO_YIELD_RIGHT_OF_WAY_103,NO_IMPROPER_ACTION
2551181,2,ANGLE_FRONT_TO_SIDE,-111.999273772017,33.6406788041711,3,NOT_AT_INTERSECTION_0,ANGLE_FRONT_TO_SIDE,PHOENIX,2011-08-30 07:45:00,OTHER_97,NO_IMPROPER_ACTION
2551223,2,OTHER_97,-111.8091465731,33.2917742225004,2,UNKNOWN_99,OTHER_97,CHANDLER,2011-08-31 17:11:00,OTHER_97,RAN_STOP_SIGN
2551237,2,OTHER_97,-112.321166790599,33.6159030683558,2,FOUR_WAY_INTERSECTION,OTHER_97,EL MIRAGE,2011-09-29 07:20:00,DROVE_RODE_IN_OPPOSING_TRAFFIC_LANE,FAILED_TO_KEEP_IN_PROPER_LANE
2551315,2,ANGLE_FRONT_TO_SIDE,-112.151517966915,33.5503384627631,3,UNKNOWN_99,ANGLE_FRONT_TO_SIDE,PHOENIX,2011-09-06 09:11:00,OTHER_97,NOT_APPLICABLE_MINUS_1+NOT_APPLICABLE_MINUS_1+NO_IMPROPER_ACTION
2551346,2,ANGLE_FRONT_TO_SIDE,-112.03187006895,33.480294309499,3,UNKNOWN_99,ANGLE_FRONT_TO_SIDE,PHOENIX,2011-09-06 16:26:00,UNKNOWN_99,NO_IMPROPER_ACTION
2551362,2,ANGLE_FRONT_TO_SIDE,-112.021601052797,33.4986767193518,2,FOUR_WAY_INTERSECTION,ANGLE_FRONT_TO_SIDE,PHOENIX,2011-09-06 19:47:00,NO_IMPROPER_ACTION,INATTENTION_DISTRACTION
2551370,2,ANGLE_FRONT_TO_SIDE,-110.887175688657,32.3084548635596,2,FOUR_WAY_INTERSECTION,ANGLE_FRONT_TO_SIDE,UNSPECIFIED_999,2011-09-16 11:12:00,NO_IMPROPER_ACTION,MADE_IMPROPER_TURN
2551383,2,ANGLE_FRONT_TO_SIDE,-112.134758938948,33.6831997101921,2,UNKNOWN_99,ANGLE_FRONT_TO_SIDE,PHOENIX,2011-09-09 07:37:00,FAILED_TO_YIELD_RIGHT_OF_WAY_103,NOT_APPLICABLE_MINUS_1+NO_IMPROPER_ACTION
2551392,2,ANGLE_FRONT_TO_SIDE,-110.691210510398,35.0217975362422,1,T_INTERSECTION,ANGLE_FRONT_TO_SIDE,WINSLOW,2011-09-01 16:45:00,OTHER_97,NO_IMPROPER_ACTION
2551463,3,OTHER_97,-112.160197163548,33.5514671891113,2,NOT_REPORTED_255,OTHER_97,GLENDALE,2011-08-17 18:20:00,DROVE_RODE_IN_OPPOSING_TRAFFIC_LANE+DROVE_RODE_IN_OPPOSING_TRAFFIC_LANE,NO_IMPROPER_ACTION+NOT_APPLICABLE_MINUS_1
2551474,2,OTHER_97,-112.099681565046,33.555144240912,3,UNKNOWN_99,OTHER_97,PHOENIX,2011-09-16 16:30:00,OTHER_97,NO_IMPROPER_ACTION
2551523,2,LEFT_TURN,-111.663996605772,35.1741657109213,3,FOUR_WAY_INTERSECTION,LEFT_TURN,FLAGSTAFF,2011-10-03 14:49:00,NO_IMPROPER_ACTION,NOT_APPLICABLE_MINUS_1+INATTENTION_DISTRACTION
2551612,2,ANGLE_FRONT_TO_SIDE,-112.220459549992,33.5379303606081,2,FOUR_WAY_INTERSECTION,ANGLE_FRONT_TO_SIDE,GLENDALE,2011-07-30 19:55:00,NO_IMPROPER_ACTION,NOT_APPLICABLE_MINUS_1+FAILED_TO_YIELD_RIGHT_OF_WAY_103+NOT_APPLICABLE_MINUS_1
2551618,2,ANGLE_FRONT_TO_SIDE,-111.841607851584,33.2867426690518,2,FOUR_WAY_INTERSECTION,ANGLE_FRONT_TO_SIDE,CHANDLER,2011-09-05 17:25:00,DROVE_RODE_IN_OPPOSING_TRAFFIC_LANE,NO_IMPROPER_ACTION
2551678,2,OTHER_97,-112.177330454235,33.5963618317249,3,FOUR_WAY_INTERSECTION,OTHER_97,GLENDALE,2011-08-10 17:16:00,DISREGARDED_TRAFFIC_SIGNAL,NO_IMPROPER_ACTION
2551703,3,OTHER_97,-112.088546627714,33.4877326276862,2,NOT_REPORTED_255,OTHER_97,PHOENIX,2011-09-07 08:00:00,OTHER_97+OTHER_97,NO_IMPROPER_ACTION
2551707,2,ANGLE_FRONT_TO_SIDE,-112.12570176963,33.4803150300107,2,FOUR_WAY_INTERSECTION,ANGLE_FRONT_TO_SIDE,PHOENIX,2011-08-12 12:00:00,OTHER_97,NO_IMPROPER_ACTION
2551715,2,LEFT_TURN,-112.182068128965,33.638804770443,3,FOUR_WAY_INTERSECTION,LEFT_TURN,GLENDALE,2011-08-20 13:25:00,FAILED_TO_YIELD_RIGHT_OF_WAY_103,FAILED_TO_YIELD_RIGHT_OF_WAY_103
2551779,2,ANGLE_FRONT_TO_SIDE,-112.197142581873,33.5152605923631,3,T_INTERSECTION,ANGLE_FRONT_TO_SIDE,GLENDALE,2011-08-22 15:38:00,OTHER_97,NO_IMPROPER_ACTION
2551790,2,ANGLE_FRONT_TO_SIDE,-112.030209670514,33.5093217779573,1,FOUR_WAY_INTERSECTION,ANGLE_FRONT_TO_SIDE,PHOENIX,2011-09-11 15:50:00,NO_IMPROPER_ACTION,INATTENTION_DISTRACTION
2551913,2,ANGLE_FRONT_TO_SIDE,-112.322247333823,34.5859858043558,3,NOT_REPORTED_255,ANGLE_FRONT_TO_SIDE,PRESCOTT VALLEY,2011-09-29 10:59:00,DROVE_RODE_IN_OPPOSING_TRAFFIC_LANE,NO_IMPROPER_ACTION
2551926,2,ANGLE_FRONT_TO_SIDE,-111.977080406809,33.6806414586583,3,FOUR_WAY_INTERSECTION,ANGLE_FRONT_TO_SIDE,PHOENIX,2011-09-12 15:17:00,FAILED_TO_YIELD_RIGHT_OF_WAY_103,NO_IMPROPER_ACTION
2552037,2,ANGLE_FRONT_TO_SIDE,-112.125456019895,33.5819463718432,3,NOT_AT_INTERSECTION_0,ANGLE_FRONT_TO_SIDE,PHOENIX,2011-09-12 09:09:00,DROVE_RODE_IN_OPPOSING_TRAFFIC_LANE,NO_IMPROPER_ACTION
2552071,2,ANGLE_FRONT_TO_SIDE,-112.168858826499,33.6599374705749,3,T_INTERSECTION,ANGLE_FRONT_TO_SIDE,PHOENIX,2011-09-08 07:45:00,OTHER_97,OTHER_97
2552115,2,ANGLE_FRONT_TO_SIDE,-112.149663437344,33.5116905729722,3,T_INTERSECTION,ANGLE_FRONT_TO_SIDE,PHOENIX,2011-09-02 19:13:00,OTHER_97,NOT_APPLICABLE_MINUS_1+NO_IMPROPER_ACTION+NOT_APPLICABLE_MINUS_1
2552182,2,ANGLE_FRONT_TO_SIDE,-112.099003309818,33.3922656241129,3,FOUR_WAY_INTERSECTION,ANGLE_FRONT_TO_SIDE,PHOENIX,2011-09-02 11:30:00,OTHER_97,FAILED_TO_YIELD_RIGHT_OF_WAY_103
2552186,2,OTHER_97,-112.125140344598,33.6108306218367,2,FOUR_WAY_INTERSECTION,OTHER_97,PHOENIX,2011-09-07 18:29:00,NO_IMPROPER_ACTION,DISREGARDED_TRAFFIC_SIGNAL
2552196,2,ANGLE_FRONT_TO_SIDE,-112.134180367042,33.5092983966207,4,FOUR_WAY_INTERSECTION,ANGLE_FRONT_TO_SIDE,PHOENIX,2011-09-03 13:18:00,OTHER_97,NO_IMPROPER_ACTION+NOT_APPLICABLE_MINUS_1
2552233,2,OTHER_97,-112.150810277166,33.5531133146436,3,UNKNOWN_99,OTHER_97,PHOENIX,2011-09-09 07:23:00,OTHER_97,FAILED_TO_YIELD_RIGHT_OF_WAY_103
2552242,2,OTHER_97,-111.995871222447,33.3926315208391,3,NOT_AT_INTERSECTION_0,OTHER_97,PHOENIX,2011-09-12 12:22:00,OTHER_97,NO_IMPROPER_ACTION
2552246,2,LEFT_TURN,-112.061739030211,33.3777344196025,2,T_INTERSECTION,LEFT_TURN,PHOENIX,2011-09-08 18:38:00,DID_NOT_USE_CROSSWALK,NO_IMPROPER_ACTION
2552291,2,OTHER_97,-112.15091526747,33.5531135910066,1,UNKNOWN_99,OTHER_97,PHOENIX,2011-08-29 18:41:00,NO_IMPROPER_ACTION,UNKNOWN_99
2552302,2,ANGLE_FRONT_TO_SIDE,-112.013535000645,33.6624081992152,4,FOUR_WAY_INTERSECTION,ANGLE_FRONT_TO_SIDE,PHOENIX,2011-08-29 07:04:00,INATTENTION_DISTRACTION,NO_IMPROPER_ACTION
2552309,2,ANGLE_FRONT_TO_SIDE,-112.190556557495,33.5530142480041,2,NOT_REPORTED_255,ANGLE_FRONT_TO_SIDE,GLENDALE,2011-07-28 15:21:00,DROVE_RODE_IN_OPPOSING_TRAFFIC_LANE,UNKNOWN_99
2552329,2,ANGLE_FRONT_TO_SIDE,-112.168683342601,33.5421325550207,1,FOUR_WAY_INTERSECTION,ANGLE_FRONT_TO_SIDE,GLENDALE,2011-07-30 12:21:00,NO_IMPROPER_ACTION,DISREGARDED_TRAFFIC_SIGNAL
2552417,2,SIDESWIPE_SAME_DIRECTION,-111.995903593899,33.6080907552641,1,FOUR_WAY_INTERSECTION,SIDESWIPE_SAME_DIRECTION,PHOENIX,2011-08-30 16:48:00,FAILED_TO_KEEP_IN_PROPER_LANE,NO_IMPROPER_ACTION
2552649,2,OTHER_97,-110.857926216448,32.2212898315153,3,FOUR_WAY_INTERSECTION,OTHER_97,TUCSON,2011-07-30 21:43:00,NO_IMPROPER_ACTION,FAILED_TO_YIELD_RIGHT_OF_WAY_103
2552652,2,OTHER_97,-110.956158555706,32.2041911000869,3,NOT_AT_INTERSECTION_0,OTHER_97,TUCSON,2011-07-25 08:41:00,NO_IMPROPER_ACTION,INATTENTION_DISTRACTION+NOT_APPLICABLE_MINUS_1+NOT_APPLICABLE_MINUS_1
2552654,2,OTHER_97,-110.913163649853,32.2288742340416,3,T_INTERSECTION,OTHER_97,TUCSON,2011-07-30 21:45:00,NO_IMPROPER_ACTION,UNKNOWN_99
2552670,2,SIDESWIPE_SAME_DIRECTION,-111.840103824014,33.3877889952859,3,T_INTERSECTION,SIDESWIPE_SAME_DIRECTION,MESA,2011-08-29 17:31:00,FAILED_TO_KEEP_IN_PROPER_LANE,NOT_APPLICABLE_MINUS_1+NO_IMPROPER_ACTION
2552684,2,SIDESWIPE_OPPOSITE_DIRECTION,-111.992850942465,33.3050449444428,1,T_INTERSECTION,SIDESWIPE_OPPOSITE_DIRECTION,PHOENIX,2011-08-31 16:39:00,FAILED_TO_YIELD_RIGHT_OF_WAY_103,NO_IMPROPER_ACTION
2552876,2,OTHER_97,-112.15151794501,33.5240535814117,4,LEGACY_INTERSECTION_RELATED_PRIOR_2009_98,OTHER_97,GLENDALE,2011-08-26 15:30:00,DISREGARDED_TRAFFIC_SIGNAL,NO_IMPROPER_ACTION
2552988,2,OTHER_97,-110.94376485683,32.2733074394942,3,NOT_REPORTED_255,OTHER_97,TUCSON,2011-07-28 07:55:00,NO_IMPROPER_ACTION,OTHER_97
2553001,2,ANGLE_FRONT_TO_SIDE,-111.897097182882,33.5725813531964,4,NOT_REPORTED_255,ANGLE_FRONT_TO_SIDE,SCOTTSDALE,2011-08-09 08:48:00,OTHER_97,OTHER_97
2553066,2,ANGLE_FRONT_TO_SIDE,0,0,1,FOUR_WAY_INTERSECTION,ANGLE_FRONT_TO_SIDE,GILBERT,2011-09-20 23:19:00,NO_IMPROPER_ACTION,UNKNOWN_99
2553137,2,SIDESWIPE_OPPOSITE_DIRECTION,-111.790777149344,33.3893104287399,2,NOT_AT_INTERSECTION_0,SIDESWIPE_OPPOSITE_DIRECTION,MESA,2011-09-27 09:03:00,UNKNOWN_99,UNKNOWN_99
2553144,2,SIDESWIPE_SAME_DIRECTION,-111.625816007725,33.3770655244273,2,NOT_AT_INTERSECTION_0,SIDESWIPE_SAME_DIRECTION,MESA,2011-09-21 07:10:00,NO_IMPROPER_ACTION,INATTENTION_DISTRACTION
2553159,2,ANGLE_FRONT_TO_SIDE,-111.862999688417,33.364214070012,3,T_INTERSECTION,ANGLE_FRONT_TO_SIDE,MESA,2011-09-26 07:47:00,OTHER_97,NOT_APPLICABLE_MINUS_1+NOT_APPLICABLE_MINUS_1+INATTENTION_DISTRACTION
2553178,2,ANGLE_FRONT_TO_SIDE,-111.736367139765,33.4372572622184,2,FOUR_WAY_INTERSECTION,ANGLE_FRONT_TO_SIDE,MESA,2011-09-29 06:52:00,DISREGARDED_TRAFFIC_SIGNAL,NO_IMPROPER_ACTION
2553195,2,ANGLE_FRONT_TO_SIDE,-111.86139117341,33.3787111863662,3,FOUR_WAY_INTERSECTION,ANGLE_FRONT_TO_SIDE,MESA,2011-09-16 18:45:00,OTHER_97,OTHER_97
2553198,2,ANGLE_FRONT_TO_SIDE,-111.783562183222,33.4372097063097,3,T_INTERSECTION,ANGLE_FRONT_TO_SIDE,MESA,2011-09-16 07:38:00,NO_IMPROPER_ACTION,NO_IMPROPER_ACTION
2553205,2,ANGLE_FRONT_TO_SIDE,-111.771244844842,33.3790946493667,1,FOUR_WAY_INTERSECTION,ANGLE_FRONT_TO_SIDE,MESA,2011-09-27 06:52:00,NO_IMPROPER_ACTION,NO_IMPROPER_ACTION
2553386,2,ANGLE_FRONT_TO_SIDE,-111.805303290673,33.4152019487248,1,FOUR_WAY_INTERSECTION,ANGLE_FRONT_TO_SIDE,MESA,2011-09-23 21:50:00,DISREGARDED_TRAFFIC_SIGNAL,NO_IMPROPER_ACTION
2553478,2,LEFT_TURN,-112.241854265989,33.5773136125673,3,FOUR_WAY_INTERSECTION,LEFT_TURN,PEORIA,2011-09-24 18:46:00,DID_NOT_USE_CROSSWALK,NOT_APPLICABLE_MINUS_1+NO_IMPROPER_ACTION
2553519,2,SIDESWIPE_SAME_DIRECTION,-112.213847459337,33.7108570626372,4,UNKNOWN_99,SIDESWIPE_SAME_DIRECTION,PEORIA,2011-09-17 07:03:00,NO_IMPROPER_ACTION,FAILED_TO_YIELD_RIGHT_OF_WAY_103
2553523,2,ANGLE_FRONT_TO_SIDE,-111.879795220916,33.4276782568225,3,T_INTERSECTION,ANGLE_FRONT_TO_SIDE,MESA,2011-10-10 11:37:00,UNKNOWN_99,UNKNOWN_99
2553525,2,ANGLE_FRONT_TO_SIDE,-112.030194277963,33.5130804709146,2,NOT_REPORTED_255,ANGLE_FRONT_TO_SIDE,PHOENIX,2011-09-20 13:43:00,NO_IMPROPER_ACTION,NO_IMPROPER_ACTION
2553595,2,ANGLE_FRONT_TO_SIDE,-111.805459431415,33.3930893732328,3,T_INTERSECTION,ANGLE_FRONT_TO_SIDE,MESA,2011-10-13 07:31:00,DROVE_RODE_IN_OPPOSING_TRAFFIC_LANE,NO_IMPROPER_ACTION
2553637,2,ANGLE_FRONT_TO_SIDE,-111.760008946935,33.3495519399164,3,FOUR_WAY_INTERSECTION,ANGLE_FRONT_TO_SIDE,GILBERT,2011-10-05 07:00:00,MADE_IMPROPER_TURN,NO_IMPROPER_ACTION
2553773,2,ANGLE_FRONT_TO_SIDE,-112.012992020392,33.4957125572341,2,FOUR_WAY_INTERSECTION,ANGLE_FRONT_TO_SIDE,PHOENIX,2011-09-19 17:17:00,DID_NOT_USE_CROSSWALK,NOT_APPLICABLE_MINUS_1+NO_IMPROPER_ACTION
2553788,2,ANGLE_FRONT_TO_SIDE,-112.22901929647,33.6101497642605,2,FOUR_WAY_INTERSECTION,ANGLE_FRONT_TO_SIDE,PEORIA,2011-10-02 18:53:00,DISREGARDED_TRAFFIC_SIGNAL,NO_IMPROPER_ACTION
2553823,2,ANGLE_FRONT_TO_SIDE,-112.134476171898,33.4655525576878,2,FOUR_WAY_INTERSECTION,ANGLE_FRONT_TO_SIDE,PHOENIX,2011-09-14 16:43:00,FAILED_TO_YIELD_RIGHT_OF_WAY_103,NO_IMPROPER_ACTION
2553828,2,OTHER_97,-112.291362691877,33.4499187369694,5,NOT_AT_INTERSECTION_0,OTHER_97,AVONDALE,2011-05-16 12:49:00,NO_IMPROPER_ACTION,INATTENTION_DISTRACTION
2553949,2,REAR_END,-112.03035292792,33.3777865446421,1,FOUR_WAY_INTERSECTION,REAR_END,PHOENIX,2011-09-17 21:02:00,DISREGARDED_TRAFFIC_SIGNAL,NO_IMPROPER_ACTION
2553959,2,OTHER_97,-112.066947778468,33.4331683630759,1,NOT_AT_INTERSECTION_0,OTHER_97,PHOENIX,2011-09-24 15:46:00,DROVE_RODE_IN_OPPOSING_TRAFFIC_LANE,NO_IMPROPER_ACTION
2554075,3,ANGLE_FRONT_TO_SIDE,-111.655292176579,35.2005104333135,4,FOUR_WAY_INTERSECTION,ANGLE_FRONT_TO_SIDE,FLAGSTAFF,2011-10-14 23:09:00,NO_IMPROPER_ACTION+NO_IMPROPER_ACTION,FAILED_TO_YIELD_RIGHT_OF_WAY_103