IncidentID,num_vehicles_involved,eCollisionManner,Longitude,Latitude,InjurySeverity,eIntersectionType,eCollisionManner,city_name,IncidentDateTime,cyclist_citations,driver_citations
2554078,2,SIDESWIPE_SAME_DIRECTION,-111.658570051735,35.1929260317538,3,NOT_AT_INTERSECTION_0,SIDESWIPE_SAME_DIRECTION,FLAGSTAFF,2011-10-16 09:55:00,NO_IMPROPER_ACTION,NOT_APPLICABLE_MINUS_1+NOT_APPLICABLE_MINUS_1+NOT_APPLICABLE_MINUS_1+INATTENTION_DISTRACTION+NOT_APPLICABLE_MINUS_1
2554126,2,OTHER_97,-110.879868144197,32.2506769319981,2,FOUR_WAY_INTERSECTION,OTHER_97,TUCSON,2011-08-10 08:10:00,NO_IMPROPER_ACTION,OTHER_97
2554158,2,ANGLE_FRONT_TO_SIDE,-112.134254820878,33.5676479740719,3,FOUR_WAY_INTERSECTION,ANGLE_FRONT_TO_SIDE,PHOENIX,2011-09-18 16:50:00,DISREGARDED_TRAFFIC_SIGNAL,NOT_APPLICABLE_MINUS_1+NO_IMPROPER_ACTION
2554242,2,ANGLE_FRONT_TO_SIDE,-112.012820332042,33.4638972163792,3,T_INTERSECTION,ANGLE_FRONT_TO_SIDE,PHOENIX,2011-09-19 12:42:00,OTHER_97,NOT_APPLICABLE_MINUS_1+NO_IMPROPER_ACTION
2554301,2,OTHER_97,-111.615465673461,33.3873816015769,2,INTERSECTION_AS_PART_OF_INTERCHANGE,OTHER_97,MESA,2011-10-24 15:18:00,OTHER_97,NO_IMPROPER_ACTION
2554402,2,LEFT_TURN,-111.659800568804,35.1918367351408,3,NOT_REPORTED_255,LEFT_TURN,FLAGSTAFF,2011-10-12 17:26:00,NO_IMPROPER_ACTION,FAILED_TO_YIELD_RIGHT_OF_WAY_103+NOT_APPLICABLE_MINUS_1
2554404,2,OTHER_97,-111.613504537906,35.2064953148997,2,T_INTERSECTION,OTHER_97,FLAGSTAFF,2011-10-12 13:02:00,DISREGARDED_PAVEMENT_MARKINGS,NOT_APPLICABLE_MINUS_1+INATTENTION_DISTRACTION
2554440,2,ANGLE_FRONT_TO_SIDE,-112.3393732292,34.5941484996254,1,FOUR_WAY_INTERSECTION,ANGLE_FRONT_TO_SIDE,PRESCOTT VALLEY,2011-10-04 18:38:00,UNKNOWN_99,NO_IMPROPER_ACTION+NOT_APPLICABLE_MINUS_1
2554501,2,ANGLE_FRONT_TO_SIDE,-112.281286241234,33.5082518558503,2,T_INTERSECTION,ANGLE_FRONT_TO_SIDE,PHOENIX,2011-09-20 10:06:00,DROVE_RODE_IN_OPPOSING_TRAFFIC_LANE,NO_IMPROPER_ACTION
2554537,2,OTHER_97,-112.073684229727,33.5238026547466,3,FOUR_WAY_INTERSECTION,OTHER_97,PHOENIX,2011-09-11 09:28:00,DISREGARDED_TRAFFIC_SIGNAL,NO_IMPROPER_ACTION+NOT_APPLICABLE_MINUS_1
2554577,2,ANGLE_FRONT_TO_SIDE,-112.082824973199,33.6330988561883,3,FOUR_WAY_INTERSECTION,ANGLE_FRONT_TO_SIDE,PHOENIX,2011-09-22 07:17:00,OTHER_97,NO_IMPROPER_ACTION+NOT_APPLICABLE_MINUS_1
2554609,2,OTHER_97,-112.078074139827,33.5093221268722,3,FOUR_WAY_INTERSECTION,OTHER_97,PHOENIX,2011-09-21 17:41:00,NO_IMPROPER_ACTION,DISREGARDED_TRAFFIC_SIGNAL
2554628,2,ANGLE_FRONT_TO_SIDE,-112.028899594994,33.480310593191,1,UNKNOWN_99,ANGLE_FRONT_TO_SIDE,PHOENIX,2011-09-21 07:46:00,FAILED_TO_YIELD_RIGHT_OF_WAY_103,NO_IMPROPER_ACTION
2554680,2,REAR_TO_SIDE,-110.959651012103,32.4740174414274,2,UNKNOWN_99,REAR_TO_SIDE,ORO VALLEY,2011-09-26 12:11:00,UNKNOWN_99,INATTENTION_DISTRACTION
2554770,2,ANGLE_FRONT_TO_SIDE,-111.750938453376,32.8795276017037,2,FOUR_WAY_INTERSECTION,ANGLE_FRONT_TO_SIDE,CASA GRANDE,2011-09-22 14:27:00,DISREGARDED_PAVEMENT_MARKINGS,UNKNOWN_99
2554868,2,ANGLE_FRONT_TO_SIDE,-111.060290065354,31.6526650561548,3,T_INTERSECTION,ANGLE_FRONT_TO_SIDE,UNSPECIFIED_999,2011-09-27 07:45:00,NO_IMPROPER_ACTION,FAILED_TO_YIELD_RIGHT_OF_WAY_103
2554986,2,ANGLE_FRONT_TO_SIDE,-111.804650206608,33.4151836464953,1,UNKNOWN_99,ANGLE_FRONT_TO_SIDE,MESA,2011-10-14 14:36:00,OTHER_97,NO_IMPROPER_ACTION
2555037,2,ANGLE_FRONT_TO_SIDE,-111.788347696436,33.3818509295631,2,T_INTERSECTION,ANGLE_FRONT_TO_SIDE,MESA,2011-10-08 13:00:00,UNKNOWN_99,UNKNOWN_99
2555051,2,ANGLE_FRONT_TO_SIDE,-111.996016446285,33.4951202415751,3,UNKNOWN_99,ANGLE_FRONT_TO_SIDE,PHOENIX,2011-09-19 14:49:00,DROVE_RODE_IN_OPPOSING_TRAFFIC_LANE,NO_IMPROPER_ACTION
2555059,2,ANGLE_FRONT_TO_SIDE,-112.167802704455,33.5963595139024,3,UNKNOWN_99,ANGLE_FRONT_TO_SIDE,PHOENIX,2011-09-19 15:09:00,NO_IMPROPER_ACTION,INATTENTION_DISTRACTION
2555064,2,HEAD_ON,-112.145579015817,33.5057527194952,2,T_INTERSECTION,HEAD_ON,PHOENIX,2011-09-19 17:07:00,RAN_STOP_SIGN,NO_IMPROPER_ACTION
2555087,3,OTHER_97,0,0,3,NOT_AT_INTERSECTION_0,OTHER_97,PEORIA,2011-10-12 01:22:00,NO_IMPROPER_ACTION+NO_IMPROPER_ACTION,INATTENTION_DISTRACTION
2555113,2,ANGLE_FRONT_TO_SIDE,-112.049562582113,33.4874008489317,2,T_INTERSECTION,ANGLE_FRONT_TO_SIDE,PHOENIX,2011-09-23 16:19:00,DROVE_RODE_IN_OPPOSING_TRAFFIC_LANE,NO_IMPROPER_ACTION+NOT_APPLICABLE_MINUS_1
2555138,2,ANGLE_FRONT_TO_SIDE,-112.11719882247,33.6837989016761,3,FOUR_WAY_INTERSECTION,ANGLE_FRONT_TO_SIDE,PHOENIX,2011-09-20 17:42:00,DISREGARDED_TRAFFIC_SIGNAL,NO_IMPROPER_ACTION
2555200,2,OTHER_97,-110.890078332199,32.2215706147909,2,T_INTERSECTION,OTHER_97,TUCSON,2011-08-30 08:01:00,OTHER_97,INATTENTION_DISTRACTION
2555449,2,OTHER_97,-110.830343131118,32.2507528019072,4,FOUR_WAY_INTERSECTION,OTHER_97,TUCSON,2011-08-22 15:58:00,UNKNOWN_99,UNKNOWN_99
2555452,2,OTHER_97,-110.858034800663,32.2433628884864,3,T_INTERSECTION,OTHER_97,TUCSON,2011-08-24 08:24:00,OTHER_97,FAILED_TO_YIELD_RIGHT_OF_WAY_103
2555465,2,ANGLE_FRONT_TO_SIDE,-112.12496751246,33.581946447125,3,NOT_AT_INTERSECTION_0,ANGLE_FRONT_TO_SIDE,PHOENIX,2011-10-05 20:33:00,UNKNOWN_99,NO_IMPROPER_ACTION
2555549,2,ANGLE_FRONT_TO_SIDE,0,0,1,T_INTERSECTION,ANGLE_FRONT_TO_SIDE,FLAGSTAFF,2011-10-09 14:34:00,NO_IMPROPER_ACTION,NO_IMPROPER_ACTION
2555616,2,UNKNOWN_99,-112.252885695699,33.6381050286912,1,FOUR_WAY_INTERSECTION,UNKNOWN_99,PEORIA,2011-07-31 21:00:00,UNKNOWN_99,UNKNOWN_99
2555657,2,ANGLE_FRONT_TO_SIDE,-111.966597029118,33.5310592664321,3,FOUR_WAY_INTERSECTION,ANGLE_FRONT_TO_SIDE,PARADISE VALLEY,2011-08-20 07:52:00,NO_IMPROPER_ACTION,DISREGARDED_TRAFFIC_SIGNAL
2555668,2,LEFT_TURN,-111.791887051763,33.364443480882,4,T_INTERSECTION,LEFT_TURN,GILBERT,2011-09-27 17:25:00,NO_IMPROPER_ACTION,MADE_IMPROPER_TURN
2555697,2,ANGLE_FRONT_TO_SIDE,-112.255006452665,33.6746426235487,3,FOUR_WAY_INTERSECTION,ANGLE_FRONT_TO_SIDE,PEORIA,2011-09-04 08:40:00,NO_IMPROPER_ACTION,INATTENTION_DISTRACTION
2555719,2,HEAD_ON,-111.013972038684,32.3014730767987,4,UNKNOWN_99,HEAD_ON,UNSPECIFIED_999,2011-10-04 12:35:00,DROVE_RODE_IN_OPPOSING_TRAFFIC_LANE,NO_IMPROPER_ACTION
2555726,2,ANGLE_FRONT_TO_SIDE,0,0,2,T_INTERSECTION,ANGLE_FRONT_TO_SIDE,UNSPECIFIED_999,2011-10-04 13:19:00,NO_IMPROPER_ACTION,INATTENTION_DISTRACTION
2555911,2,LEFT_TURN,-110.889976089169,32.308408200587,3,FOUR_WAY_INTERSECTION,LEFT_TURN,UNSPECIFIED_999,2011-09-20 08:08:00,NO_IMPROPER_ACTION,INATTENTION_DISTRACTION
2555913,2,ANGLE_FRONT_TO_SIDE,-111.029034414795,32.3014991869994,3,FOUR_WAY_INTERSECTION,ANGLE_FRONT_TO_SIDE,UNSPECIFIED_999,2011-09-18 18:21:00,NO_IMPROPER_ACTION,DISREGARDED_TRAFFIC_SIGNAL
2555915,2,OTHER_97,-111.727547538178,33.4228288201366,3,T_INTERSECTION,OTHER_97,MESA,2011-07-05 07:30:00,NO_IMPROPER_ACTION,RAN_STOP_SIGN
2555952,2,ANGLE_FRONT_TO_SIDE,-111.823939390521,33.3352288062298,3,T_INTERSECTION,ANGLE_FRONT_TO_SIDE,GILBERT,2011-09-29 14:40:00,NO_IMPROPER_ACTION,INATTENTION_DISTRACTION
2555964,2,ANGLE_FRONT_TO_SIDE,-111.865806369468,33.3985182480819,4,T_INTERSECTION,ANGLE_FRONT_TO_SIDE,MESA,2011-09-24 17:49:00,DROVE_RODE_IN_OPPOSING_TRAFFIC_LANE,INATTENTION_DISTRACTION+NOT_APPLICABLE_MINUS_1
2555973,2,ANGLE_FRONT_TO_SIDE,-111.790023401954,33.3716697651528,3,FOUR_WAY_INTERSECTION,ANGLE_FRONT_TO_SIDE,GILBERT,2011-09-28 14:30:00,OTHER_97,UNKNOWN_99
2555989,2,ANGLE_FRONT_TO_SIDE,-110.729356023348,32.2546783402989,2,UNKNOWN_99,ANGLE_FRONT_TO_SIDE,UNSPECIFIED_999,2011-09-28 13:48:00,DROVE_RODE_IN_OPPOSING_TRAFFIC_LANE,NO_IMPROPER_ACTION
2556003,2,HEAD_ON,-111.77917316935,33.3896377975978,1,NOT_AT_INTERSECTION_0,HEAD_ON,MESA,2011-10-04 14:48:00,NO_IMPROPER_ACTION,MADE_IMPROPER_TURN
2556014,2,SIDESWIPE_SAME_DIRECTION,-111.822954395308,33.40241516918,2,NOT_AT_INTERSECTION_0,SIDESWIPE_SAME_DIRECTION,MESA,2011-10-07 05:13:00,NO_IMPROPER_ACTION,OTHER_UNSAFE_PASSING
2556019,2,HEAD_ON,-112.013946691102,34.7442034130552,4,T_INTERSECTION,HEAD_ON,COTTONWOOD,2011-09-08 17:12:00,DROVE_RODE_IN_OPPOSING_TRAFFIC_LANE,NOT_APPLICABLE_MINUS_1+NOT_APPLICABLE_MINUS_1+NOT_APPLICABLE_MINUS_1+NO_IMPROPER_ACTION+NOT_APPLICABLE_MINUS_1
2556036,2,OTHER_97,-110.823834379764,32.2213923361589,3,UNKNOWN_99,OTHER_97,TUCSON,2011-08-01 11:42:00,NO_IMPROPER_ACTION,FAILED_TO_YIELD_RIGHT_OF_WAY_103
2556037,2,ANGLE_FRONT_TO_SIDE,-111.791941678715,33.4298857064967,3,T_INTERSECTION,ANGLE_FRONT_TO_SIDE,MESA,2011-10-03 20:31:00,KNOWINGLY_OPERATED_WITH_FAULTY_MISSING_EQUIPMENT,INATTENTION_DISTRACTION
2556065,2,OTHER_97,-110.968224454327,32.1705079116762,3,FOUR_WAY_INTERSECTION,OTHER_97,TUCSON,2011-08-10 16:49:00,UNKNOWN_99,UNKNOWN_99
2556117,2,OTHER_97,-110.926790499874,32.2432822652414,3,FOUR_WAY_INTERSECTION,OTHER_97,TUCSON,2011-08-04 03:30:00,NO_IMPROPER_ACTION,UNKNOWN_99
2556150,2,OTHER_97,-110.806830579239,32.2282070325185,4,T_INTERSECTION,OTHER_97,TUCSON,2011-08-05 17:28:00,UNKNOWN_99,UNKNOWN_99
2556177,2,OTHER_97,-110.84965602931,32.1919426393969,2,T_INTERSECTION,OTHER_97,TUCSON,2011-08-06 08:30:00,DROVE_RODE_IN_OPPOSING_TRAFFIC_LANE,NOT_APPLICABLE_MINUS_1+NO_IMPROPER_ACTION
2556226,2,OTHER_97,-112.116975715788,33.5540107140206,2,UNKNOWN_99,OTHER_97,PHOENIX,2011-09-16 17:30:00,OTHER_97,NO_IMPROPER_ACTION
2556263,2,OTHER_97,-110.858886539955,32.2213555946052,4,UNKNOWN_99,OTHER_97,TUCSON,2011-08-09 10:52:00,NO_IMPROPER_ACTION,FAILED_TO_YIELD_RIGHT_OF_WAY_103
2556270,2,OTHER_97,-110.935285809944,32.2576093465908,2,FOUR_WAY_INTERSECTION,OTHER_97,TUCSON,2011-08-09 08:51:00,OTHER_97,NO_IMPROPER_ACTION
2556325,2,OTHER_97,-110.881019469703,32.2071791572305,1,UNKNOWN_99,OTHER_97,TUCSON,2011-08-18 08:13:00,DROVE_RODE_IN_OPPOSING_TRAFFIC_LANE,NOT_APPLICABLE_MINUS_1+NO_IMPROPER_ACTION+NOT_APPLICABLE_MINUS_1
2556384,2,HEAD_ON,-111.850340809666,33.3642377167378,4,NOT_AT_INTERSECTION_0,HEAD_ON,MESA,2011-09-20 19:32:00,DROVE_RODE_IN_OPPOSING_TRAFFIC_LANE,FAILED_TO_KEEP_IN_PROPER_LANE
2556398,2,OTHER_97,-111.000567761241,32.2473303085656,2,UNKNOWN_99,OTHER_97,TUCSON,2011-08-19 05:29:00,KNOWINGLY_OPERATED_WITH_FAULTY_MISSING_EQUIPMENT,OTHER_97
2556417,2,OTHER_97,-112.065126359002,33.4471787972226,3,FOUR_WAY_INTERSECTION,OTHER_97,PHOENIX,2011-09-24 14:03:00,NO_IMPROPER_ACTION,DISREGARDED_TRAFFIC_SIGNAL
2556630,2,ANGLE_FRONT_TO_SIDE,-112.129211467568,33.6270699979752,4,T_INTERSECTION,ANGLE_FRONT_TO_SIDE,PHOENIX,2011-09-25 10:06:00,RAN_STOP_SIGN,NO_IMPROPER_ACTION
2556638,2,ANGLE_FRONT_TO_SIDE,-110.768530755532,33.3930944676233,2,T_INTERSECTION,ANGLE_FRONT_TO_SIDE,GLOBE,2011-05-29 17:51:00,RAN_STOP_SIGN,OTHER_97
2556671,2,ANGLE_FRONT_TO_SIDE,-112.073772836747,33.4368188370702,2,UNKNOWN_99,ANGLE_FRONT_TO_SIDE,PHOENIX,2011-09-21 07:50:00,NO_IMPROPER_ACTION,FAILED_TO_YIELD_RIGHT_OF_WAY_103
2556781,2,ANGLE_FRONT_TO_SIDE,-111.046049041268,32.3274811161196,1,T_INTERSECTION,ANGLE_FRONT_TO_SIDE,MARANA,2011-10-08 11:09:00,DROVE_RODE_IN_OPPOSING_TRAFFIC_LANE,NO_IMPROPER_ACTION
2557121,2,ANGLE_FRONT_TO_SIDE,-112.057328847139,33.4947177359507,3,UNKNOWN_99,ANGLE_FRONT_TO_SIDE,PHOENIX,2011-07-19 11:21:00,NO_IMPROPER_ACTION,SPEED_TOO_FAST_FOR_CONDITIONS
2557130,2,ANGLE_FRONT_TO_SIDE,-112.304769442635,33.5654226088587,1,T_INTERSECTION,ANGLE_FRONT_TO_SIDE,UNSPECIFIED_999,2011-08-17 15:21:00,DROVE_RODE_IN_OPPOSING_TRAFFIC_LANE,DISREGARDED_PAVEMENT_MARKINGS
2557231,2,OTHER_97,-112.012997911861,33.5026055123513,3,FOUR_WAY_INTERSECTION,OTHER_97,PHOENIX,2011-09-28 18:45:00,DROVE_RODE_IN_OPPOSING_TRAFFIC_LANE,NO_IMPROPER_ACTION
2557358,2,ANGLE_FRONT_TO_SIDE,-111.707158097818,33.2777809533627,2,T_INTERSECTION,ANGLE_FRONT_TO_SIDE,GILBERT,2011-10-10 16:37:00,NO_IMPROPER_ACTION,MADE_IMPROPER_TURN
2557517,2,SIDESWIPE_SAME_DIRECTION,-111.939606394699,33.3937931342591,1,NOT_REPORTED_255,SIDESWIPE_SAME_DIRECTION,TEMPE,2011-07-13 17:30:00,NO_IMPROPER_ACTION,UNSAFE_LANE_CHANGE
2557559,2,ANGLE_FRONT_TO_SIDE,-112.237676501893,33.6027279692655,1,FOUR_WAY_INTERSECTION,ANGLE_FRONT_TO_SIDE,PEORIA,2011-10-13 14:00:00,DROVE_RODE_IN_OPPOSING_TRAFFIC_LANE,NO_IMPROPER_ACTION
2557602,2,ANGLE_FRONT_TO_SIDE,-112.235944503465,33.5819140228198,3,T_INTERSECTION,ANGLE_FRONT_TO_SIDE,PEORIA,2011-10-03 06:50:00,DISREGARDED_TRAFFIC_SIGNAL,INATTENTION_DISTRACTION
2557636,2,OTHER_97,-110.935173052127,32.2215677441487,3,NOT_AT_INTERSECTION_0,OTHER_97,TUCSON,2011-08-24 20:14:00,NO_IMPROPER_ACTION,FAILED_TO_YIELD_RIGHT_OF_WAY_103
2557643,2,OTHER_97,-110.957357299252,32.236050026319,3,T_INTERSECTION,OTHER_97,TUCSON,2011-08-24 10:50:00,OTHER_97,NO_IMPROPER_ACTION
2557679,3,REAR_END,-110.939412576597,32.2068032975011,2,NOT_AT_INTERSECTION_0,REAR_END,TUCSON,2011-08-28 11:32:00,NO_IMPROPER_ACTION,NO_IMPROPER_ACTION+UNKNOWN_99
2557702,2,OTHER_97,-110.92676528808,32.2406192614588,2,FOUR_WAY_INTERSECTION,OTHER_97,TUCSON,2011-08-31 19:45:00,KNOWINGLY_OPERATED_WITH_FAULTY_MISSING_EQUIPMENT,NO_IMPROPER_ACTION
2557724,2,ANGLE_FRONT_TO_SIDE,-112.289939724355,33.47893154183,3,NOT_REPORTED_255,ANGLE_FRONT_TO_SIDE,AVONDALE,2011-10-19 15:39:00,DISREGARDED_TRAFFIC_SIGNAL,NO_IMPROPER_ACTION
2557729,2,OTHER_97,-110.796757089856,32.2426574569264,2,NOT_REPORTED_255,OTHER_97,TUCSON,2011-08-31 07:34:00,OTHER_97,OTHER_97
2557735,2,ANGLE_FRONT_TO_SIDE,-112.335280383984,33.4639940185012,3,T_INTERSECTION,ANGLE_FRONT_TO_SIDE,AVONDALE,2011-10-21 11:16:00,DROVE_RODE_IN_OPPOSING_TRAFFIC_LANE,NO_IMPROPER_ACTION+NOT_APPLICABLE_MINUS_1
2557778,2,SIDESWIPE_OPPOSITE_DIRECTION,-112.23964270134,33.7238036253845,4,FOUR_WAY_INTERSECTION,SIDESWIPE_OPPOSITE_DIRECTION,PEORIA,2011-10-11 17:25:00,INATTENTION_DISTRACTION,INATTENTION_DISTRACTION
2557787,2,ANGLE_FRONT_TO_SIDE,-112.151521029172,33.63673142947,2,NOT_REPORTED_255,ANGLE_FRONT_TO_SIDE,PHOENIX,2011-09-21 09:12:00,NO_IMPROPER_ACTION,OTHER_97
2557974,2,ANGLE_FRONT_TO_SIDE,-110.282038215848,31.557796472149,2,T_INTERSECTION,ANGLE_FRONT_TO_SIDE,SIERRA VISTA,2011-10-13 13:01:00,SPEED_TOO_FAST_FOR_CONDITIONS,NO_IMPROPER_ACTION
2558095,2,ANGLE_FRONT_TO_SIDE,-112.190716125002,33.6470967335892,2,FOUR_WAY_INTERSECTION,ANGLE_FRONT_TO_SIDE,GLENDALE,2011-09-23 12:31:00,FAILED_TO_YIELD_RIGHT_OF_WAY_103,NO_IMPROPER_ACTION
2558131,2,LEFT_TURN,-112.155887374163,33.5531053268516,2,UNKNOWN_99,LEFT_TURN,GLENDALE,2011-09-01 17:39:00,NO_IMPROPER_ACTION,SPEED_TOO_FAST_FOR_CONDITIONS
2558159,2,ANGLE_FRONT_TO_SIDE,-112.173908418832,33.6107426455954,3,T_INTERSECTION,ANGLE_FRONT_TO_SIDE,GLENDALE,2011-09-08 07:15:00,INATTENTION_DISTRACTION,NO_IMPROPER_ACTION
2558305,2,ANGLE_FRONT_TO_SIDE,-112.177545506091,33.5095223833565,1,FOUR_WAY_INTERSECTION,ANGLE_FRONT_TO_SIDE,GLENDALE,2011-09-11 17:14:00,FAILED_TO_YIELD_RIGHT_OF_WAY_103,NO_IMPROPER_ACTION
2558310,2,ANGLE_FRONT_TO_SIDE,-112.156719278125,33.5384509028234,2,UNKNOWN_99,ANGLE_FRONT_TO_SIDE,GLENDALE,2011-09-11 09:46:00,OTHER_UNSAFE_PASSING,FAILED_TO_YIELD_RIGHT_OF_WAY_103
2558383,2,SIDESWIPE_OPPOSITE_DIRECTION,-112.154721243014,33.5384401441047,2,UNKNOWN_99,SIDESWIPE_OPPOSITE_DIRECTION,GLENDALE,2011-09-23 21:43:00,DROVE_RODE_IN_OPPOSING_TRAFFIC_LANE,FAILED_TO_YIELD_RIGHT_OF_WAY_103
2558495,2,OTHER_97,-112.151439366645,33.5384459736493,5,FOUR_WAY_INTERSECTION,OTHER_97,PHOENIX,2011-07-30 21:24:00,DISREGARDED_TRAFFIC_SIGNAL,NO_IMPROPER_ACTION
2558518,2,ANGLE_FRONT_TO_SIDE,-111.053198601982,32.3375549158144,1,T_INTERSECTION,ANGLE_FRONT_TO_SIDE,MARANA,2011-10-27 17:35:00,INATTENTION_DISTRACTION,NO_IMPROPER_ACTION
2558531,2,LEFT_TURN,-110.272399886764,31.5522147452806,2,FOUR_WAY_INTERSECTION,LEFT_TURN,SIERRA VISTA,2011-10-13 17:19:00,NO_IMPROPER_ACTION,FAILED_TO_YIELD_RIGHT_OF_WAY_103
2558610,2,OTHER_97,-111.78977300808,33.3608228339087,3,UNKNOWN_99,OTHER_97,GILBERT,2011-10-24 13:07:00,UNKNOWN_99,NO_IMPROPER_ACTION
2558683,2,ANGLE_FRONT_TO_SIDE,-111.687685244809,33.365631531094,2,UNKNOWN_99,ANGLE_FRONT_TO_SIDE,GILBERT,2011-10-19 08:02:00,NO_IMPROPER_ACTION,OTHER_97
2558751,2,REAR_END,-112.133819570506,33.852473518617,2,T_INTERSECTION,REAR_END,UNSPECIFIED_999,2011-10-11 15:36:00,NO_IMPROPER_ACTION,NO_IMPROPER_ACTION
2559162,2,ANGLE_FRONT_TO_SIDE,-112.160173098976,33.5819214083168,1,FOUR_WAY_INTERSECTION,ANGLE_FRONT_TO_SIDE,GLENDALE,2011-09-16 14:18:00,DROVE_RODE_IN_OPPOSING_TRAFFIC_LANE,NOT_APPLICABLE_MINUS_1+NO_IMPROPER_ACTION
2559244,3,REAR_END,-112.193292616681,33.6106817400611,3,NOT_AT_INTERSECTION_0,REAR_END,GLENDALE,2011-09-13 06:41:00,NO_IMPROPER_ACTION,UNKNOWN_99+SPEED_TOO_FAST_FOR_CONDITIONS
2559316,2,ANGLE_FRONT_TO_SIDE,0,0,2,T_INTERSECTION,ANGLE_FRONT_TO_SIDE,GLENDALE,2011-09-15 15:48:00,FAILED_TO_YIELD_RIGHT_OF_WAY_103,NO_IMPROPER_ACTION
2559575,2,ANGLE_FRONT_TO_SIDE,-112.194646688812,33.6206521290804,2,FOUR_WAY_INTERSECTION,ANGLE_FRONT_TO_SIDE,GLENDALE,2011-09-09 08:14:00,INATTENTION_DISTRACTION,NO_IMPROPER_ACTION
2559671,2,OTHER_97,-111.659427788377,35.192119004721,2,NOT_REPORTED_255,OTHER_97,FLAGSTAFF,2011-10-31 12:56:00,UNKNOWN_99,NO_IMPROPER_ACTION
2559824,2,OTHER_97,-111.84447524914,33.3787740619404,3,FOUR_WAY_INTERSECTION,OTHER_97,MESA,2011-10-18 17:20:00,OTHER_97,OTHER_97
2559852,2,SIDESWIPE_SAME_DIRECTION,-111.641327640035,33.4168297508291,3,NOT_AT_INTERSECTION_0,SIDESWIPE_SAME_DIRECTION,UNSPECIFIED_999,2011-10-14 18:00:00,DROVE_RODE_IN_OPPOSING_TRAFFIC_LANE,NO_IMPROPER_ACTION
2559911,2,ANGLE_FRONT_TO_SIDE,-112.341019020339,33.457129363261,3,FOUR_WAY_INTERSECTION,ANGLE_FRONT_TO_SIDE,AVONDALE,2011-10-31 14:56:00,NO_IMPROPER_ACTION,FAILED_TO_YIELD_RIGHT_OF_WAY_103
2559944,2,ANGLE_FRONT_TO_SIDE,-112.099736258932,33.5198994106207,2,FOUR_WAY_INTERSECTION,ANGLE_FRONT_TO_SIDE,PHOENIX,2011-09-23 16:47:00,INATTENTION_DISTRACTION,NO_IMPROPER_ACTION+NOT_APPLICABLE_MINUS_1
2559945,2,LEFT_TURN,-112.06738241662,33.6553226149796,2,FOUR_WAY_INTERSECTION,LEFT_TURN,PHOENIX,2011-10-04 21:00:00,UNKNOWN_99,UNKNOWN_99
2559947,3,LEFT_TURN,-111.653004719101,35.1915565648262,3,UNKNOWN_99,LEFT_TURN,FLAGSTAFF,2011-10-18 18:23:00,OTHER_97+OTHER_97,FAILED_TO_YIELD_RIGHT_OF_WAY_103
2559974,2,OTHER_97,-111.563392906606,33.4223242861642,1,FOUR_WAY_INTERSECTION,OTHER_97,APACHE JUNCTION,2011-10-23 18:42:00,NO_IMPROPER_ACTION,DISREGARDED_TRAFFIC_SIGNAL
2560013,2,SIDESWIPE_OPPOSITE_DIRECTION,-109.263784422058,34.1255235590732,1,FOUR_WAY_INTERSECTION,SIDESWIPE_OPPOSITE_DIRECTION,SPRINGERVILLE,2011-04-08 19:12:00,NO_IMPROPER_ACTION,RAN_STOP_SIGN
2560036,2,SIDESWIPE_SAME_DIRECTION,-111.961853773806,33.0580843439847,4,NOT_AT_INTERSECTION_0,SIDESWIPE_SAME_DIRECTION,MARICOPA,2011-10-09 19:01:00,NO_IMPROPER_ACTION,OTHER_UNSAFE_PASSING
2560043,2,ANGLE_FRONT_TO_SIDE,-112.100075103056,33.6957585106394,3,T_INTERSECTION,ANGLE_FRONT_TO_SIDE,PHOENIX,2011-09-28 12:05:00,FAILED_TO_YIELD_RIGHT_OF_WAY_103,NO_IMPROPER_ACTION
2560114,2,ANGLE_FRONT_TO_SIDE,-110.995640890238,32.4238612572648,1,FOUR_WAY_INTERSECTION,ANGLE_FRONT_TO_SIDE,ORO VALLEY,2011-10-13 09:07:00,OTHER_97,NO_IMPROPER_ACTION
2560142,2,UNKNOWN_99,-111.841738158827,33.3352231845753,1,FOUR_WAY_INTERSECTION,UNKNOWN_99,CHANDLER,2011-09-20 12:05:00,OTHER_97,OTHER_97
2560278,2,OTHER_97,-111.841474831899,33.3097868341455,1,FOUR_WAY_INTERSECTION,OTHER_97,CHANDLER,2011-09-20 18:52:00,UNKNOWN_99,INATTENTION_DISTRACTION
2560297,2,SIDESWIPE_SAME_DIRECTION,-111.203703403991,32.3426784060258,3,NOT_AT_INTERSECTION_0,SIDESWIPE_SAME_DIRECTION,UNSPECIFIED_999,2011-10-27 19:41:00,KNOWINGLY_OPERATED_WITH_FAULTY_MISSING_EQUIPMENT,NO_IMPROPER_ACTION
2560387,2,ANGLE_FRONT_TO_SIDE,-112.083230055135,33.4984910221457,3,T_INTERSECTION,ANGLE_FRONT_TO_SIDE,PHOENIX,2011-10-02 09:16:00,NO_IMPROPER_ACTION,NOT_APPLICABLE_MINUS_1+FAILED_TO_YIELD_RIGHT_OF_WAY_103