IncidentID,num_vehicles_involved,eCollisionManner,Longitude,Latitude,InjurySeverity,eIntersectionType,eCollisionManner,city_name,IncidentDateTime,cyclist_citations,driver_citations
2560635,2,OTHER_97,-112.008125534412,33.4657371712759,2,LEGACY_INTERSECTION_RELATED_PRIOR_2009_98,OTHER_97,PHOENIX,2011-10-07 18:24:00,NO_IMPROPER_ACTION,NO_IMPROPER_ACTION
2560751,2,ANGLE_FRONT_TO_SIDE,-111.91298599433,33.4147588809266,2,UNKNOWN_99,ANGLE_FRONT_TO_SIDE,TEMPE,2011-08-25 17:56:00,DROVE_RODE_IN_OPPOSING_TRAFFIC_LANE,NO_IMPROPER_ACTION
2560796,2,LEFT_TURN,-110.787798358357,32.2686090441723,3,FOUR_WAY_INTERSECTION,LEFT_TURN,UNSPECIFIED_999,2011-10-28 07:59:00,NO_IMPROPER_ACTION,NOT_APPLICABLE_MINUS_1+INATTENTION_DISTRACTION
2560820,2,ANGLE_FRONT_TO_SIDE,-112.101661023485,33.5096037678015,3,UNKNOWN_99,ANGLE_FRONT_TO_SIDE,PHOENIX,2011-09-30 08:16:00,UNKNOWN_99,NO_IMPROPER_ACTION
2560821,2,OTHER_97,-111.668379870453,35.1842007724599,4,FOUR_WAY_INTERSECTION,OTHER_97,FLAGSTAFF,2011-10-26 08:42:00,NO_IMPROPER_ACTION,INATTENTION_DISTRACTION
2560830,2,LEFT_TURN,-112.022067141161,33.6405522703518,3,T_INTERSECTION,LEFT_TURN,PHOENIX,2011-10-01 09:17:00,OTHER_97,NO_IMPROPER_ACTION
2560942,2,UNKNOWN_99,-112.012913824746,33.4657372782586,2,FOUR_WAY_INTERSECTION,UNKNOWN_99,PHOENIX,2011-10-04 15:15:00,NO_IMPROPER_ACTION,INATTENTION_DISTRACTION+NOT_APPLICABLE_MINUS_1
2560946,2,ANGLE_FRONT_TO_SIDE,-111.807916529601,33.3063933847718,3,NOT_AT_INTERSECTION_0,ANGLE_FRONT_TO_SIDE,CHANDLER,2011-09-26 19:35:00,UNSAFE_LANE_CHANGE,UNKNOWN_99
2560958,2,ANGLE_FRONT_TO_SIDE,-111.85974835458,33.3786807423893,2,FOUR_WAY_INTERSECTION,ANGLE_FRONT_TO_SIDE,MESA,2011-10-28 08:47:00,DISREGARDED_TRAFFIC_SIGNAL,NO_IMPROPER_ACTION
2560965,2,ANGLE_FRONT_TO_SIDE,0,0,4,UNKNOWN_99,ANGLE_FRONT_TO_SIDE,GILBERT,2011-10-24 19:21:00,DROVE_RODE_IN_OPPOSING_TRAFFIC_LANE,NO_IMPROPER_ACTION
2560979,2,ANGLE_FRONT_TO_SIDE,-111.941657185864,33.3059168250301,3,NOT_AT_INTERSECTION_0,ANGLE_FRONT_TO_SIDE,CHANDLER,2011-09-26 14:05:00,DROVE_RODE_IN_OPPOSING_TRAFFIC_LANE,INATTENTION_DISTRACTION
2560999,3,LEFT_TURN,-111.692095336246,33.32164733038,3,T_INTERSECTION,LEFT_TURN,UNSPECIFIED_999,2011-10-27 16:52:00,NO_IMPROPER_ACTION+NO_IMPROPER_ACTION,OTHER_97
2561044,2,OTHER_97,-110.896391466559,32.5369337641139,1,T_INTERSECTION,OTHER_97,UNSPECIFIED_999,2011-09-09 09:39:00,NO_IMPROPER_ACTION,INATTENTION_DISTRACTION
2561051,2,LEFT_TURN,-111.5602775784,33.2233022175311,3,T_INTERSECTION,LEFT_TURN,UNSPECIFIED_999,2011-09-10 17:01:00,OTHER_97,NO_IMPROPER_ACTION
2561343,2,LEFT_TURN,-112.237736052575,33.5664940878723,4,FOUR_WAY_INTERSECTION,LEFT_TURN,PEORIA,2011-10-25 13:27:00,NO_IMPROPER_ACTION,OTHER_97
2561348,2,ANGLE_FRONT_TO_SIDE,-112.117057326429,33.4878012381579,3,FOUR_WAY_INTERSECTION,ANGLE_FRONT_TO_SIDE,PHOENIX,2011-09-30 08:05:00,DISREGARDED_TRAFFIC_SIGNAL,NO_IMPROPER_ACTION
2561358,2,ANGLE_FRONT_TO_SIDE,-111.926377785361,33.2985344508137,2,NOT_AT_INTERSECTION_0,ANGLE_FRONT_TO_SIDE,CHANDLER,2011-09-21 13:21:00,RAN_STOP_SIGN,NOT_APPLICABLE_MINUS_1+NO_IMPROPER_ACTION
2561373,2,ANGLE_FRONT_TO_SIDE,-112.147541525646,33.4659602380026,4,FOUR_WAY_INTERSECTION,ANGLE_FRONT_TO_SIDE,PHOENIX,2011-09-29 17:53:00,DROVE_RODE_IN_OPPOSING_TRAFFIC_LANE,NO_IMPROPER_ACTION
2561381,2,ANGLE_FRONT_TO_SIDE,-112.153804291989,33.5094408707835,3,T_INTERSECTION,ANGLE_FRONT_TO_SIDE,GLENDALE,2011-09-30 16:11:00,FAILED_TO_KEEP_IN_PROPER_LANE,NO_IMPROPER_ACTION
2561406,2,REAR_END,-112.422489677412,34.7591454209479,3,TRAFFIC_CIRCLE,REAR_END,CHINO VALLEY,2011-10-30 13:27:00,NO_IMPROPER_ACTION,UNKNOWN_99
2561451,2,ANGLE_FRONT_TO_SIDE,-112.021930649844,33.4950305888571,2,NOT_AT_INTERSECTION_0,ANGLE_FRONT_TO_SIDE,PHOENIX,2011-10-05 16:00:00,UNKNOWN_99,MADE_IMPROPER_TURN
2561485,2,ANGLE_FRONT_TO_SIDE,-112.056326175753,33.4947887728005,2,FOUR_WAY_INTERSECTION,ANGLE_FRONT_TO_SIDE,PHOENIX,2011-10-06 20:30:00,DISREGARDED_TRAFFIC_SIGNAL,NO_IMPROPER_ACTION
2561489,2,OTHER_97,-110.936954666706,32.163251958082,4,T_INTERSECTION,OTHER_97,TUCSON,2011-09-01 15:35:00,NO_IMPROPER_ACTION,FAILED_TO_YIELD_RIGHT_OF_WAY_103
2561499,2,ANGLE_FRONT_TO_SIDE,-112.099614088652,33.5458566152427,3,FOUR_WAY_INTERSECTION,ANGLE_FRONT_TO_SIDE,PHOENIX,2011-10-04 11:53:00,DROVE_RODE_IN_OPPOSING_TRAFFIC_LANE,NO_IMPROPER_ACTION
2561506,2,UNKNOWN_99,-112.013004516776,33.5048196300115,3,NOT_AT_INTERSECTION_0,UNKNOWN_99,PHOENIX,2011-10-01 23:19:00,UNKNOWN_99,UNKNOWN_99
2561528,2,OTHER_97,-110.965600773199,32.229446162959,3,UNKNOWN_99,OTHER_97,TUCSON,2011-09-02 00:05:00,NO_IMPROPER_ACTION,NO_IMPROPER_ACTION
2561537,2,OTHER_97,-110.998379429865,32.1313015267561,3,FOUR_WAY_INTERSECTION,OTHER_97,TUCSON,2011-09-03 21:34:00,NO_IMPROPER_ACTION,OTHER_97
2561746,2,UNKNOWN_99,-111.739727100078,32.9234132731528,3,UNKNOWN_99,UNKNOWN_99,CASA GRANDE,2011-10-19 06:43:00,UNKNOWN_99,UNKNOWN_99+NOT_APPLICABLE_MINUS_1+NOT_APPLICABLE_MINUS_1
2561749,2,SIDESWIPE_SAME_DIRECTION,-112.142348837933,33.3920788668311,4,UNKNOWN_99,SIDESWIPE_SAME_DIRECTION,PHOENIX,2011-07-27 17:23:00,FAILED_TO_YIELD_RIGHT_OF_WAY_103,NO_IMPROPER_ACTION
2561902,2,SIDESWIPE_SAME_DIRECTION,-112.037006853564,33.4875239740455,3,NOT_AT_INTERSECTION_0,SIDESWIPE_SAME_DIRECTION,PHOENIX,2011-10-06 18:35:00,NO_IMPROPER_ACTION,NO_IMPROPER_ACTION
2562074,2,ANGLE_FRONT_TO_SIDE,-112.074942952861,33.625718321644,4,T_INTERSECTION,ANGLE_FRONT_TO_SIDE,PHOENIX,2011-10-10 08:06:00,NO_IMPROPER_ACTION,MADE_IMPROPER_TURN
2562137,2,REAR_END,0,0,4,UNKNOWN_99,REAR_END,UNSPECIFIED_999,2011-09-19 23:20:00,UNKNOWN_99,INATTENTION_DISTRACTION
2562191,2,LEFT_TURN,-112.063719812681,33.4657244600679,3,NOT_AT_INTERSECTION_0,LEFT_TURN,PHOENIX,2011-10-06 14:47:00,NO_IMPROPER_ACTION,FAILED_TO_YIELD_RIGHT_OF_WAY_103
2562202,2,ANGLE_FRONT_TO_SIDE,-111.859727016327,33.3642243365071,2,T_INTERSECTION,ANGLE_FRONT_TO_SIDE,MESA,2011-10-27 15:00:00,INATTENTION_DISTRACTION,NOT_APPLICABLE_MINUS_1+NOT_APPLICABLE_MINUS_1+INATTENTION_DISTRACTION
2562212,2,SIDESWIPE_OPPOSITE_DIRECTION,-112.134290648143,33.4876791801174,2,FOUR_WAY_INTERSECTION,SIDESWIPE_OPPOSITE_DIRECTION,PHOENIX,2011-10-11 16:50:00,DISREGARDED_TRAFFIC_SIGNAL,NO_IMPROPER_ACTION
2562226,2,ANGLE_FRONT_TO_SIDE,-111.8483190211,33.4150167733099,2,FOUR_WAY_INTERSECTION,ANGLE_FRONT_TO_SIDE,MESA,2011-10-27 18:00:00,UNKNOWN_99,INATTENTION_DISTRACTION
2562245,2,REAR_END,-111.02908990096,32.3100070228515,3,T_INTERSECTION,REAR_END,TUCSON,2011-10-28 07:05:00,SPEED_TOO_FAST_FOR_CONDITIONS,NO_IMPROPER_ACTION
2562342,2,ANGLE_FRONT_TO_SIDE,-111.815081193717,33.4174141636237,1,UNKNOWN_99,ANGLE_FRONT_TO_SIDE,MESA,2011-11-04 11:24:00,FAILED_TO_KEEP_IN_PROPER_LANE,NO_IMPROPER_ACTION
2562529,2,ANGLE_FRONT_TO_SIDE,-111.714503667155,33.2892981451797,2,FOUR_WAY_INTERSECTION,ANGLE_FRONT_TO_SIDE,GILBERT,2011-11-01 16:13:00,RAN_STOP_SIGN,NO_IMPROPER_ACTION
2562545,2,OTHER_97,-111.75567522629,33.3501675418814,4,FOUR_WAY_INTERSECTION,OTHER_97,GILBERT,2011-11-09 07:15:00,NO_IMPROPER_ACTION,MADE_IMPROPER_TURN
2562607,2,OTHER_97,-112.064682682789,33.3907229289564,4,NOT_REPORTED_255,OTHER_97,PHOENIX,2011-10-18 14:05:00,OTHER_97,NO_IMPROPER_ACTION
2562612,2,OTHER_97,-111.753667871377,33.4196374657484,3,UNKNOWN_99,OTHER_97,MESA,2011-11-07 13:35:00,NO_IMPROPER_ACTION,NO_IMPROPER_ACTION
2562621,2,LEFT_TURN,-111.736410206128,33.4227678086227,1,FOUR_WAY_INTERSECTION,LEFT_TURN,MESA,2011-11-03 07:19:00,NO_IMPROPER_ACTION,OTHER_97
2562706,2,OTHER_97,-110.806812340701,32.2217549212681,1,UNKNOWN_99,OTHER_97,TUCSON,2011-09-06 18:22:00,UNSAFE_LANE_CHANGE,NOT_APPLICABLE_MINUS_1+NO_IMPROPER_ACTION
2562740,2,OTHER_97,-110.913272683587,32.2361529664585,3,FOUR_WAY_INTERSECTION,OTHER_97,TUCSON,2011-09-12 07:29:00,NO_IMPROPER_ACTION,INATTENTION_DISTRACTION+NOT_APPLICABLE_MINUS_1+NOT_APPLICABLE_MINUS_1
2562752,2,OTHER_97,-110.971793481119,32.2363088421622,3,UNKNOWN_99,OTHER_97,TUCSON,2011-09-07 15:28:00,FAILED_TO_YIELD_RIGHT_OF_WAY_103,NO_IMPROPER_ACTION
2562799,2,OTHER_97,-110.90952595859,32.207037960002,2,FOUR_WAY_INTERSECTION,OTHER_97,TUCSON,2011-09-10 22:11:00,MADE_IMPROPER_TURN,NO_IMPROPER_ACTION
2563048,2,UNKNOWN_99,-112.012935514938,33.4850765890167,3,T_INTERSECTION,UNKNOWN_99,PHOENIX,2011-10-10 20:55:00,UNKNOWN_99,UNKNOWN_99
2563053,2,OTHER_97,-112.099642565401,33.5735416262633,1,T_INTERSECTION,OTHER_97,PHOENIX,2011-10-03 08:26:00,NO_IMPROPER_ACTION,UNKNOWN_99
2563064,2,ANGLE_FRONT_TO_SIDE,-112.447261333986,33.3561274918395,1,T_INTERSECTION,ANGLE_FRONT_TO_SIDE,GOODYEAR,2011-11-08 07:34:00,DROVE_RODE_IN_OPPOSING_TRAFFIC_LANE,FAILED_TO_YIELD_RIGHT_OF_WAY_103
2563082,2,OTHER_97,-110.875976171593,32.1996673143852,3,UNKNOWN_99,OTHER_97,TUCSON,2011-09-13 16:34:00,ELECTRONIC_COMMUNICATIONS_DEVICE,NO_IMPROPER_ACTION
2563121,2,LEFT_TURN,-112.09127781642,33.5022067187603,2,UNKNOWN_99,LEFT_TURN,PHOENIX,2011-09-29 17:57:00,NO_IMPROPER_ACTION,FAILED_TO_YIELD_RIGHT_OF_WAY_103
2563219,2,ANGLE_FRONT_TO_SIDE,-112.082436342818,33.4503461073681,4,T_INTERSECTION,ANGLE_FRONT_TO_SIDE,PHOENIX,2011-10-03 11:55:00,OTHER_97,NO_IMPROPER_ACTION
2563241,2,ANGLE_FRONT_TO_SIDE,-112.142808402421,33.5531023068192,3,FOUR_WAY_INTERSECTION,ANGLE_FRONT_TO_SIDE,PHOENIX,2011-10-14 18:25:00,DISREGARDED_TRAFFIC_SIGNAL,NO_IMPROPER_ACTION
2563260,2,ANGLE_FRONT_TO_SIDE,-112.125580323467,33.5094587576729,4,FOUR_WAY_INTERSECTION,ANGLE_FRONT_TO_SIDE,PHOENIX,2011-10-08 12:10:00,DISREGARDED_TRAFFIC_SIGNAL,NOT_APPLICABLE_MINUS_1+NO_IMPROPER_ACTION+NOT_APPLICABLE_MINUS_1
2563314,2,ANGLE_FRONT_TO_SIDE,-112.05665751161,33.5568301286789,4,T_INTERSECTION,ANGLE_FRONT_TO_SIDE,PHOENIX,2011-10-04 05:55:00,UNKNOWN_99,UNKNOWN_99
2563322,2,OTHER_97,-112.13376556407,33.3776762415088,2,FOUR_WAY_INTERSECTION,OTHER_97,PHOENIX,2011-10-06 21:38:00,DID_NOT_USE_CROSSWALK,NOT_APPLICABLE_MINUS_1+NO_IMPROPER_ACTION
2563349,2,ANGLE_FRONT_TO_SIDE,-112.082929846424,33.6534531835596,2,UNKNOWN_99,ANGLE_FRONT_TO_SIDE,PHOENIX,2011-10-11 17:10:00,NO_IMPROPER_ACTION,UNKNOWN_99
2563423,2,ANGLE_FRONT_TO_SIDE,-112.07388971774,33.5686520116478,1,FOUR_WAY_INTERSECTION,ANGLE_FRONT_TO_SIDE,PHOENIX,2011-10-14 07:40:00,OTHER_97,NO_IMPROPER_ACTION
2563702,2,OTHER_97,-112.079926468128,33.3109196653226,2,FOUR_WAY_INTERSECTION,OTHER_97,PHOENIX,2011-10-24 13:19:00,NO_IMPROPER_ACTION,FAILED_TO_YIELD_RIGHT_OF_WAY_103
2563715,2,OTHER_97,-112.099697790621,33.5235332805224,4,NOT_REPORTED_255,OTHER_97,PHOENIX,2011-10-12 14:17:00,OTHER_97,NOT_APPLICABLE_MINUS_1+NO_IMPROPER_ACTION
2563723,2,LEFT_TURN,-112.289932793773,33.4788847887678,3,NOT_REPORTED_255,LEFT_TURN,AVONDALE,2011-11-03 16:12:00,NO_IMPROPER_ACTION,FAILED_TO_YIELD_RIGHT_OF_WAY_103
2563732,2,OTHER_97,-112.056364151552,33.480115715498,3,NOT_AT_INTERSECTION_0,OTHER_97,PHOENIX,2011-10-13 13:33:00,OTHER_97,NOT_APPLICABLE_MINUS_1+NOT_APPLICABLE_MINUS_1+NOT_APPLICABLE_MINUS_1+NO_IMPROPER_ACTION
2563770,2,ANGLE_FRONT_TO_SIDE,-111.753613826064,33.428200453506,3,T_INTERSECTION,ANGLE_FRONT_TO_SIDE,MESA,2011-11-10 15:58:00,DROVE_RODE_IN_OPPOSING_TRAFFIC_LANE,NO_IMPROPER_ACTION
2564031,2,ANGLE_FRONT_TO_SIDE,-110.968437643815,32.1995640809209,3,FOUR_WAY_INTERSECTION,ANGLE_FRONT_TO_SIDE,SOUTH TUCSON,2011-11-07 14:23:00,DISREGARDED_TRAFFIC_SIGNAL,NO_IMPROPER_ACTION
2564072,2,OTHER_97,-112.133735781831,33.6207135616128,2,T_INTERSECTION,OTHER_97,PHOENIX,2011-10-19 18:50:00,DROVE_RODE_IN_OPPOSING_TRAFFIC_LANE,NO_IMPROPER_ACTION
2564104,2,ANGLE_FRONT_TO_SIDE,-111.999160221463,33.4072253873108,2,T_INTERSECTION,ANGLE_FRONT_TO_SIDE,PHOENIX,2011-10-19 14:36:00,DROVE_RODE_IN_OPPOSING_TRAFFIC_LANE,NO_IMPROPER_ACTION+NOT_APPLICABLE_MINUS_1
2564118,2,LEFT_TURN,-110.952450610762,32.2373320831866,1,FOUR_WAY_INTERSECTION,LEFT_TURN,TUCSON,2011-11-15 10:42:00,NO_IMPROPER_ACTION,MADE_IMPROPER_TURN
2564140,2,ANGLE_FRONT_TO_SIDE,-112.3393732292,34.5941484996254,1,FOUR_WAY_INTERSECTION,ANGLE_FRONT_TO_SIDE,PRESCOTT VALLEY,2011-10-26 07:42:00,UNKNOWN_99,FAILED_TO_YIELD_RIGHT_OF_WAY_103
2564155,2,UNKNOWN_99,-112.047623200024,33.4592610778498,2,NOT_AT_INTERSECTION_0,UNKNOWN_99,PHOENIX,2011-10-21 18:23:00,UNKNOWN_99,NOT_APPLICABLE_MINUS_1+UNKNOWN_99
2564161,2,ANGLE_FRONT_TO_SIDE,-111.86988626077,33.4221341450127,2,T_INTERSECTION,ANGLE_FRONT_TO_SIDE,MESA,2011-10-27 13:01:00,DROVE_RODE_IN_OPPOSING_TRAFFIC_LANE,NO_IMPROPER_ACTION
2564165,2,ANGLE_FRONT_TO_SIDE,-111.856405050935,33.4235154000013,4,NOT_AT_INTERSECTION_0,ANGLE_FRONT_TO_SIDE,MESA,2011-10-26 05:29:00,DID_NOT_USE_CROSSWALK,NOT_APPLICABLE_MINUS_1+NO_IMPROPER_ACTION
2564169,2,ANGLE_FRONT_TO_SIDE,-112.099749524161,33.6533798763318,2,NOT_AT_INTERSECTION_0,ANGLE_FRONT_TO_SIDE,PHOENIX,2011-10-13 10:40:00,OTHER_97,UNKNOWN_99
2564178,2,LEFT_TURN,-111.805382113661,33.4005977939854,2,FOUR_WAY_INTERSECTION,LEFT_TURN,MESA,2011-10-28 17:05:00,NO_IMPROPER_ACTION,MADE_IMPROPER_TURN
2564214,2,OTHER_97,-110.244411977794,31.5539206109911,3,T_INTERSECTION,OTHER_97,SIERRA VISTA,2011-10-29 17:16:00,NO_IMPROPER_ACTION,NO_IMPROPER_ACTION
2564365,2,ANGLE_FRONT_TO_SIDE,-112.073796745153,33.4877264980051,2,UNKNOWN_99,ANGLE_FRONT_TO_SIDE,PHOENIX,2011-10-17 11:16:00,NO_IMPROPER_ACTION,FAILED_TO_YIELD_RIGHT_OF_WAY_103
2564503,2,OTHER_97,-109.704930580921,32.8601794527357,4,T_INTERSECTION,OTHER_97,UNSPECIFIED_999,2011-10-29 11:20:00,RAN_STOP_SIGN,NO_IMPROPER_ACTION
2564540,2,LEFT_TURN,-112.28993317163,33.4789314965872,2,FOUR_WAY_INTERSECTION,LEFT_TURN,AVONDALE,2011-11-16 17:25:00,UNKNOWN_99,NOT_APPLICABLE_MINUS_1+UNKNOWN_99+NOT_APPLICABLE_MINUS_1
2564610,2,ANGLE_FRONT_TO_SIDE,0,0,3,FOUR_WAY_INTERSECTION,ANGLE_FRONT_TO_SIDE,PHOENIX,2011-10-21 18:35:00,KNOWINGLY_OPERATED_WITH_FAULTY_MISSING_EQUIPMENT,OTHER_97
2564628,2,ANGLE_FRONT_TO_SIDE,-111.764347089181,33.3501235128681,3,FOUR_WAY_INTERSECTION,ANGLE_FRONT_TO_SIDE,GILBERT,2011-11-07 14:39:00,UNKNOWN_99,UNKNOWN_99
2564765,2,REAR_TO_SIDE,-110.080531282891,34.5105953465811,1,NOT_AT_INTERSECTION_0,REAR_TO_SIDE,SNOWFLAKE,2011-10-19 08:59:00,INATTENTION_DISTRACTION,INATTENTION_DISTRACTION
2564867,2,REAR_END,-111.842278776772,33.3496542135531,2,NOT_AT_INTERSECTION_0,REAR_END,CHANDLER,2011-10-21 13:41:00,NO_IMPROPER_ACTION,SPEED_TOO_FAST_FOR_CONDITIONS
2564914,2,ANGLE_FRONT_TO_SIDE,-112.030213130591,33.5094605748533,3,FOUR_WAY_INTERSECTION,ANGLE_FRONT_TO_SIDE,PHOENIX,2011-10-22 14:40:00,NO_IMPROPER_ACTION,INATTENTION_DISTRACTION
2564926,3,ANGLE_FRONT_TO_SIDE,-112.041565826924,33.4874974077115,4,NOT_AT_INTERSECTION_0,ANGLE_FRONT_TO_SIDE,PHOENIX,2011-10-17 18:41:00,NO_IMPROPER_ACTION,INATTENTION_DISTRACTION
2564932,2,LEFT_TURN,-112.203064030098,33.712210173375,4,FOUR_WAY_INTERSECTION,LEFT_TURN,PHOENIX,2011-10-20 06:03:00,OTHER_97,INATTENTION_DISTRACTION
2564999,2,HEAD_ON,-112.11946935649,33.5675990766508,3,NOT_AT_INTERSECTION_0,HEAD_ON,PHOENIX,2011-10-17 16:00:00,INATTENTION_DISTRACTION,NO_IMPROPER_ACTION
2565006,2,ANGLE_FRONT_TO_SIDE,-112.134277042795,33.4922699258382,3,UNKNOWN_99,ANGLE_FRONT_TO_SIDE,PHOENIX,2011-10-20 14:12:00,NO_IMPROPER_ACTION,DISREGARDED_TRAFFIC_SIGNAL+NOT_APPLICABLE_MINUS_1
2565077,2,OTHER_97,-112.022207090116,33.6517636723731,3,T_INTERSECTION,OTHER_97,PHOENIX,2011-10-20 18:45:00,NO_IMPROPER_ACTION,NO_IMPROPER_ACTION
2565094,2,ANGLE_FRONT_TO_SIDE,-111.788308487964,33.3973849099823,4,T_INTERSECTION,ANGLE_FRONT_TO_SIDE,MESA,2011-11-01 15:22:00,UNKNOWN_99,INATTENTION_DISTRACTION
2565102,2,ANGLE_FRONT_TO_SIDE,-112.075801233794,33.5713481294223,2,UNKNOWN_99,ANGLE_FRONT_TO_SIDE,PHOENIX,2011-10-14 15:36:00,DROVE_RODE_IN_OPPOSING_TRAFFIC_LANE,NO_IMPROPER_ACTION
2565462,2,ANGLE_FRONT_TO_SIDE,-111.762044948396,33.4518336428413,2,FOUR_WAY_INTERSECTION,ANGLE_FRONT_TO_SIDE,MESA,2011-11-14 08:32:00,UNKNOWN_99,NO_IMPROPER_ACTION
2565492,2,ANGLE_FRONT_TO_SIDE,-112.214704315957,33.7176387844842,3,FOUR_WAY_INTERSECTION,ANGLE_FRONT_TO_SIDE,PEORIA,2011-11-07 07:49:00,OTHER_97,NOT_APPLICABLE_MINUS_1+NO_IMPROPER_ACTION+NOT_APPLICABLE_MINUS_1+NOT_APPLICABLE_MINUS_1+NOT_APPLICABLE_MINUS_1
2565539,2,ANGLE_FRONT_TO_SIDE,-112.228871656348,33.6101516783138,1,FOUR_WAY_INTERSECTION,ANGLE_FRONT_TO_SIDE,PEORIA,2011-11-04 19:21:00,DISREGARDED_TRAFFIC_SIGNAL,NO_IMPROPER_ACTION
2565878,2,OTHER_97,-111.866443148973,33.4076081662331,1,UNKNOWN_99,OTHER_97,MESA,2011-11-19 12:34:00,NO_IMPROPER_ACTION,NO_IMPROPER_ACTION
2565888,2,ANGLE_FRONT_TO_SIDE,-111.75369980203,33.4155167218113,3,FOUR_WAY_INTERSECTION,ANGLE_FRONT_TO_SIDE,MESA,2011-11-21 15:17:00,DISREGARDED_TRAFFIC_SIGNAL,NO_IMPROPER_ACTION
2565894,2,ANGLE_FRONT_TO_SIDE,-111.805456862474,33.3933640491149,3,FOUR_WAY_INTERSECTION,ANGLE_FRONT_TO_SIDE,MESA,2011-11-18 15:10:00,NO_IMPROPER_ACTION,NOT_APPLICABLE_MINUS_1+MADE_IMPROPER_TURN
2566189,2,OTHER_97,-111.876468224252,33.34953705709,2,FOUR_WAY_INTERSECTION,OTHER_97,CHANDLER,2011-10-15 22:45:00,KNOWINGLY_OPERATED_WITH_FAULTY_MISSING_EQUIPMENT,MADE_IMPROPER_TURN
2566202,2,HEAD_ON,-112.112110753778,33.5483141567556,3,NOT_REPORTED_255,HEAD_ON,PHOENIX,2011-10-02 11:53:00,DROVE_RODE_IN_OPPOSING_TRAFFIC_LANE,OTHER_97
2566228,2,SIDESWIPE_OPPOSITE_DIRECTION,-111.911154674177,33.3054034681864,1,FOUR_WAY_INTERSECTION,SIDESWIPE_OPPOSITE_DIRECTION,CHANDLER,2011-10-17 17:16:00,NO_IMPROPER_ACTION,MADE_IMPROPER_TURN
2566247,2,HEAD_ON,-111.926312788873,33.3929462881345,2,FOUR_WAY_INTERSECTION,HEAD_ON,TEMPE,2011-06-14 06:54:00,INATTENTION_DISTRACTION,NO_IMPROPER_ACTION
2566265,2,ANGLE_FRONT_TO_SIDE,-111.911174844281,33.3491256801616,2,NOT_AT_INTERSECTION_0,ANGLE_FRONT_TO_SIDE,TEMPE,2011-06-30 08:57:00,NO_IMPROPER_ACTION,SPEED_TOO_FAST_FOR_CONDITIONS
2566270,2,ANGLE_FRONT_TO_SIDE,-111.909964616589,33.4147584495012,1,NOT_REPORTED_255,ANGLE_FRONT_TO_SIDE,TEMPE,2011-06-30 16:03:00,DROVE_RODE_IN_OPPOSING_TRAFFIC_LANE,NO_IMPROPER_ACTION
2566318,2,ANGLE_FRONT_TO_SIDE,-111.917735026732,33.3930604089215,2,FOUR_WAY_INTERSECTION,ANGLE_FRONT_TO_SIDE,TEMPE,2011-08-22 11:37:00,DROVE_RODE_IN_OPPOSING_TRAFFIC_LANE,UNKNOWN_99
2566473,2,ANGLE_FRONT_TO_SIDE,-111.952498126972,33.3783464303009,2,FOUR_WAY_INTERSECTION,ANGLE_FRONT_TO_SIDE,TEMPE,2011-07-11 21:43:00,DROVE_RODE_IN_OPPOSING_TRAFFIC_LANE,FAILED_TO_YIELD_RIGHT_OF_WAY_103
2566482,2,ANGLE_FRONT_TO_SIDE,-111.928504494987,33.3443924240667,1,T_INTERSECTION,ANGLE_FRONT_TO_SIDE,TEMPE,2011-08-09 14:27:00,OTHER_97,NO_IMPROPER_ACTION
2566497,2,HEAD_ON,-111.943873782955,33.3782889242878,3,T_INTERSECTION,HEAD_ON,TEMPE,2011-08-04 18:07:00,OTHER_97,NO_IMPROPER_ACTION
2566502,2,ANGLE_FRONT_TO_SIDE,-111.919817171626,33.3491773933717,3,T_INTERSECTION,ANGLE_FRONT_TO_SIDE,TEMPE,2011-08-14 12:40:00,DROVE_RODE_IN_OPPOSING_TRAFFIC_LANE,NO_IMPROPER_ACTION
2566560,2,ANGLE_FRONT_TO_SIDE,-111.939876479922,33.412532508525,3,NOT_AT_INTERSECTION_0,ANGLE_FRONT_TO_SIDE,TEMPE,2011-08-07 17:44:00,DROVE_RODE_IN_OPPOSING_TRAFFIC_LANE,NO_IMPROPER_ACTION
2566573,2,ANGLE_FRONT_TO_SIDE,-111.926142577614,33.4168291108955,3,NOT_AT_INTERSECTION_0,ANGLE_FRONT_TO_SIDE,TEMPE,2011-08-15 13:28:00,NO_IMPROPER_ACTION,FAILED_TO_YIELD_RIGHT_OF_WAY_103
2566579,2,OTHER_97,-112.134241116724,33.5603156571309,5,FOUR_WAY_INTERSECTION,OTHER_97,PHOENIX,2011-07-09 09:53:00,DISREGARDED_TRAFFIC_SIGNAL,NO_IMPROPER_ACTION
2566601,2,ANGLE_FRONT_TO_SIDE,-111.939836846521,33.402019229257,3,T_INTERSECTION,ANGLE_FRONT_TO_SIDE,TEMPE,2011-08-18 08:19:00,OTHER_97,NOT_APPLICABLE_MINUS_1+NOT_APPLICABLE_MINUS_1+NO_IMPROPER_ACTION