IncidentID,num_vehicles_involved,eCollisionManner,Longitude,Latitude,InjurySeverity,eIntersectionType,eCollisionManner,city_name,IncidentDateTime,cyclist_citations,driver_citations
2566637,2,ANGLE_FRONT_TO_SIDE,-111.943358981953,33.4253942763478,1,FOUR_WAY_INTERSECTION,ANGLE_FRONT_TO_SIDE,TEMPE,2011-08-05 11:03:00,OTHER_97,NO_IMPROPER_ACTION
2566643,2,HEAD_ON,-111.926299401469,33.4220271589329,3,FOUR_WAY_INTERSECTION,HEAD_ON,TEMPE,2011-08-08 18:28:00,OTHER_97,INATTENTION_DISTRACTION
2566675,2,ANGLE_FRONT_TO_SIDE,-111.859109244191,33.3531993794142,1,T_INTERSECTION,ANGLE_FRONT_TO_SIDE,CHANDLER,2011-10-16 11:30:00,UNKNOWN_99,UNKNOWN_99
2566767,2,ANGLE_FRONT_TO_SIDE,-111.772988678678,33.331911621574,1,T_INTERSECTION,ANGLE_FRONT_TO_SIDE,GILBERT,2011-11-16 22:25:00,RAN_STOP_SIGN,NOT_APPLICABLE_MINUS_1+NO_IMPROPER_ACTION
2566923,2,ANGLE_FRONT_TO_SIDE,-111.917676285319,33.4219038584083,3,FOUR_WAY_INTERSECTION,ANGLE_FRONT_TO_SIDE,TEMPE,2011-09-01 11:11:00,DROVE_RODE_IN_OPPOSING_TRAFFIC_LANE,NO_IMPROPER_ACTION
2566988,2,OTHER_97,-110.84161864136,32.2210051448087,2,UNKNOWN_99,OTHER_97,TUCSON,2011-09-16 07:40:00,SPEED_TOO_FAST_FOR_CONDITIONS,NO_IMPROPER_ACTION
2566993,2,ANGLE_FRONT_TO_SIDE,0,0,2,FOUR_WAY_INTERSECTION,ANGLE_FRONT_TO_SIDE,GILBERT,2011-11-15 18:29:00,DISREGARDED_TRAFFIC_SIGNAL,NO_IMPROPER_ACTION
2567008,2,OTHER_97,-110.823890965092,32.2366500882682,2,UNKNOWN_99,OTHER_97,TUCSON,2011-09-16 07:24:00,UNSAFE_LANE_CHANGE,UNKNOWN_99
2567011,2,OTHER_97,-110.924650854702,32.2360833740426,3,FOUR_WAY_INTERSECTION,OTHER_97,TUCSON,2011-09-17 10:56:00,DROVE_RODE_IN_OPPOSING_TRAFFIC_LANE,NO_IMPROPER_ACTION
2567014,2,ANGLE_FRONT_TO_SIDE,-111.972313861733,33.3927967507609,3,FOUR_WAY_INTERSECTION,ANGLE_FRONT_TO_SIDE,TEMPE,2011-07-23 19:24:00,OTHER_97,NO_IMPROPER_ACTION
2567018,2,OTHER_97,-110.910581822218,32.2542356656285,4,UNKNOWN_99,OTHER_97,TUCSON,2011-09-17 17:48:00,NO_IMPROPER_ACTION,INATTENTION_DISTRACTION
2567051,2,ANGLE_FRONT_TO_SIDE,-112.237681791168,33.5305213816715,2,FOUR_WAY_INTERSECTION,ANGLE_FRONT_TO_SIDE,GLENDALE,2011-10-05 20:06:00,INATTENTION_DISTRACTION,NOT_APPLICABLE_MINUS_1+NO_IMPROPER_ACTION
2567320,2,UNKNOWN_99,-111.661541011663,35.185684223474,2,UNKNOWN_99,UNKNOWN_99,FLAGSTAFF,2011-11-20 23:01:00,UNKNOWN_99,UNKNOWN_99
2567365,2,OTHER_97,-110.959450182792,32.2316898781703,3,FOUR_WAY_INTERSECTION,OTHER_97,TUCSON,2011-09-20 14:51:00,NO_IMPROPER_ACTION,FAILED_TO_YIELD_RIGHT_OF_WAY_103
2567387,2,HEAD_ON,-111.839405629721,33.435204120603,1,FOUR_WAY_INTERSECTION,HEAD_ON,MESA,2011-11-25 15:41:00,INATTENTION_DISTRACTION,NO_IMPROPER_ACTION
2567388,2,OTHER_97,-110.94383272021,32.2575627591383,3,FOUR_WAY_INTERSECTION,OTHER_97,TUCSON,2011-09-21 11:55:00,DISREGARDED_PAVEMENT_MARKINGS,FAILED_TO_YIELD_RIGHT_OF_WAY_103
2567408,2,ANGLE_FRONT_TO_SIDE,-111.713384680575,33.4155710654629,1,UNKNOWN_99,ANGLE_FRONT_TO_SIDE,MESA,2011-11-15 19:20:00,DROVE_RODE_IN_OPPOSING_TRAFFIC_LANE,INATTENTION_DISTRACTION
2567419,2,OTHER_97,-110.960104364788,32.2793647320207,3,UNKNOWN_99,OTHER_97,TUCSON,2011-09-22 17:47:00,NO_IMPROPER_ACTION,OTHER_97
2567431,2,OTHER_97,-110.972143639932,32.2738357913125,2,FOUR_WAY_INTERSECTION,OTHER_97,TUCSON,2011-09-22 17:08:00,DROVE_RODE_IN_OPPOSING_TRAFFIC_LANE,NO_IMPROPER_ACTION
2567463,2,OTHER_97,-110.950853214544,32.2348625003627,3,FOUR_WAY_INTERSECTION,OTHER_97,TUCSON,2011-11-08 14:50:00,INATTENTION_DISTRACTION,INATTENTION_DISTRACTION
2567480,2,ANGLE_FRONT_TO_SIDE,-111.987078004481,33.465719075996,2,FOUR_WAY_INTERSECTION,ANGLE_FRONT_TO_SIDE,PHOENIX,2011-10-28 22:07:00,NO_IMPROPER_ACTION,INATTENTION_DISTRACTION
2567535,2,ANGLE_FRONT_TO_SIDE,-112.073613507074,33.5120462097947,2,T_INTERSECTION,ANGLE_FRONT_TO_SIDE,PHOENIX,2011-10-21 12:31:00,OTHER_97,RAN_STOP_SIGN
2567550,3,OTHER_97,-112.195106568871,33.4699078900111,3,NOT_AT_INTERSECTION_0,OTHER_97,PHOENIX,2011-10-21 18:34:00,DROVE_RODE_IN_OPPOSING_TRAFFIC_LANE+DROVE_RODE_IN_OPPOSING_TRAFFIC_LANE,UNKNOWN_99
2567651,2,ANGLE_FRONT_TO_SIDE,-110.257343675961,31.5401918858543,1,T_INTERSECTION,ANGLE_FRONT_TO_SIDE,SIERRA VISTA,2011-10-10 15:23:00,NO_IMPROPER_ACTION,INATTENTION_DISTRACTION
2567682,2,SIDESWIPE_SAME_DIRECTION,-109.963759749786,34.1476244599037,2,NOT_AT_INTERSECTION_0,SIDESWIPE_SAME_DIRECTION,PINETOP,2011-10-31 10:30:00,NO_IMPROPER_ACTION,INATTENTION_DISTRACTION
2567704,2,OTHER_97,-112.021457030142,33.4767393604396,2,FOUR_WAY_INTERSECTION,OTHER_97,PHOENIX,2011-10-28 18:45:00,RAN_STOP_SIGN,NOT_APPLICABLE_MINUS_1+NOT_APPLICABLE_MINUS_1+NO_IMPROPER_ACTION
2567767,2,ANGLE_FRONT_TO_SIDE,-112.12808758882,33.4949496232664,2,NOT_AT_INTERSECTION_0,ANGLE_FRONT_TO_SIDE,PHOENIX,2011-10-24 17:04:00,NO_IMPROPER_ACTION,FAILED_TO_YIELD_RIGHT_OF_WAY_103
2567820,2,ANGLE_FRONT_TO_SIDE,-111.667525249112,33.3792870974207,3,FOUR_WAY_INTERSECTION,ANGLE_FRONT_TO_SIDE,MESA,2011-11-29 06:54:00,INATTENTION_DISTRACTION,NOT_APPLICABLE_MINUS_1+NOT_APPLICABLE_MINUS_1+NO_IMPROPER_ACTION+NOT_APPLICABLE_MINUS_1
2567833,2,ANGLE_FRONT_TO_SIDE,-112.099905632353,33.4963581292166,2,NOT_AT_INTERSECTION_0,ANGLE_FRONT_TO_SIDE,PHOENIX,2011-10-25 11:49:00,NO_IMPROPER_ACTION,FAILED_TO_YIELD_RIGHT_OF_WAY_103
2567865,2,ANGLE_FRONT_TO_SIDE,-112.257894215073,33.5663782902797,3,T_INTERSECTION,ANGLE_FRONT_TO_SIDE,PEORIA,2011-12-01 13:20:00,NO_IMPROPER_ACTION,FAILED_TO_YIELD_RIGHT_OF_WAY_103
2568100,2,OTHER_97,-111.960768498836,33.4074174302655,1,FOUR_WAY_INTERSECTION,OTHER_97,TEMPE,2011-06-29 00:07:00,NO_IMPROPER_ACTION,FAILED_TO_YIELD_RIGHT_OF_WAY_103
2568119,2,ANGLE_FRONT_TO_SIDE,-111.904841981872,33.3929680712521,2,FOUR_WAY_INTERSECTION,ANGLE_FRONT_TO_SIDE,TEMPE,2011-07-04 10:46:00,DROVE_RODE_IN_OPPOSING_TRAFFIC_LANE,NO_IMPROPER_ACTION
2568128,2,LEFT_TURN,-110.977005706902,32.453615474894,2,T_INTERSECTION,LEFT_TURN,ORO VALLEY,2011-11-15 16:58:00,NO_IMPROPER_ACTION,INATTENTION_DISTRACTION+NOT_APPLICABLE_MINUS_1
2568309,2,HEAD_ON,-112.45401360654,34.7543404266986,3,NOT_REPORTED_255,HEAD_ON,CHINO VALLEY,2011-11-28 10:58:00,OTHER_97,FAILED_TO_YIELD_RIGHT_OF_WAY_103
2568329,2,ANGLE_FRONT_TO_SIDE,-111.89199688016,33.4062548703093,3,NOT_AT_INTERSECTION_0,ANGLE_FRONT_TO_SIDE,TEMPE,2011-08-23 17:33:00,OTHER_97,NO_IMPROPER_ACTION
2568342,2,OTHER_97,-111.787370982235,33.5896568178778,3,FOUR_WAY_INTERSECTION,OTHER_97,SCOTTSDALE,2011-09-27 18:28:00,RAN_STOP_SIGN,NO_IMPROPER_ACTION+NOT_APPLICABLE_MINUS_1+NOT_APPLICABLE_MINUS_1
2568411,2,ANGLE_FRONT_TO_SIDE,-111.926292822545,33.435438537551,1,FIVE_POINT_OR_MORE,ANGLE_FRONT_TO_SIDE,TEMPE,2011-09-13 18:17:00,DROVE_RODE_IN_OPPOSING_TRAFFIC_LANE,NO_IMPROPER_ACTION
2568430,2,SIDESWIPE_OPPOSITE_DIRECTION,-112.182028336004,33.5131716194824,3,FOUR_WAY_INTERSECTION,SIDESWIPE_OPPOSITE_DIRECTION,GLENDALE,2011-09-20 17:51:00,OTHER_97,NOT_APPLICABLE_MINUS_1+NO_IMPROPER_ACTION
2568509,2,ANGLE_FRONT_TO_SIDE,-112.186288493771,33.5239682597917,1,FOUR_WAY_INTERSECTION,ANGLE_FRONT_TO_SIDE,GLENDALE,2011-09-26 09:59:00,UNKNOWN_99,UNKNOWN_99
2568512,2,ANGLE_FRONT_TO_SIDE,-112.190554287573,33.5534257649884,3,T_INTERSECTION,ANGLE_FRONT_TO_SIDE,GLENDALE,2011-09-24 13:11:00,OTHER_97,NOT_APPLICABLE_MINUS_1+NOT_APPLICABLE_MINUS_1+NO_IMPROPER_ACTION
2568517,2,SIDESWIPE_SAME_DIRECTION,-112.169251437687,33.5963546701786,1,UNKNOWN_99,SIDESWIPE_SAME_DIRECTION,GLENDALE,2011-09-22 12:18:00,UNSAFE_LANE_CHANGE,NO_IMPROPER_ACTION
2568710,2,ANGLE_FRONT_TO_SIDE,-111.792314833275,33.4371445845739,2,T_INTERSECTION,ANGLE_FRONT_TO_SIDE,MESA,2011-11-30 07:40:00,INATTENTION_DISTRACTION,NO_IMPROPER_ACTION
2568787,2,SIDESWIPE_SAME_DIRECTION,-111.926311238674,33.4398784198636,3,UNKNOWN_99,SIDESWIPE_SAME_DIRECTION,TEMPE,2011-09-04 10:46:00,NO_IMPROPER_ACTION,UNKNOWN_99
2568808,2,REAR_END,-111.719244119922,33.4022414705758,4,NOT_AT_INTERSECTION_0,REAR_END,MESA,2011-12-05 18:01:00,NO_IMPROPER_ACTION,OTHER_UNSAFE_PASSING
2568839,2,ANGLE_FRONT_TO_SIDE,-111.736406778792,33.4159043760841,2,UNKNOWN_99,ANGLE_FRONT_TO_SIDE,MESA,2011-12-01 18:31:00,NO_IMPROPER_ACTION,SPEED_TOO_FAST_FOR_CONDITIONS
2568875,2,ANGLE_FRONT_TO_SIDE,-112.117005780766,33.5044324363568,1,T_INTERSECTION,ANGLE_FRONT_TO_SIDE,PHOENIX,2011-10-31 15:18:00,FAILED_TO_YIELD_RIGHT_OF_WAY_103,NO_IMPROPER_ACTION
2569122,2,OTHER_97,-112.255047816734,33.5304559137304,2,FOUR_WAY_INTERSECTION,OTHER_97,GLENDALE,2011-09-25 02:43:00,NO_IMPROPER_ACTION,FAILED_TO_YIELD_RIGHT_OF_WAY_103
2569204,2,OTHER_97,-111.979062820617,33.3927584248793,3,UNKNOWN_99,OTHER_97,PHOENIX,2011-10-26 12:14:00,NO_IMPROPER_ACTION,MADE_IMPROPER_TURN
2569235,2,SIDESWIPE_SAME_DIRECTION,-111.12299355529,32.1333320357068,3,T_INTERSECTION,SIDESWIPE_SAME_DIRECTION,UNSPECIFIED_999,2011-11-09 06:42:00,NO_IMPROPER_ACTION,INATTENTION_DISTRACTION
2569522,2,LEFT_TURN,-111.601680512894,33.3789176017268,2,FOUR_WAY_INTERSECTION,LEFT_TURN,MESA,2011-11-19 12:21:00,NO_IMPROPER_ACTION,NO_IMPROPER_ACTION
2569555,2,ANGLE_FRONT_TO_SIDE,-112.008057343829,33.4653661961102,3,UNKNOWN_99,ANGLE_FRONT_TO_SIDE,PHOENIX,2011-10-30 18:35:00,INATTENTION_DISTRACTION,NOT_APPLICABLE_MINUS_1+NO_IMPROPER_ACTION
2569557,2,REAR_END,-110.801178296946,31.9606568248409,2,NOT_AT_INTERSECTION_0,REAR_END,UNSPECIFIED_999,2011-11-10 07:00:00,UNKNOWN_99,UNKNOWN_99
2569558,2,REAR_END,-110.937813318639,32.3253271011495,3,NOT_AT_INTERSECTION_0,REAR_END,UNSPECIFIED_999,2011-11-11 06:44:00,NO_IMPROPER_ACTION,NO_IMPROPER_ACTION
2569575,2,REAR_END,-110.910784675086,32.3110677288541,3,NOT_AT_INTERSECTION_0,REAR_END,UNSPECIFIED_999,2011-11-12 09:23:00,NO_IMPROPER_ACTION,FAILED_TO_KEEP_IN_PROPER_LANE
2569599,2,OTHER_97,-111.56325047778,33.2199492001902,3,FOUR_WAY_INTERSECTION,OTHER_97,UNSPECIFIED_999,2011-11-27 18:46:00,INATTENTION_DISTRACTION,NO_IMPROPER_ACTION
2569655,2,ANGLE_FRONT_TO_SIDE,-111.868172574681,33.4148720987775,4,NOT_AT_INTERSECTION_0,ANGLE_FRONT_TO_SIDE,MESA,2011-11-30 16:01:00,DROVE_RODE_IN_OPPOSING_TRAFFIC_LANE,NO_IMPROPER_ACTION
2569694,2,ANGLE_FRONT_TO_SIDE,-110.892610704143,32.3083830055525,2,NOT_REPORTED_255,ANGLE_FRONT_TO_SIDE,UNSPECIFIED_999,2011-11-16 11:45:00,NO_IMPROPER_ACTION,INATTENTION_DISTRACTION
2569714,2,ANGLE_FRONT_TO_SIDE,-112.168620698977,33.5397508286977,1,T_INTERSECTION,ANGLE_FRONT_TO_SIDE,GLENDALE,2011-10-19 04:39:00,NO_IMPROPER_ACTION,NO_IMPROPER_ACTION
2569737,2,ANGLE_FRONT_TO_SIDE,-112.203052845538,33.5396940814739,1,UNKNOWN_99,ANGLE_FRONT_TO_SIDE,GLENDALE,2011-10-02 19:29:00,NO_IMPROPER_ACTION,UNKNOWN_99
2569739,2,OTHER_97,-112.18572051211,33.6243584742545,1,UNKNOWN_99,OTHER_97,GLENDALE,2011-10-11 19:42:00,DROVE_RODE_IN_OPPOSING_TRAFFIC_LANE,NO_IMPROPER_ACTION
2569745,2,ANGLE_FRONT_TO_SIDE,-112.155774226472,33.5239374281447,2,UNKNOWN_99,ANGLE_FRONT_TO_SIDE,GLENDALE,2011-10-18 14:54:00,OTHER_97,INATTENTION_DISTRACTION
2569747,2,ANGLE_FRONT_TO_SIDE,-112.237691974614,33.6554598152686,4,T_INTERSECTION,ANGLE_FRONT_TO_SIDE,PEORIA,2011-10-17 10:45:00,FAILED_TO_YIELD_RIGHT_OF_WAY_103,NO_IMPROPER_ACTION+NOT_APPLICABLE_MINUS_1+NOT_APPLICABLE_MINUS_1
2569799,2,ANGLE_FRONT_TO_SIDE,-112.4118147429,33.4495232617988,3,T_INTERSECTION,ANGLE_FRONT_TO_SIDE,GOODYEAR,2011-11-21 07:49:00,NO_IMPROPER_ACTION,FAILED_TO_YIELD_RIGHT_OF_WAY_103
2569803,2,ANGLE_FRONT_TO_SIDE,-112.186022154112,33.5927621662689,2,FOUR_WAY_INTERSECTION,ANGLE_FRONT_TO_SIDE,GLENDALE,2011-10-02 16:11:00,NO_IMPROPER_ACTION,INATTENTION_DISTRACTION
2569964,2,ANGLE_FRONT_TO_SIDE,-112.185836426544,33.6110052393857,2,UNKNOWN_99,ANGLE_FRONT_TO_SIDE,GLENDALE,2011-10-09 18:34:00,INATTENTION_DISTRACTION,INATTENTION_DISTRACTION
2570013,2,ANGLE_FRONT_TO_SIDE,-112.228966178854,33.6381757931939,2,FOUR_WAY_INTERSECTION,ANGLE_FRONT_TO_SIDE,GLENDALE,2011-10-25 18:23:00,DISREGARDED_TRAFFIC_SIGNAL,NO_IMPROPER_ACTION
2570035,2,ANGLE_FRONT_TO_SIDE,-111.908628393299,33.4074968097665,4,UNKNOWN_99,ANGLE_FRONT_TO_SIDE,TEMPE,2011-07-04 10:38:00,DROVE_RODE_IN_OPPOSING_TRAFFIC_LANE,NO_IMPROPER_ACTION
2570041,2,ANGLE_FRONT_TO_SIDE,-111.925846498417,33.4220247467253,1,UNKNOWN_99,ANGLE_FRONT_TO_SIDE,TEMPE,2011-08-27 12:04:00,OTHER_97,NO_IMPROPER_ACTION
2570054,2,ANGLE_FRONT_TO_SIDE,-111.911338897792,33.3346303237323,1,FOUR_WAY_INTERSECTION,ANGLE_FRONT_TO_SIDE,TEMPE,2011-08-31 15:06:00,NO_IMPROPER_ACTION,MADE_IMPROPER_TURN
2570079,2,HEAD_ON,-112.298509407367,33.5655355200355,3,FOUR_WAY_INTERSECTION,HEAD_ON,UNSPECIFIED_999,2011-11-18 10:54:00,SPEED_TOO_FAST_FOR_CONDITIONS,NO_IMPROPER_ACTION
2570085,2,ANGLE_FRONT_TO_SIDE,-112.256078302793,33.5662498213478,4,FOUR_WAY_INTERSECTION,ANGLE_FRONT_TO_SIDE,PEORIA,2011-11-18 06:06:00,NO_IMPROPER_ACTION,DISREGARDED_TRAFFIC_SIGNAL
2570103,2,ANGLE_FRONT_TO_SIDE,-112.18188268192,33.524081518252,1,T_INTERSECTION,ANGLE_FRONT_TO_SIDE,GLENDALE,2011-10-11 18:00:00,UNKNOWN_99,NOT_APPLICABLE_MINUS_1+NO_IMPROPER_ACTION+NOT_APPLICABLE_MINUS_1
2570257,2,ANGLE_FRONT_TO_SIDE,-111.93519162332,33.3806126549556,4,FOUR_WAY_INTERSECTION,ANGLE_FRONT_TO_SIDE,TEMPE,2011-09-08 14:50:00,UNKNOWN_99,NOT_APPLICABLE_MINUS_1+UNKNOWN_99
2570274,2,ANGLE_FRONT_TO_SIDE,-111.931483663992,33.4219845298947,3,UNKNOWN_99,ANGLE_FRONT_TO_SIDE,TEMPE,2011-09-12 18:28:00,NO_IMPROPER_ACTION,DISREGARDED_TRAFFIC_SIGNAL
2570278,2,ANGLE_FRONT_TO_SIDE,-111.92630466599,33.3980198476789,2,UNKNOWN_99,ANGLE_FRONT_TO_SIDE,TEMPE,2011-09-14 21:40:00,NO_IMPROPER_ACTION,NO_IMPROPER_ACTION
2570290,2,ANGLE_FRONT_TO_SIDE,-111.909112823783,33.4073343417524,3,FOUR_WAY_INTERSECTION,ANGLE_FRONT_TO_SIDE,TEMPE,2011-09-05 11:26:00,OTHER_97,NO_IMPROPER_ACTION
2570294,2,ANGLE_FRONT_TO_SIDE,-111.896005834689,33.4803691524051,2,T_INTERSECTION,ANGLE_FRONT_TO_SIDE,SCOTTSDALE,2011-10-04 08:21:00,NO_IMPROPER_ACTION,OTHER_97
2570327,2,UNKNOWN_99,-111.940037622711,33.4296219032996,3,FOUR_WAY_INTERSECTION,UNKNOWN_99,TEMPE,2011-10-02 23:32:00,UNKNOWN_99,UNKNOWN_99
2570547,3,OTHER_97,-112.429339093983,33.6242315666581,4,NOT_AT_INTERSECTION_0,OTHER_97,SURPRISE,2011-10-20 13:50:00,FAILED_TO_YIELD_RIGHT_OF_WAY_103+FAILED_TO_YIELD_RIGHT_OF_WAY_103,NO_IMPROPER_ACTION+NOT_APPLICABLE_MINUS_1
2570557,2,OTHER_97,-112.117465708601,33.4421481242775,2,T_INTERSECTION,OTHER_97,PHOENIX,2011-11-11 13:55:00,UNKNOWN_99,FAILED_TO_YIELD_RIGHT_OF_WAY_103
2570920,2,ANGLE_FRONT_TO_SIDE,-112.340964298853,33.5151855167358,3,FOUR_WAY_INTERSECTION,ANGLE_FRONT_TO_SIDE,UNSPECIFIED_999,2011-11-30 16:37:00,DROVE_RODE_IN_OPPOSING_TRAFFIC_LANE,FAILED_TO_YIELD_RIGHT_OF_WAY_103
2570952,2,OTHER_97,-111.037813788567,32.3374734177637,1,FOUR_WAY_INTERSECTION,OTHER_97,UNSPECIFIED_999,2011-11-24 10:34:00,OTHER_97,DISREGARDED_TRAFFIC_SIGNAL
2570978,2,ANGLE_FRONT_TO_SIDE,-112.004167257663,33.3925914880726,4,FOUR_WAY_INTERSECTION,ANGLE_FRONT_TO_SIDE,PHOENIX,2011-11-01 11:00:00,NO_IMPROPER_ACTION,FAILED_TO_YIELD_RIGHT_OF_WAY_103
2571019,2,OTHER_97,-112.013346595227,33.6010151784308,5,T_INTERSECTION,OTHER_97,PHOENIX,2011-06-02 06:16:00,FAILED_TO_YIELD_RIGHT_OF_WAY_103,NO_IMPROPER_ACTION
2571148,2,ANGLE_FRONT_TO_SIDE,-112.249944886655,33.5808794748855,3,T_INTERSECTION,ANGLE_FRONT_TO_SIDE,PEORIA,2011-11-25 18:45:00,FAILED_TO_YIELD_RIGHT_OF_WAY_103,NOT_APPLICABLE_MINUS_1+UNKNOWN_99+NOT_APPLICABLE_MINUS_1
2571244,2,ANGLE_FRONT_TO_SIDE,-111.70899130739,33.3657779866819,3,T_INTERSECTION,ANGLE_FRONT_TO_SIDE,GILBERT,2011-11-29 06:58:00,DROVE_RODE_IN_OPPOSING_TRAFFIC_LANE,NOT_APPLICABLE_MINUS_1+NOT_APPLICABLE_MINUS_1+NO_IMPROPER_ACTION
2571265,2,ANGLE_FRONT_TO_SIDE,-112.047621974409,33.4947025522788,1,FOUR_WAY_INTERSECTION,ANGLE_FRONT_TO_SIDE,PHOENIX,2011-11-06 14:43:00,DISREGARDED_TRAFFIC_SIGNAL,NO_IMPROPER_ACTION
2571278,2,ANGLE_FRONT_TO_SIDE,-111.978083557832,33.6115458774703,2,FOUR_WAY_INTERSECTION,ANGLE_FRONT_TO_SIDE,PHOENIX,2011-11-01 11:19:00,FAILED_TO_YIELD_RIGHT_OF_WAY_103,NO_IMPROPER_ACTION
2571284,2,HEAD_ON,-112.106172366639,33.5748171563175,4,T_INTERSECTION,HEAD_ON,PHOENIX,2011-11-03 05:35:00,DROVE_RODE_IN_OPPOSING_TRAFFIC_LANE,NO_IMPROPER_ACTION
2571429,2,SIDESWIPE_SAME_DIRECTION,-112.140710557549,33.5167319400345,4,T_INTERSECTION,SIDESWIPE_SAME_DIRECTION,PHOENIX,2011-11-04 07:31:00,OTHER_UNSAFE_PASSING,NO_IMPROPER_ACTION
2571444,2,OTHER_97,-112.168158548466,33.3783963472752,3,UNKNOWN_99,OTHER_97,PHOENIX,2011-11-04 18:40:00,NO_IMPROPER_ACTION,NOT_APPLICABLE_MINUS_1+SPEED_TOO_FAST_FOR_CONDITIONS+NOT_APPLICABLE_MINUS_1+NOT_APPLICABLE_MINUS_1
2571459,2,OTHER_97,-111.553163533908,32.7583941699201,3,FOUR_WAY_INTERSECTION,OTHER_97,ELOY,2011-11-28 15:17:00,UNKNOWN_99,NOT_APPLICABLE_MINUS_1+NOT_APPLICABLE_MINUS_1+NO_IMPROPER_ACTION+NOT_APPLICABLE_MINUS_1
2571462,2,ANGLE_FRONT_TO_SIDE,-111.549122606087,32.7584182194511,3,FOUR_WAY_INTERSECTION,ANGLE_FRONT_TO_SIDE,ELOY,2011-11-02 08:18:00,NO_IMPROPER_ACTION,NO_IMPROPER_ACTION
2571472,2,ANGLE_FRONT_TO_SIDE,-111.563379826535,33.4150657664015,2,FOUR_WAY_INTERSECTION,ANGLE_FRONT_TO_SIDE,APACHE JUNCTION,2011-11-14 12:23:00,NO_IMPROPER_ACTION,NO_IMPROPER_ACTION
2571505,2,OTHER_97,-112.069376332804,33.5091532990638,3,T_INTERSECTION,OTHER_97,PHOENIX,2011-11-01 12:14:00,DROVE_RODE_IN_OPPOSING_TRAFFIC_LANE,NO_IMPROPER_ACTION
2571530,2,ANGLE_FRONT_TO_SIDE,-112.091182993732,33.520340499069,1,T_INTERSECTION,ANGLE_FRONT_TO_SIDE,PHOENIX,2011-11-04 17:20:00,NO_IMPROPER_ACTION,INATTENTION_DISTRACTION
2571566,2,ANGLE_FRONT_TO_SIDE,-112.14280825472,33.5821050544123,3,UNKNOWN_99,ANGLE_FRONT_TO_SIDE,PHOENIX,2011-11-05 20:25:00,DID_NOT_USE_CROSSWALK,NO_IMPROPER_ACTION
2571584,2,OTHER_97,-112.052740617471,33.5092239624776,2,UNKNOWN_99,OTHER_97,PHOENIX,2011-11-08 08:54:00,NO_IMPROPER_ACTION,OTHER_97
2571790,2,ANGLE_FRONT_TO_SIDE,-112.117465708601,33.4421481242775,3,T_INTERSECTION,ANGLE_FRONT_TO_SIDE,PHOENIX,2011-11-08 13:29:00,DROVE_RODE_IN_OPPOSING_TRAFFIC_LANE,NO_IMPROPER_ACTION
2572123,2,ANGLE_FRONT_TO_SIDE,-112.06954815576,33.6402769842924,3,UNKNOWN_99,ANGLE_FRONT_TO_SIDE,PHOENIX,2011-11-13 17:11:00,INATTENTION_DISTRACTION,NO_IMPROPER_ACTION
2572145,3,SIDESWIPE_SAME_DIRECTION,-112.01301418901,33.392594330067,3,UNKNOWN_99,SIDESWIPE_SAME_DIRECTION,PHOENIX,2011-11-14 07:30:00,NO_IMPROPER_ACTION,UNSAFE_LANE_CHANGE+NO_IMPROPER_ACTION
2572230,2,ANGLE_FRONT_TO_SIDE,-112.073253796117,33.3741009372669,1,T_INTERSECTION,ANGLE_FRONT_TO_SIDE,PHOENIX,2011-11-09 18:13:00,OTHER_97,RAN_STOP_SIGN+NOT_APPLICABLE_MINUS_1
2572420,2,LEFT_TURN,-111.972793432941,33.4135141041576,3,T_INTERSECTION,LEFT_TURN,TEMPE,2011-09-28 17:35:00,NO_IMPROPER_ACTION,MADE_IMPROPER_TURN
2572710,2,ANGLE_FRONT_TO_SIDE,-110.916540576032,32.1914154994854,3,T_INTERSECTION,ANGLE_FRONT_TO_SIDE,UNSPECIFIED_999,2011-12-07 07:30:00,NO_IMPROPER_ACTION,INATTENTION_DISTRACTION
2572755,2,ANGLE_FRONT_TO_SIDE,-112.735199491717,33.9656031912256,2,UNKNOWN_99,ANGLE_FRONT_TO_SIDE,WICKENBURG,2011-11-26 14:26:00,UNSAFE_LANE_CHANGE,NO_IMPROPER_ACTION
2572774,2,ANGLE_FRONT_TO_SIDE,-112.108745583547,33.4734357273807,1,FOUR_WAY_INTERSECTION,ANGLE_FRONT_TO_SIDE,PHOENIX,2011-11-19 14:07:00,FAILED_TO_YIELD_RIGHT_OF_WAY_103,NO_IMPROPER_ACTION
2572813,2,ANGLE_FRONT_TO_SIDE,-111.969723100725,33.4535567624942,2,FOUR_WAY_INTERSECTION,ANGLE_FRONT_TO_SIDE,PHOENIX,2011-11-02 09:57:00,SPEED_TOO_FAST_FOR_CONDITIONS,NO_IMPROPER_ACTION
2572837,2,ANGLE_FRONT_TO_SIDE,-111.634680185943,35.20209900433,2,FOUR_WAY_INTERSECTION,ANGLE_FRONT_TO_SIDE,FLAGSTAFF,2011-11-28 07:30:00,NO_IMPROPER_ACTION,INATTENTION_DISTRACTION
2573150,2,ANGLE_FRONT_TO_SIDE,-111.782054926692,33.3645209836405,3,FOUR_WAY_INTERSECTION,ANGLE_FRONT_TO_SIDE,GILBERT,2011-11-26 19:51:00,DISREGARDED_TRAFFIC_SIGNAL,NO_IMPROPER_ACTION