IncidentID,num_vehicles_involved,eCollisionManner,Longitude,Latitude,InjurySeverity,eIntersectionType,eCollisionManner,city_name,IncidentDateTime,cyclist_citations,driver_citations
2590661,2,OTHER_97,-112.151622610641,33.5673965705708,2,FOUR_WAY_INTERSECTION,OTHER_97,PHOENIX,2011-12-27 08:38:00,FAILED_TO_YIELD_RIGHT_OF_WAY_103,NO_IMPROPER_ACTION
2590692,2,ANGLE_FRONT_TO_SIDE,-112.02893004018,33.6550446620929,1,UNKNOWN_99,ANGLE_FRONT_TO_SIDE,PHOENIX,2011-11-20 16:00:00,NO_IMPROPER_ACTION,FAILED_TO_YIELD_RIGHT_OF_WAY_103
2591018,2,OTHER_97,-112.06566138713,33.6651390183301,5,NOT_AT_INTERSECTION_0,OTHER_97,PHOENIX,2011-11-19 15:30:00,FAILED_TO_YIELD_RIGHT_OF_WAY_103,UNKNOWN_99
2592077,2,ANGLE_FRONT_TO_SIDE,-111.926280504199,33.4141255243018,3,NOT_REPORTED_255,ANGLE_FRONT_TO_SIDE,TEMPE,2011-09-16 16:51:00,DROVE_RODE_IN_OPPOSING_TRAFFIC_LANE,NOT_APPLICABLE_MINUS_1+NO_IMPROPER_ACTION
2592118,2,ANGLE_FRONT_TO_SIDE,-111.926281293263,33.4151939622458,2,NOT_AT_INTERSECTION_0,ANGLE_FRONT_TO_SIDE,TEMPE,2011-10-25 15:07:00,OTHER_97,NO_IMPROPER_ACTION
2592123,2,ANGLE_FRONT_TO_SIDE,-111.929001242441,33.4073532006492,2,NOT_AT_INTERSECTION_0,ANGLE_FRONT_TO_SIDE,TEMPE,2011-10-31 15:07:00,OTHER_97,NO_IMPROPER_ACTION
2592133,2,ANGLE_FRONT_TO_SIDE,-111.920926396033,33.4075075280281,3,FOUR_WAY_INTERSECTION,ANGLE_FRONT_TO_SIDE,TEMPE,2011-11-04 08:08:00,DROVE_RODE_IN_OPPOSING_TRAFFIC_LANE,NO_IMPROPER_ACTION
2592144,2,HEAD_ON,-111.943357431121,33.4255749486488,3,FOUR_WAY_INTERSECTION,HEAD_ON,TEMPE,2011-11-03 21:23:00,DROVE_RODE_IN_OPPOSING_TRAFFIC_LANE,NO_IMPROPER_ACTION
2592167,2,ANGLE_FRONT_TO_SIDE,-111.945881935077,33.3635241958565,1,FOUR_WAY_INTERSECTION,ANGLE_FRONT_TO_SIDE,TEMPE,2011-10-28 06:12:00,NO_IMPROPER_ACTION,SPEED_TOO_FAST_FOR_CONDITIONS
2592171,2,OTHER_97,-111.923538773216,33.4101405024455,2,T_INTERSECTION,OTHER_97,TEMPE,2011-10-26 17:01:00,NO_IMPROPER_ACTION,FAILED_TO_YIELD_RIGHT_OF_WAY_103
2592188,2,ANGLE_FRONT_TO_SIDE,-111.941517673937,33.3782181474013,4,FOUR_WAY_INTERSECTION,ANGLE_FRONT_TO_SIDE,TEMPE,2011-11-26 12:07:00,INATTENTION_DISTRACTION,NO_IMPROPER_ACTION
2592202,2,ANGLE_FRONT_TO_SIDE,-111.940006064281,33.4219318917497,2,FOUR_WAY_INTERSECTION,ANGLE_FRONT_TO_SIDE,TEMPE,2011-11-05 18:26:00,DISREGARDED_TRAFFIC_SIGNAL,NO_IMPROPER_ACTION
2592227,2,LEFT_TURN,-111.926282280649,33.4155456881085,2,NOT_REPORTED_255,LEFT_TURN,TEMPE,2011-11-14 09:39:00,NO_IMPROPER_ACTION,OTHER_97
2592601,2,OTHER_97,-112.108527541127,33.4950276044791,1,NOT_AT_INTERSECTION_0,OTHER_97,PHOENIX,2011-11-11 17:00:00,INATTENTION_DISTRACTION,NO_IMPROPER_ACTION
2592660,2,OTHER_97,-112.220675816824,33.4694382994492,3,FOUR_WAY_INTERSECTION,OTHER_97,PHOENIX,2011-11-09 23:42:00,INATTENTION_DISTRACTION,NO_IMPROPER_ACTION
2592704,2,UNKNOWN_99,-112.151840533095,33.4586604200474,2,FOUR_WAY_INTERSECTION,UNKNOWN_99,PHOENIX,2011-11-21 19:45:00,UNKNOWN_99,UNKNOWN_99
2592742,2,ANGLE_FRONT_TO_SIDE,-112.019916733195,33.4481992151363,2,UNKNOWN_99,ANGLE_FRONT_TO_SIDE,PHOENIX,2011-12-31 12:19:00,NO_IMPROPER_ACTION,FAILED_TO_YIELD_RIGHT_OF_WAY_103
2593214,2,ANGLE_FRONT_TO_SIDE,-112.229868295423,33.4229733565817,4,FOUR_WAY_INTERSECTION,ANGLE_FRONT_TO_SIDE,PHOENIX,2011-12-29 15:03:00,NO_IMPROPER_ACTION,FAILED_TO_YIELD_RIGHT_OF_WAY_103
2593505,2,ANGLE_FRONT_TO_SIDE,-112.079412603807,33.465782262341,3,UNKNOWN_99,ANGLE_FRONT_TO_SIDE,PHOENIX,2011-12-24 13:41:00,DROVE_RODE_IN_OPPOSING_TRAFFIC_LANE,NO_IMPROPER_ACTION
2593519,2,ANGLE_FRONT_TO_SIDE,-112.114832960699,33.5093033405057,3,T_INTERSECTION,ANGLE_FRONT_TO_SIDE,PHOENIX,2011-12-27 08:25:00,OTHER_97,NO_IMPROPER_ACTION
2593560,2,LEFT_TURN,-111.952201458537,33.4211154714621,4,T_INTERSECTION,LEFT_TURN,TEMPE,2011-09-15 20:33:00,DISREGARDED_TRAFFIC_SIGNAL,NO_IMPROPER_ACTION+NOT_APPLICABLE_MINUS_1
2593593,2,ANGLE_FRONT_TO_SIDE,-111.943285115802,33.4376218251393,2,FOUR_WAY_INTERSECTION,ANGLE_FRONT_TO_SIDE,TEMPE,2011-09-25 09:14:00,NO_IMPROPER_ACTION,INATTENTION_DISTRACTION
2594002,2,SIDESWIPE_SAME_DIRECTION,-111.909108518991,33.4158535685901,2,NOT_AT_INTERSECTION_0,SIDESWIPE_SAME_DIRECTION,TEMPE,2011-09-24 17:31:00,NO_IMPROPER_ACTION,MADE_IMPROPER_TURN
2594004,2,OTHER_97,-111.926296010455,33.4209992576234,1,T_INTERSECTION,OTHER_97,TEMPE,2011-11-28 01:04:00,OTHER_97,NO_IMPROPER_ACTION
2594010,2,ANGLE_FRONT_TO_SIDE,-111.926442589318,33.4439820823915,4,FOUR_WAY_INTERSECTION,ANGLE_FRONT_TO_SIDE,TEMPE,2011-12-08 18:14:00,OTHER_97,NO_IMPROPER_ACTION
2594036,2,SIDESWIPE_OPPOSITE_DIRECTION,-111.965920945803,33.3492202391837,3,FOUR_WAY_INTERSECTION,SIDESWIPE_OPPOSITE_DIRECTION,GUADALUPE,2011-12-23 07:11:00,DROVE_RODE_IN_OPPOSING_TRAFFIC_LANE,NO_IMPROPER_ACTION
2594060,2,ANGLE_FRONT_TO_SIDE,-111.91047848434,33.3784185016417,1,NOT_AT_INTERSECTION_0,ANGLE_FRONT_TO_SIDE,TEMPE,2011-12-27 11:53:00,OTHER_97,NO_IMPROPER_ACTION
2594071,2,ANGLE_FRONT_TO_SIDE,-111.926319352648,33.3949828453037,3,T_INTERSECTION,ANGLE_FRONT_TO_SIDE,TEMPE,2011-12-26 10:38:00,FAILED_TO_YIELD_RIGHT_OF_WAY_103,NO_IMPROPER_ACTION
2594080,2,ANGLE_FRONT_TO_SIDE,-111.926101635927,33.4101200222152,2,T_INTERSECTION,ANGLE_FRONT_TO_SIDE,TEMPE,2011-09-26 07:55:00,DROVE_RODE_IN_OPPOSING_TRAFFIC_LANE,NO_IMPROPER_ACTION
2594089,2,ANGLE_FRONT_TO_SIDE,-111.896203877985,33.414627165423,1,FOUR_WAY_INTERSECTION,ANGLE_FRONT_TO_SIDE,TEMPE,2011-09-27 13:25:00,DROVE_RODE_IN_OPPOSING_TRAFFIC_LANE,NO_IMPROPER_ACTION
2594138,2,OTHER_97,-111.942341534083,33.4141772410017,1,NOT_AT_INTERSECTION_0,OTHER_97,TEMPE,2011-09-08 16:30:00,OTHER_97,NO_IMPROPER_ACTION
2594775,2,OTHER_97,-112.20323514196,33.4948279086277,5,UNKNOWN_99,OTHER_97,PHOENIX,2011-12-11 17:35:00,UNKNOWN_99,UNKNOWN_99
2595523,2,OTHER_97,-111.926102090543,33.4288350844703,1,FOUR_WAY_INTERSECTION,OTHER_97,TEMPE,2011-11-19 10:24:00,UNKNOWN_99,UNKNOWN_99
2595620,2,HEAD_ON,-111.824239085838,33.2989405891284,1,FOUR_WAY_INTERSECTION,HEAD_ON,CHANDLER,2011-12-10 18:31:00,DISREGARDED_TRAFFIC_SIGNAL,NO_IMPROPER_ACTION
2596167,2,OTHER_97,-111.926156526867,33.4191544145458,1,T_INTERSECTION,OTHER_97,TEMPE,2011-10-05 07:00:00,OTHER_97,NO_IMPROPER_ACTION
2596178,2,ANGLE_FRONT_TO_SIDE,-111.887256344393,33.4147980057752,3,T_INTERSECTION,ANGLE_FRONT_TO_SIDE,TEMPE,2011-10-09 09:41:00,DROVE_RODE_IN_OPPOSING_TRAFFIC_LANE,NO_IMPROPER_ACTION
2597213,2,ANGLE_FRONT_TO_SIDE,-112.007931237109,33.4657240883442,1,T_INTERSECTION,ANGLE_FRONT_TO_SIDE,PHOENIX,2011-11-12 10:51:00,MADE_IMPROPER_TURN,NO_IMPROPER_ACTION
2597777,2,ANGLE_FRONT_TO_SIDE,-112.013341386535,33.6251639763077,1,UNKNOWN_99,ANGLE_FRONT_TO_SIDE,PHOENIX,2011-12-26 18:23:00,NO_IMPROPER_ACTION,INATTENTION_DISTRACTION
2598417,3,ANGLE_FRONT_TO_SIDE,-111.986997338867,33.4802678816359,4,FOUR_WAY_INTERSECTION,ANGLE_FRONT_TO_SIDE,PHOENIX,2011-12-18 14:53:00,DISREGARDED_TRAFFIC_SIGNAL,NO_IMPROPER_ACTION+NOT_APPLICABLE_MINUS_1+NO_IMPROPER_ACTION
2598668,2,ANGLE_FRONT_TO_SIDE,-112.168878361286,33.4949520998871,2,FOUR_WAY_INTERSECTION,ANGLE_FRONT_TO_SIDE,PHOENIX,2011-12-23 13:15:00,NO_IMPROPER_ACTION,UNKNOWN_99
2599769,2,OTHER_97,-110.949773076022,32.1751545779353,3,NOT_REPORTED_255,OTHER_97,TUCSON,2011-11-01 17:45:00,UNKNOWN_99,UNKNOWN_99
2600403,2,OTHER_97,-110.892854621797,32.2578798772509,3,UNKNOWN_99,OTHER_97,TUCSON,2011-10-26 07:37:00,NO_IMPROPER_ACTION,NOT_APPLICABLE_MINUS_1+FAILED_TO_YIELD_RIGHT_OF_WAY_103+NOT_APPLICABLE_MINUS_1
2600419,2,OTHER_97,-110.971112291724,32.2210135176991,3,FOUR_WAY_INTERSECTION,OTHER_97,TUCSON,2011-10-25 17:06:00,OTHER_97,FAILED_TO_YIELD_RIGHT_OF_WAY_103+NOT_APPLICABLE_MINUS_1+NOT_APPLICABLE_MINUS_1
2600432,2,OTHER_97,-110.998253436387,32.2613074780745,4,UNKNOWN_99,OTHER_97,TUCSON,2011-10-25 15:15:00,OTHER_97,UNKNOWN_99
2600447,2,OTHER_97,-110.901174354442,32.2343850917171,4,T_INTERSECTION,OTHER_97,TUCSON,2011-10-27 12:53:00,DROVE_RODE_IN_OPPOSING_TRAFFIC_LANE,NO_IMPROPER_ACTION
2600557,2,OTHER_97,-110.956765627308,32.2360345382838,3,FOUR_WAY_INTERSECTION,OTHER_97,TUCSON,2011-10-30 10:09:00,UNKNOWN_99,UNKNOWN_99
2600588,2,OTHER_97,-110.781404780628,32.1035907867451,3,T_INTERSECTION,OTHER_97,TUCSON,2011-11-01 16:48:00,SPEED_TOO_FAST_FOR_CONDITIONS,FAILED_TO_YIELD_RIGHT_OF_WAY_103
2600627,2,OTHER_97,-110.96774211037,32.2220894161773,4,T_INTERSECTION,OTHER_97,TUCSON,2011-11-01 16:57:00,FAILED_TO_YIELD_RIGHT_OF_WAY_103,NO_IMPROPER_ACTION
2600644,2,OTHER_97,-110.952502692323,32.2467909280619,3,FOUR_WAY_INTERSECTION,OTHER_97,TUCSON,2011-11-06 09:51:00,NO_IMPROPER_ACTION,OTHER_97
2600656,2,SIDESWIPE_OPPOSITE_DIRECTION,-110.952417870933,32.2575708598822,3,FOUR_WAY_INTERSECTION,SIDESWIPE_OPPOSITE_DIRECTION,TUCSON,2011-11-07 07:48:00,UNKNOWN_99,UNKNOWN_99
2600732,2,OTHER_97,-111.606729384398,33.4078169578361,5,NOT_AT_INTERSECTION_0,OTHER_97,MESA,2011-11-28 17:42:00,UNKNOWN_99,NOT_APPLICABLE_MINUS_1+UNKNOWN_99
2600824,2,OTHER_97,-110.935738869804,32.2503327940586,3,UNKNOWN_99,OTHER_97,TUCSON,2011-11-14 04:35:00,NO_IMPROPER_ACTION,UNKNOWN_99
2600924,2,OTHER_97,-110.811871764591,32.1918243055862,3,UNKNOWN_99,OTHER_97,TUCSON,2011-11-22 07:42:00,OTHER_97,NOT_APPLICABLE_MINUS_1+NOT_APPLICABLE_MINUS_1+OTHER_97
2601220,2,OTHER_97,-112.203056090551,33.4948305770369,4,FOUR_WAY_INTERSECTION,OTHER_97,PHOENIX,2011-10-27 04:46:00,DISREGARDED_TRAFFIC_SIGNAL,NO_IMPROPER_ACTION
2604263,2,ANGLE_FRONT_TO_SIDE,-111.92619628761,33.4719517522063,1,NOT_AT_INTERSECTION_0,ANGLE_FRONT_TO_SIDE,SCOTTSDALE,2011-10-11 12:24:00,NO_IMPROPER_ACTION,INATTENTION_DISTRACTION
2604582,2,ANGLE_FRONT_TO_SIDE,-111.933124416215,33.4802894916729,2,T_INTERSECTION,ANGLE_FRONT_TO_SIDE,SCOTTSDALE,2011-11-05 13:08:00,DROVE_RODE_IN_OPPOSING_TRAFFIC_LANE,NO_IMPROPER_ACTION
2604631,2,OTHER_97,-110.977953478224,32.2371530246244,3,FOUR_WAY_INTERSECTION,OTHER_97,TUCSON,2011-12-09 14:59:00,RAN_STOP_SIGN,NO_IMPROPER_ACTION
2605496,2,LEFT_TURN,-111.926168501545,33.4840060204274,3,FOUR_WAY_INTERSECTION,LEFT_TURN,SCOTTSDALE,2011-11-20 16:09:00,NO_IMPROPER_ACTION,MADE_IMPROPER_TURN+NOT_APPLICABLE_MINUS_1
2605497,2,ANGLE_FRONT_TO_SIDE,-111.93475863205,33.484653679946,3,FOUR_WAY_INTERSECTION,ANGLE_FRONT_TO_SIDE,SCOTTSDALE,2011-11-20 14:40:00,NO_IMPROPER_ACTION,INATTENTION_DISTRACTION
2605580,2,LEFT_TURN,-111.843544327812,33.5824744235879,3,FOUR_WAY_INTERSECTION,LEFT_TURN,SCOTTSDALE,2011-11-14 07:37:00,NO_IMPROPER_ACTION,NOT_APPLICABLE_MINUS_1+NOT_APPLICABLE_MINUS_1+NOT_APPLICABLE_MINUS_1+NOT_APPLICABLE_MINUS_1+NOT_APPLICABLE_MINUS_1+NOT_APPLICABLE_MINUS_1+NOT_APPLICABLE_MINUS_1+NOT_APPLICABLE_MINUS_1+NOT_APPLICABLE_MINUS_1+NOT_APPLICABLE_MINUS_1+NOT_APPLICABLE_MINUS_1+NOT_APPLICABLE_MINUS_1+NOT_APPLICABLE_MINUS_1+NOT_APPLICABLE_MINUS_1+NOT_APPLICABLE_MINU
2605744,2,ANGLE_FRONT_TO_SIDE,-111.909571684491,33.4876286195152,3,UNKNOWN_99,ANGLE_FRONT_TO_SIDE,SCOTTSDALE,2011-11-15 16:59:00,OTHER_97,NO_IMPROPER_ACTION
2605844,2,OTHER_97,-110.943451420325,32.1490886638369,4,UNKNOWN_99,OTHER_97,TUCSON,2011-12-05 13:21:00,NO_IMPROPER_ACTION,FAILED_TO_KEEP_IN_PROPER_LANE
2606150,2,OTHER_97,-110.978634513598,32.2828559336675,3,UNKNOWN_99,OTHER_97,TUCSON,2011-12-13 17:59:00,KNOWINGLY_OPERATED_WITH_FAULTY_MISSING_EQUIPMENT,FAILED_TO_YIELD_RIGHT_OF_WAY_103
2607342,2,OTHER_97,-110.975035856885,32.4535018074508,5,FOUR_WAY_INTERSECTION,OTHER_97,ORO VALLEY,2011-12-28 16:57:00,FAILED_TO_YIELD_RIGHT_OF_WAY_103,NOT_APPLICABLE_MINUS_1+NO_IMPROPER_ACTION
2607664,3,REAR_END,-111.9087375605,33.5149885717533,1,NOT_AT_INTERSECTION_0,REAR_END,SCOTTSDALE,2011-12-29 16:25:00,FAILED_TO_KEEP_IN_PROPER_LANE,FOLLOWED_TOO_CLOSELY+NO_IMPROPER_ACTION
2612104,2,ANGLE_FRONT_TO_SIDE,-109.554520849382,31.3485653677027,2,FOUR_WAY_INTERSECTION,ANGLE_FRONT_TO_SIDE,DOUGLAS,2011-07-02 16:29:00,DISREGARDED_TRAFFIC_SIGNAL,NO_IMPROPER_ACTION
2612917,2,OTHER_97,-111.862906990169,33.5746738520156,3,T_INTERSECTION,OTHER_97,SCOTTSDALE,2011-12-30 14:07:00,NO_IMPROPER_ACTION,UNKNOWN_99
2613198,2,OTHER_97,-111.938022276113,33.4899604197382,4,NOT_AT_INTERSECTION_0,OTHER_97,SCOTTSDALE,2011-12-24 15:24:00,OTHER_97,NO_IMPROPER_ACTION
2614651,2,LEFT_TURN,-112.108406029232,33.6627409187179,4,T_INTERSECTION,LEFT_TURN,PHOENIX,2011-11-16 15:48:00,DROVE_RODE_IN_OPPOSING_TRAFFIC_LANE,NOT_APPLICABLE_MINUS_1+NOT_APPLICABLE_MINUS_1+NOT_APPLICABLE_MINUS_1+NOT_APPLICABLE_MINUS_1+NOT_APPLICABLE_MINUS_1+NOT_APPLICABLE_MINUS_1+NOT_APPLICABLE_MINUS_1+NOT_APPLICABLE_MINUS_1+NO_IMPROPER_ACTION+NOT_APPLICABLE_MINUS_1+NOT_APPLICABLE_MINUS_1+NOT_APPLICABLE_MINUS_1+NOT_APPLICABLE_MINUS_1+NOT_APPLICABLE_MINUS_1+NOT_APPLICABLE_MINUS_1+
2620839,2,ANGLE_FRONT_TO_SIDE,-111.883019386765,33.5747853752492,3,T_INTERSECTION,ANGLE_FRONT_TO_SIDE,SCOTTSDALE,2011-09-20 15:46:00,DROVE_RODE_IN_OPPOSING_TRAFFIC_LANE,RAN_STOP_SIGN
2620952,2,LEFT_TURN,-111.920997698957,33.50221204929,4,T_INTERSECTION,LEFT_TURN,SCOTTSDALE,2011-09-17 17:54:00,NO_IMPROPER_ACTION,FAILED_TO_YIELD_RIGHT_OF_WAY_103
2621262,2,SIDESWIPE_SAME_DIRECTION,-111.874003192909,33.5752690504611,3,FOUR_WAY_INTERSECTION,SIDESWIPE_SAME_DIRECTION,SCOTTSDALE,2011-09-25 11:17:00,INATTENTION_DISTRACTION,NO_IMPROPER_ACTION
2621287,2,ANGLE_FRONT_TO_SIDE,-111.927665121687,33.473040315031,2,T_INTERSECTION,ANGLE_FRONT_TO_SIDE,SCOTTSDALE,2011-09-28 07:04:00,NO_IMPROPER_ACTION,NO_IMPROPER_ACTION
2621325,2,LEFT_TURN,-111.890615783019,33.6986971966359,2,NOT_REPORTED_255,LEFT_TURN,SCOTTSDALE,2011-10-19 18:34:00,NO_IMPROPER_ACTION,MADE_IMPROPER_TURN
2578012,2,ANGLE_FRONT_TO_SIDE,-112.298523479268,33.4933341512036,2,FOUR_WAY_INTERSECTION,ANGLE_FRONT_TO_SIDE,UNSPECIFIED_999,2012-01-11 18:42:00,NO_IMPROPER_ACTION,NOT_APPLICABLE_MINUS_1+FAILED_TO_YIELD_RIGHT_OF_WAY_103
2579325,2,ANGLE_FRONT_TO_SIDE,-111.86548223914,33.383542511694,3,T_INTERSECTION,ANGLE_FRONT_TO_SIDE,MESA,2012-01-12 16:00:00,OTHER_97,OTHER_97
2579444,2,REAR_END,-111.771087314647,33.4126745110708,2,FOUR_WAY_INTERSECTION,REAR_END,MESA,2012-01-02 17:30:00,NO_IMPROPER_ACTION,NO_IMPROPER_ACTION+NOT_APPLICABLE_MINUS_1+NOT_APPLICABLE_MINUS_1
2580261,2,SIDESWIPE_OPPOSITE_DIRECTION,-111.649640528516,35.2019186066686,3,FOUR_WAY_INTERSECTION,SIDESWIPE_OPPOSITE_DIRECTION,FLAGSTAFF,2012-01-17 21:03:00,NO_IMPROPER_ACTION,OTHER_97
2581181,2,ANGLE_FRONT_TO_SIDE,-111.857097728665,33.3974589838505,1,T_INTERSECTION,ANGLE_FRONT_TO_SIDE,MESA,2012-01-02 11:44:00,DROVE_RODE_IN_OPPOSING_TRAFFIC_LANE,NO_IMPROPER_ACTION
2581197,2,HEAD_ON,-111.839895349338,33.4352261464604,2,FOUR_WAY_INTERSECTION,HEAD_ON,MESA,2012-01-05 06:57:00,DROVE_RODE_IN_OPPOSING_TRAFFIC_LANE,NO_IMPROPER_ACTION
2581563,2,OTHER_97,-109.630702917396,32.8129251054765,2,FOUR_WAY_INTERSECTION,OTHER_97,UNSPECIFIED_999,2012-01-23 07:58:00,FAILED_TO_YIELD_RIGHT_OF_WAY_103,INATTENTION_DISTRACTION
2581761,2,LEFT_TURN,-111.378266643791,33.0665348154656,3,T_INTERSECTION,LEFT_TURN,UNSPECIFIED_999,2012-01-09 17:07:00,NO_IMPROPER_ACTION,NO_IMPROPER_ACTION
2582012,2,OTHER_97,-112.289939840235,33.6026417873845,3,FOUR_WAY_INTERSECTION,OTHER_97,UNSPECIFIED_999,2012-02-04 19:34:00,FAILED_TO_YIELD_RIGHT_OF_WAY_103,NO_IMPROPER_ACTION
2582283,2,LEFT_TURN,-110.974831557703,32.351790532562,3,FOUR_WAY_INTERSECTION,LEFT_TURN,ORO VALLEY,2012-01-20 06:31:00,NO_IMPROPER_ACTION,OTHER_97
2582383,2,OTHER_97,-111.654353459945,33.4194003187683,3,NOT_AT_INTERSECTION_0,OTHER_97,UNSPECIFIED_999,2012-01-02 16:00:00,NO_IMPROPER_ACTION,DROVE_RODE_IN_OPPOSING_TRAFFIC_LANE+NOT_APPLICABLE_MINUS_1
2582431,2,LEFT_TURN,-111.619288815797,35.1993001946459,3,NOT_AT_INTERSECTION_0,LEFT_TURN,FLAGSTAFF,2012-01-13 22:39:00,MADE_IMPROPER_TURN,NO_IMPROPER_ACTION
2582443,3,ANGLE_FRONT_TO_SIDE,-111.613053918681,35.2061680903189,3,FOUR_WAY_INTERSECTION,ANGLE_FRONT_TO_SIDE,FLAGSTAFF,2012-01-20 17:44:00,NO_IMPROPER_ACTION+NO_IMPROPER_ACTION,NOT_APPLICABLE_MINUS_1+FAILED_TO_YIELD_RIGHT_OF_WAY_103+NOT_APPLICABLE_MINUS_1
2582450,2,ANGLE_FRONT_TO_SIDE,-111.734007597195,33.3068414550966,4,FOUR_WAY_INTERSECTION,ANGLE_FRONT_TO_SIDE,GILBERT,2012-01-02 12:32:00,DISREGARDED_TRAFFIC_SIGNAL,NOT_APPLICABLE_MINUS_1+NO_IMPROPER_ACTION+NOT_APPLICABLE_MINUS_1
2582548,2,ANGLE_FRONT_TO_SIDE,-111.841075268045,33.3787926320312,3,FOUR_WAY_INTERSECTION,ANGLE_FRONT_TO_SIDE,MESA,2012-01-10 16:39:00,DROVE_RODE_IN_OPPOSING_TRAFFIC_LANE,OTHER_97
2582549,2,ANGLE_FRONT_TO_SIDE,-111.822960776713,33.4126834638159,2,UNKNOWN_99,ANGLE_FRONT_TO_SIDE,MESA,2012-01-10 16:28:00,DROVE_RODE_IN_OPPOSING_TRAFFIC_LANE,NO_IMPROPER_ACTION
2582839,2,LEFT_TURN,-110.97476656654,32.3227443551011,2,FOUR_WAY_INTERSECTION,LEFT_TURN,UNSPECIFIED_999,2012-01-08 06:57:00,NO_IMPROPER_ACTION,INATTENTION_DISTRACTION
2582871,3,LEFT_TURN,-111.036846162119,32.3374696232345,3,FOUR_WAY_INTERSECTION,LEFT_TURN,UNSPECIFIED_999,2012-01-10 18:09:00,KNOWINGLY_OPERATED_WITH_FAULTY_MISSING_EQUIPMENT,NO_IMPROPER_ACTION+INATTENTION_DISTRACTION
2583147,2,OTHER_97,-112.340904370709,33.4584983059454,3,FOUR_WAY_INTERSECTION,OTHER_97,AVONDALE,2012-01-26 20:01:00,UNKNOWN_99,UNKNOWN_99
2583168,2,SIDESWIPE_SAME_DIRECTION,-111.753830226576,33.3903969968051,1,NOT_AT_INTERSECTION_0,SIDESWIPE_SAME_DIRECTION,MESA,2012-01-03 08:25:00,FAILED_TO_KEEP_IN_PROPER_LANE,NO_IMPROPER_ACTION
2583694,2,LEFT_TURN,-112.339591489729,33.4642511009813,3,UNKNOWN_99,LEFT_TURN,AVONDALE,2012-01-17 17:23:00,NO_IMPROPER_ACTION,NOT_APPLICABLE_MINUS_1+INATTENTION_DISTRACTION
2583841,2,ANGLE_FRONT_TO_SIDE,-112.340942281349,33.4642616013179,3,FOUR_WAY_INTERSECTION,ANGLE_FRONT_TO_SIDE,AVONDALE,2012-01-20 18:32:00,KNOWINGLY_OPERATED_WITH_FAULTY_MISSING_EQUIPMENT,FAILED_TO_YIELD_RIGHT_OF_WAY_103+NOT_APPLICABLE_MINUS_1
2583869,2,ANGLE_FRONT_TO_SIDE,-111.789755910836,33.3596231581886,3,FOUR_WAY_INTERSECTION,ANGLE_FRONT_TO_SIDE,GILBERT,2012-01-19 16:20:00,OTHER_97,OTHER_97
2583874,2,HEAD_ON,-111.699726696339,33.3215674438885,2,FOUR_WAY_INTERSECTION,HEAD_ON,GILBERT,2012-01-14 16:55:00,OTHER_97,INATTENTION_DISTRACTION
2583891,2,ANGLE_FRONT_TO_SIDE,-111.789586471186,33.3500089878306,2,FOUR_WAY_INTERSECTION,ANGLE_FRONT_TO_SIDE,GILBERT,2012-01-05 06:29:00,DROVE_RODE_IN_OPPOSING_TRAFFIC_LANE,NO_IMPROPER_ACTION
2583894,2,REAR_END,-111.772987884688,33.3211295807709,3,FOUR_WAY_INTERSECTION,REAR_END,GILBERT,2012-01-05 13:57:00,NO_IMPROPER_ACTION,NO_IMPROPER_ACTION+NOT_APPLICABLE_MINUS_1
2583902,2,ANGLE_FRONT_TO_SIDE,-111.734007597195,33.3068414550966,1,FOUR_WAY_INTERSECTION,ANGLE_FRONT_TO_SIDE,GILBERT,2012-01-06 13:20:00,DROVE_RODE_IN_OPPOSING_TRAFFIC_LANE,NO_IMPROPER_ACTION
2583954,2,ANGLE_FRONT_TO_SIDE,-111.868835048827,33.3786645227869,1,FOUR_WAY_INTERSECTION,ANGLE_FRONT_TO_SIDE,MESA,2012-01-16 12:23:00,NO_IMPROPER_ACTION,INATTENTION_DISTRACTION
2584627,2,OTHER_97,-111.859088880224,33.3642315569324,5,FOUR_WAY_INTERSECTION,OTHER_97,MESA,2012-01-21 23:09:00,DISREGARDED_TRAFFIC_SIGNAL,NO_IMPROPER_ACTION
2585568,2,ANGLE_FRONT_TO_SIDE,-110.091798269356,34.453075232091,3,NOT_AT_INTERSECTION_0,ANGLE_FRONT_TO_SIDE,TAYLOR,2012-01-31 18:18:00,KNOWINGLY_OPERATED_WITH_FAULTY_MISSING_EQUIPMENT,NOT_APPLICABLE_MINUS_1+OTHER_97
2585583,2,ANGLE_FRONT_TO_SIDE,-112.113191489902,33.5240988721788,3,NOT_REPORTED_255,ANGLE_FRONT_TO_SIDE,PHOENIX,2012-01-09 12:15:00,DROVE_RODE_IN_OPPOSING_TRAFFIC_LANE,OTHER_97
2585637,2,ANGLE_FRONT_TO_SIDE,-112.556285519614,33.4356993730394,2,FOUR_WAY_INTERSECTION,ANGLE_FRONT_TO_SIDE,BUCKEYE,2012-01-19 06:30:00,DISREGARDED_TRAFFIC_SIGNAL,NO_IMPROPER_ACTION
2585661,2,ANGLE_FRONT_TO_SIDE,-112.254928329644,33.6745062293397,3,FOUR_WAY_INTERSECTION,ANGLE_FRONT_TO_SIDE,PEORIA,2012-01-02 12:15:00,INATTENTION_DISTRACTION,NO_IMPROPER_ACTION