IncidentID,num_vehicles_involved,eCollisionManner,Longitude,Latitude,InjurySeverity,eIntersectionType,eCollisionManner,city_name,IncidentDateTime,cyclist_citations,driver_citations
2585800,2,ANGLE_FRONT_TO_SIDE,-112.228808335369,33.6101527158476,2,FOUR_WAY_INTERSECTION,ANGLE_FRONT_TO_SIDE,PEORIA,2012-01-10 18:06:00,DISREGARDED_TRAFFIC_SIGNAL,NOT_APPLICABLE_MINUS_1+NO_IMPROPER_ACTION
2585944,2,OTHER_97,-111.662843756715,35.1772177710752,2,FOUR_WAY_INTERSECTION,OTHER_97,FLAGSTAFF,2012-02-09 13:47:00,NO_IMPROPER_ACTION,INATTENTION_DISTRACTION+NOT_APPLICABLE_MINUS_1
2586090,3,REAR_END,-111.874659729644,33.3852632175657,2,FOUR_WAY_INTERSECTION,REAR_END,MESA,2012-01-17 19:56:00,OTHER_97,SPEED_TOO_FAST_FOR_CONDITIONS+NO_IMPROPER_ACTION
2586118,2,ANGLE_FRONT_TO_SIDE,-111.887289537009,33.4147979809583,1,NOT_REPORTED_255,ANGLE_FRONT_TO_SIDE,TEMPE,2012-01-05 12:11:00,NO_IMPROPER_ACTION,MADE_IMPROPER_TURN
2586420,2,ANGLE_FRONT_TO_SIDE,-112.423945558932,33.6663203654059,3,T_INTERSECTION,ANGLE_FRONT_TO_SIDE,SURPRISE,2012-01-24 14:23:00,NO_IMPROPER_ACTION,INATTENTION_DISTRACTION
2586499,2,ANGLE_FRONT_TO_SIDE,-111.577741830661,35.204107129128,3,FOUR_WAY_INTERSECTION,ANGLE_FRONT_TO_SIDE,FLAGSTAFF,2012-01-17 06:33:00,OTHER_97,MADE_IMPROPER_TURN
2586561,2,OTHER_97,-111.087972239889,32.3595169801136,1,T_INTERSECTION,OTHER_97,MARANA,2012-01-10 13:10:00,DROVE_RODE_IN_OPPOSING_TRAFFIC_LANE,NO_IMPROPER_ACTION
2587156,2,ANGLE_FRONT_TO_SIDE,-111.755726980905,33.2631424394915,2,FOUR_WAY_INTERSECTION,ANGLE_FRONT_TO_SIDE,GILBERT,2012-01-23 14:27:00,SPEED_TOO_FAST_FOR_CONDITIONS,NO_IMPROPER_ACTION
2587181,2,ANGLE_FRONT_TO_SIDE,-111.77153056495,33.325379723502,3,T_INTERSECTION,ANGLE_FRONT_TO_SIDE,GILBERT,2012-01-01 09:07:00,NO_IMPROPER_ACTION,INATTENTION_DISTRACTION
2587199,2,REAR_END,-111.037363590604,32.3197509461505,3,UNKNOWN_99,REAR_END,UNSPECIFIED_999,2012-01-12 06:44:00,NO_IMPROPER_ACTION,UNKNOWN_99
2587490,2,OTHER_97,-112.146868894374,33.8708795549452,4,INTERSECTION_AS_PART_OF_INTERCHANGE,OTHER_97,UNSPECIFIED_999,2012-03-01 07:27:00,OTHER_97,NOT_APPLICABLE_MINUS_1+NO_IMPROPER_ACTION+NOT_APPLICABLE_MINUS_1
2588543,2,ANGLE_FRONT_TO_SIDE,-111.546065948134,33.4230097435493,3,NOT_AT_INTERSECTION_0,ANGLE_FRONT_TO_SIDE,APACHE JUNCTION,2012-02-11 11:16:00,FAILED_TO_YIELD_RIGHT_OF_WAY_103,NO_IMPROPER_ACTION
2588659,2,LEFT_TURN,-110.951223163245,32.2373265806291,3,UNKNOWN_99,LEFT_TURN,TUCSON,2012-02-01 10:55:00,NO_IMPROPER_ACTION,INATTENTION_DISTRACTION
2588713,2,ANGLE_FRONT_TO_SIDE,-112.469748412214,34.5551955930794,4,UNKNOWN_99,ANGLE_FRONT_TO_SIDE,PRESCOTT,2012-01-26 13:01:00,NO_IMPROPER_ACTION,INATTENTION_DISTRACTION
2588792,2,OTHER_97,-112.203493318279,33.4508372789758,1,UNKNOWN_99,OTHER_97,PHOENIX,2012-01-24 06:58:00,NO_IMPROPER_ACTION,INATTENTION_DISTRACTION
2589079,2,ANGLE_FRONT_TO_SIDE,-111.957025501291,33.3782253290407,2,UNKNOWN_99,ANGLE_FRONT_TO_SIDE,TEMPE,2012-02-11 12:45:00,OTHER_97,INATTENTION_DISTRACTION
2589811,2,ANGLE_FRONT_TO_SIDE,-111.909095463329,33.4207410669668,2,NOT_REPORTED_255,ANGLE_FRONT_TO_SIDE,TEMPE,2012-01-27 09:48:00,OTHER_97,NO_IMPROPER_ACTION
2589860,2,LEFT_TURN,-111.714138340735,32.8842587949487,2,FOUR_WAY_INTERSECTION,LEFT_TURN,CASA GRANDE,2012-01-31 14:03:00,NO_IMPROPER_ACTION,FAILED_TO_YIELD_RIGHT_OF_WAY_103
2589911,2,ANGLE_FRONT_TO_SIDE,-111.892624495555,33.4147869779744,3,NOT_AT_INTERSECTION_0,ANGLE_FRONT_TO_SIDE,TEMPE,2012-02-01 17:21:00,OTHER_97,NO_IMPROPER_ACTION+NOT_APPLICABLE_MINUS_1+NOT_APPLICABLE_MINUS_1
2590205,2,OTHER_97,-112.117447501717,33.5964535648705,3,FOUR_WAY_INTERSECTION,OTHER_97,PHOENIX,2012-01-26 15:54:00,DISREGARDED_TRAFFIC_SIGNAL,NO_IMPROPER_ACTION
2590268,2,ANGLE_FRONT_TO_SIDE,-111.822749416165,33.4297316460482,3,UNKNOWN_99,ANGLE_FRONT_TO_SIDE,MESA,2012-01-24 08:59:00,DROVE_RODE_IN_OPPOSING_TRAFFIC_LANE,NO_IMPROPER_ACTION
2590317,2,ANGLE_FRONT_TO_SIDE,-111.701506850072,33.4523509981604,2,UNKNOWN_99,ANGLE_FRONT_TO_SIDE,MESA,2012-01-31 11:53:00,NO_IMPROPER_ACTION,OTHER_97
2590380,2,ANGLE_FRONT_TO_SIDE,-112.220180772759,33.5791648776572,2,UNKNOWN_99,ANGLE_FRONT_TO_SIDE,PEORIA,2012-01-23 18:37:00,INATTENTION_DISTRACTION,INATTENTION_DISTRACTION
2590388,2,ANGLE_FRONT_TO_SIDE,-112.272512854122,33.5513602028911,2,FOUR_WAY_INTERSECTION,ANGLE_FRONT_TO_SIDE,PEORIA,2012-01-19 15:53:00,NO_IMPROPER_ACTION,FAILED_TO_YIELD_RIGHT_OF_WAY_103
2590543,2,ANGLE_FRONT_TO_SIDE,-110.841053604765,32.2690518398785,1,FOUR_WAY_INTERSECTION,ANGLE_FRONT_TO_SIDE,UNSPECIFIED_999,2012-01-27 17:43:00,INATTENTION_DISTRACTION,INATTENTION_DISTRACTION
2590545,2,REAR_END,-110.980783349932,31.9061091450614,2,T_INTERSECTION,REAR_END,SAHUARITA,2012-01-31 13:09:00,NO_IMPROPER_ACTION,INATTENTION_DISTRACTION
2590753,2,LEFT_TURN,-112.099616815672,33.5691168564132,3,T_INTERSECTION,LEFT_TURN,PHOENIX,2012-01-04 13:35:00,FAILED_TO_YIELD_RIGHT_OF_WAY_103,NO_IMPROPER_ACTION+NOT_APPLICABLE_MINUS_1
2590969,2,LEFT_TURN,-111.870958360769,33.3170601142702,2,NOT_AT_INTERSECTION_0,LEFT_TURN,CHANDLER,2012-01-01 16:34:00,INATTENTION_DISTRACTION,NO_IMPROPER_ACTION
2590992,2,ANGLE_FRONT_TO_SIDE,-111.841756001574,33.3496543038564,3,FOUR_WAY_INTERSECTION,ANGLE_FRONT_TO_SIDE,CHANDLER,2012-01-04 16:08:00,DISREGARDED_TRAFFIC_SIGNAL,NO_IMPROPER_ACTION
2591007,2,ANGLE_FRONT_TO_SIDE,-111.84183074885,33.3606191684982,3,T_INTERSECTION,ANGLE_FRONT_TO_SIDE,CHANDLER,2012-01-05 15:04:00,NO_IMPROPER_ACTION,OTHER_97+NOT_APPLICABLE_MINUS_1
2591231,2,ANGLE_FRONT_TO_SIDE,-110.257344905782,31.5517286436446,1,T_INTERSECTION,ANGLE_FRONT_TO_SIDE,SIERRA VISTA,2012-02-10 13:04:00,NO_IMPROPER_ACTION,UNKNOWN_99
2591244,2,ANGLE_FRONT_TO_SIDE,-110.257344885341,31.5454014566366,2,FOUR_WAY_INTERSECTION,ANGLE_FRONT_TO_SIDE,SIERRA VISTA,2012-02-20 10:53:00,NO_IMPROPER_ACTION,FAILED_TO_YIELD_RIGHT_OF_WAY_103
2591310,2,ANGLE_FRONT_TO_SIDE,-111.99519258538,33.6406854029843,2,UNKNOWN_99,ANGLE_FRONT_TO_SIDE,PHOENIX,2012-01-07 18:24:00,NO_IMPROPER_ACTION,FAILED_TO_YIELD_RIGHT_OF_WAY_103+NOT_APPLICABLE_MINUS_1
2591398,2,ANGLE_FRONT_TO_SIDE,-111.978434494184,33.4511602816519,3,FOUR_WAY_INTERSECTION,ANGLE_FRONT_TO_SIDE,PHOENIX,2012-01-09 15:30:00,NO_IMPROPER_ACTION,FAILED_TO_YIELD_RIGHT_OF_WAY_103
2591737,2,ANGLE_FRONT_TO_SIDE,-112.047545632719,33.5056398461358,2,FOUR_WAY_INTERSECTION,ANGLE_FRONT_TO_SIDE,PHOENIX,2012-01-10 19:37:00,INATTENTION_DISTRACTION,NO_IMPROPER_ACTION
2591806,2,LEFT_TURN,-112.073215933482,33.3631706219674,2,FOUR_WAY_INTERSECTION,LEFT_TURN,PHOENIX,2012-01-10 16:21:00,NO_IMPROPER_ACTION,INATTENTION_DISTRACTION
2592051,2,ANGLE_FRONT_TO_SIDE,-111.848363951926,33.4090925781649,4,NOT_AT_INTERSECTION_0,ANGLE_FRONT_TO_SIDE,MESA,2012-01-31 14:37:00,DROVE_RODE_IN_OPPOSING_TRAFFIC_LANE,NO_IMPROPER_ACTION
2592070,2,ANGLE_FRONT_TO_SIDE,-111.85651338571,33.4180799879883,2,NOT_AT_INTERSECTION_0,ANGLE_FRONT_TO_SIDE,MESA,2012-01-23 16:53:00,NO_IMPROPER_ACTION,RAN_STOP_SIGN
2592265,2,ANGLE_FRONT_TO_SIDE,-111.928284826308,33.3272835237927,2,FOUR_WAY_INTERSECTION,ANGLE_FRONT_TO_SIDE,TEMPE,2012-01-27 14:20:00,DROVE_RODE_IN_OPPOSING_TRAFFIC_LANE,UNKNOWN_99
2592271,2,ANGLE_FRONT_TO_SIDE,-111.909082137407,33.4214535792845,3,FOUR_WAY_INTERSECTION,ANGLE_FRONT_TO_SIDE,TEMPE,2012-01-27 15:59:00,OTHER_97,NO_IMPROPER_ACTION
2592530,2,ANGLE_FRONT_TO_SIDE,-111.007900872876,32.3231303133422,3,T_INTERSECTION,ANGLE_FRONT_TO_SIDE,UNSPECIFIED_999,2012-02-01 07:45:00,DROVE_RODE_IN_OPPOSING_TRAFFIC_LANE,NO_IMPROPER_ACTION
2592539,2,ANGLE_FRONT_TO_SIDE,-111.952499827493,33.3782502667013,1,FOUR_WAY_INTERSECTION,ANGLE_FRONT_TO_SIDE,TEMPE,2012-01-22 20:06:00,DISREGARDED_TRAFFIC_SIGNAL,NO_IMPROPER_ACTION
2592597,2,ANGLE_FRONT_TO_SIDE,-111.744543166697,33.3358248910203,3,FOUR_WAY_INTERSECTION,ANGLE_FRONT_TO_SIDE,GILBERT,2012-02-04 14:29:00,NO_IMPROPER_ACTION,INATTENTION_DISTRACTION+NOT_APPLICABLE_MINUS_1+NOT_APPLICABLE_MINUS_1+NOT_APPLICABLE_MINUS_1
2592624,2,ANGLE_FRONT_TO_SIDE,-111.746527395681,33.3117025373402,2,T_INTERSECTION,ANGLE_FRONT_TO_SIDE,GILBERT,2012-01-27 10:50:00,DROVE_RODE_IN_OPPOSING_TRAFFIC_LANE,NO_IMPROPER_ACTION
2592655,2,OTHER_97,-111.780616628615,33.3500462080182,1,T_INTERSECTION,OTHER_97,GILBERT,2012-01-19 06:47:00,NO_IMPROPER_ACTION,INATTENTION_DISTRACTION
2592781,2,ANGLE_FRONT_TO_SIDE,-111.837416445369,33.3933198401149,3,NOT_AT_INTERSECTION_0,ANGLE_FRONT_TO_SIDE,MESA,2012-03-05 17:29:00,FAILED_TO_KEEP_IN_PROPER_LANE,NOT_APPLICABLE_MINUS_1+NOT_APPLICABLE_MINUS_1+NOT_APPLICABLE_MINUS_1+NO_IMPROPER_ACTION+NOT_APPLICABLE_MINUS_1
2593050,2,ANGLE_FRONT_TO_SIDE,-111.943370588738,33.4219033296205,3,NOT_REPORTED_255,ANGLE_FRONT_TO_SIDE,TEMPE,2012-02-24 14:21:00,DID_NOT_USE_CROSSWALK,NO_IMPROPER_ACTION+NOT_APPLICABLE_MINUS_1
2593055,2,ANGLE_FRONT_TO_SIDE,-110.299939669773,31.5546335183124,1,T_INTERSECTION,ANGLE_FRONT_TO_SIDE,SIERRA VISTA,2012-02-09 04:54:00,DID_NOT_USE_CROSSWALK,NO_IMPROPER_ACTION
2593093,2,ANGLE_FRONT_TO_SIDE,-111.738848798374,33.3647822899631,1,FOUR_WAY_INTERSECTION,ANGLE_FRONT_TO_SIDE,GILBERT,2012-01-24 06:43:00,DROVE_RODE_IN_OPPOSING_TRAFFIC_LANE,NO_IMPROPER_ACTION
2593094,2,ANGLE_FRONT_TO_SIDE,-112.463314406807,34.5417577549492,2,FOUR_WAY_INTERSECTION,ANGLE_FRONT_TO_SIDE,PRESCOTT,2012-01-30 07:36:00,KNOWINGLY_OPERATED_WITH_FAULTY_MISSING_EQUIPMENT,NO_IMPROPER_ACTION
2593264,2,OTHER_97,-112.021555248927,33.4802517452636,4,NOT_AT_INTERSECTION_0,OTHER_97,PHOENIX,2012-01-19 15:31:00,FAILED_TO_YIELD_RIGHT_OF_WAY_103,NOT_APPLICABLE_MINUS_1+NO_IMPROPER_ACTION+NOT_APPLICABLE_MINUS_1
2593295,2,REAR_TO_SIDE,-112.073712214004,33.5268005180768,2,T_INTERSECTION,REAR_TO_SIDE,PHOENIX,2012-01-12 19:10:00,NO_IMPROPER_ACTION,INATTENTION_DISTRACTION
2593325,2,ANGLE_FRONT_TO_SIDE,-112.103876621579,33.5820248732325,2,T_INTERSECTION,ANGLE_FRONT_TO_SIDE,PHOENIX,2012-01-20 12:01:00,DROVE_RODE_IN_OPPOSING_TRAFFIC_LANE,NO_IMPROPER_ACTION+NOT_APPLICABLE_MINUS_1
2593327,2,OTHER_97,-112.108313961792,33.551906737492,1,NOT_AT_INTERSECTION_0,OTHER_97,PHOENIX,2012-01-20 12:05:00,NO_IMPROPER_ACTION,INATTENTION_DISTRACTION
2593417,2,ANGLE_FRONT_TO_SIDE,-112.099554303649,33.5241102296819,3,FOUR_WAY_INTERSECTION,ANGLE_FRONT_TO_SIDE,PHOENIX,2012-01-17 10:15:00,DROVE_RODE_IN_OPPOSING_TRAFFIC_LANE,NO_IMPROPER_ACTION
2593442,2,ANGLE_FRONT_TO_SIDE,-112.340940945413,33.4787921216771,3,FOUR_WAY_INTERSECTION,ANGLE_FRONT_TO_SIDE,UNSPECIFIED_999,2012-01-31 17:03:00,INATTENTION_DISTRACTION,INATTENTION_DISTRACTION+NOT_APPLICABLE_MINUS_1+NOT_APPLICABLE_MINUS_1+NOT_APPLICABLE_MINUS_1
2593473,2,LEFT_TURN,-112.242003560353,33.5810249440739,3,FOUR_WAY_INTERSECTION,LEFT_TURN,PEORIA,2012-02-06 18:19:00,NO_IMPROPER_ACTION,FAILED_TO_YIELD_RIGHT_OF_WAY_103
2593513,2,OTHER_97,-111.087465045525,32.374279879363,1,T_INTERSECTION,OTHER_97,MARANA,2012-02-10 15:47:00,RAN_STOP_SIGN,NO_IMPROPER_ACTION
2593672,2,OTHER_97,-112.129922292821,33.5238445468275,2,FOUR_WAY_INTERSECTION,OTHER_97,PHOENIX,2012-01-19 17:11:00,UNKNOWN_99,NOT_APPLICABLE_MINUS_1+UNKNOWN_99
2594288,2,OTHER_97,-112.263788504382,33.4453950092335,4,T_INTERSECTION,OTHER_97,TOLLESON,2012-02-11 18:04:00,KNOWINGLY_OPERATED_WITH_FAULTY_MISSING_EQUIPMENT,UNKNOWN_99
2594396,2,ANGLE_FRONT_TO_SIDE,-111.5633664552,33.4078457244215,1,FOUR_WAY_INTERSECTION,ANGLE_FRONT_TO_SIDE,APACHE JUNCTION,2012-02-22 15:58:00,INATTENTION_DISTRACTION,NO_IMPROPER_ACTION
2594452,2,OTHER_97,-111.981274884545,33.5989613872371,3,FOUR_WAY_INTERSECTION,OTHER_97,PHOENIX,2012-01-13 17:16:00,UNKNOWN_99,NO_IMPROPER_ACTION
2594524,2,LEFT_TURN,-112.03035292792,33.3777865446421,3,FOUR_WAY_INTERSECTION,LEFT_TURN,PHOENIX,2012-01-09 11:10:00,NO_IMPROPER_ACTION,NOT_APPLICABLE_MINUS_1+FAILED_TO_YIELD_RIGHT_OF_WAY_103
2594540,2,ANGLE_FRONT_TO_SIDE,-112.004609678432,33.4804564046595,3,UNKNOWN_99,ANGLE_FRONT_TO_SIDE,PHOENIX,2012-01-14 14:20:00,FAILED_TO_YIELD_RIGHT_OF_WAY_103,NO_IMPROPER_ACTION
2594541,2,OTHER_97,-112.009662518181,33.6263272180223,3,T_INTERSECTION,OTHER_97,PHOENIX,2012-01-10 18:56:00,OTHER_97,NOT_APPLICABLE_MINUS_1+NO_IMPROPER_ACTION
2594543,2,ANGLE_FRONT_TO_SIDE,-112.099558596381,33.5530987084978,3,FOUR_WAY_INTERSECTION,ANGLE_FRONT_TO_SIDE,PHOENIX,2012-01-10 22:16:00,DISREGARDED_TRAFFIC_SIGNAL,NO_IMPROPER_ACTION
2594586,2,OTHER_97,-111.446109808298,33.3409916256065,4,NOT_AT_INTERSECTION_0,OTHER_97,UNSPECIFIED_999,2012-03-07 04:35:00,OTHER_97,NO_IMPROPER_ACTION
2594751,2,ANGLE_FRONT_TO_SIDE,-112.116759914997,33.531293552473,2,FOUR_WAY_INTERSECTION,ANGLE_FRONT_TO_SIDE,PHOENIX,2012-01-05 11:09:00,DROVE_RODE_IN_OPPOSING_TRAFFIC_LANE,NO_IMPROPER_ACTION
2594780,2,ANGLE_FRONT_TO_SIDE,-112.051993065193,33.4874009439527,3,FOUR_WAY_INTERSECTION,ANGLE_FRONT_TO_SIDE,PHOENIX,2012-01-11 06:45:00,UNKNOWN_99,UNKNOWN_99+NOT_APPLICABLE_MINUS_1
2594844,2,OTHER_97,-111.572680410971,33.4150730559293,3,FOUR_WAY_INTERSECTION,OTHER_97,APACHE JUNCTION,2012-03-05 12:31:00,DROVE_RODE_IN_OPPOSING_TRAFFIC_LANE,INATTENTION_DISTRACTION
2594850,2,ANGLE_FRONT_TO_SIDE,-111.977398438778,33.6657034142558,2,UNKNOWN_99,ANGLE_FRONT_TO_SIDE,PHOENIX,2012-01-10 23:27:00,NO_IMPROPER_ACTION,DISREGARDED_TRAFFIC_SIGNAL
2594882,2,ANGLE_FRONT_TO_SIDE,-111.726068333129,33.2338276624741,3,T_INTERSECTION,ANGLE_FRONT_TO_SIDE,GILBERT,2012-03-03 17:36:00,NO_IMPROPER_ACTION,INATTENTION_DISTRACTION
2594918,2,SIDESWIPE_SAME_DIRECTION,-112.254979356705,33.5808352224842,3,FOUR_WAY_INTERSECTION,SIDESWIPE_SAME_DIRECTION,PEORIA,2012-03-06 15:45:00,FAILED_TO_KEEP_IN_PROPER_LANE,NOT_APPLICABLE_MINUS_1+NO_IMPROPER_ACTION
2595142,2,OTHER_97,-111.926106466986,33.4209577312709,2,T_INTERSECTION,OTHER_97,TEMPE,2012-02-22 18:24:00,NO_IMPROPER_ACTION,NOT_APPLICABLE_MINUS_1+FAILED_TO_YIELD_RIGHT_OF_WAY_103
2595145,2,ANGLE_FRONT_TO_SIDE,-111.954477218843,33.3506088822012,2,UNKNOWN_99,ANGLE_FRONT_TO_SIDE,TEMPE,2012-02-23 09:06:00,NO_IMPROPER_ACTION,OTHER_97
2595169,2,ANGLE_FRONT_TO_SIDE,-111.909247479472,33.3788982679821,2,UNKNOWN_99,ANGLE_FRONT_TO_SIDE,TEMPE,2012-02-21 13:31:00,OTHER_97,NO_IMPROPER_ACTION
2595325,2,ANGLE_FRONT_TO_SIDE,-111.78900677643,33.3789972697553,3,T_INTERSECTION,ANGLE_FRONT_TO_SIDE,GILBERT,2012-02-20 16:45:00,DROVE_RODE_IN_OPPOSING_TRAFFIC_LANE,NO_IMPROPER_ACTION
2595327,2,HEAD_ON,-111.684557543324,33.4085906091675,2,FOUR_WAY_INTERSECTION,HEAD_ON,MESA,2012-02-26 14:13:00,DISREGARDED_TRAFFIC_SIGNAL,NO_IMPROPER_ACTION
2595531,2,OTHER_97,-112.37665966828,33.6237451170668,2,FOUR_WAY_INTERSECTION,OTHER_97,SURPRISE,2012-02-10 08:04:00,NO_IMPROPER_ACTION,INATTENTION_DISTRACTION
2595535,2,OTHER_97,-112.393895018778,33.6240508294795,3,FOUR_WAY_INTERSECTION,OTHER_97,SURPRISE,2012-02-11 17:38:00,OTHER_97,NO_IMPROPER_ACTION
2595548,2,ANGLE_FRONT_TO_SIDE,-111.931392792969,33.4424549092679,3,T_INTERSECTION,ANGLE_FRONT_TO_SIDE,TEMPE,2012-02-08 09:22:00,OTHER_97,NO_IMPROPER_ACTION
2595564,2,REAR_END,-111.904751843224,33.4292360089204,3,FOUR_WAY_INTERSECTION,REAR_END,TEMPE,2012-02-09 13:45:00,NO_IMPROPER_ACTION,OTHER_97
2595568,2,ANGLE_FRONT_TO_SIDE,-111.952784901736,33.4219095475021,2,NOT_AT_INTERSECTION_0,ANGLE_FRONT_TO_SIDE,TEMPE,2012-02-09 14:39:00,OTHER_97,NO_IMPROPER_ACTION
2595608,2,ANGLE_FRONT_TO_SIDE,-111.451519055236,33.3575579786741,2,T_INTERSECTION,ANGLE_FRONT_TO_SIDE,UNSPECIFIED_999,2012-02-13 19:04:00,NO_IMPROPER_ACTION,NOT_APPLICABLE_MINUS_1+NO_IMPROPER_ACTION
2595641,2,OTHER_97,-111.814066890593,33.4225809804037,2,NOT_REPORTED_255,OTHER_97,MESA,2012-02-13 14:20:00,OTHER_97,UNKNOWN_99
2595699,2,OTHER_97,-112.117324378271,33.6399159945139,4,FOUR_WAY_INTERSECTION,OTHER_97,PHOENIX,2012-03-13 13:37:00,DISREGARDED_TRAFFIC_SIGNAL,NO_IMPROPER_ACTION
2595888,2,ANGLE_FRONT_TO_SIDE,-112.168832954229,33.6543550756215,2,FOUR_WAY_INTERSECTION,ANGLE_FRONT_TO_SIDE,PHOENIX,2012-01-17 16:20:00,DROVE_RODE_IN_OPPOSING_TRAFFIC_LANE,NOT_APPLICABLE_MINUS_1+NO_IMPROPER_ACTION
2595901,2,LEFT_TURN,-111.92628143535,33.4147329600487,2,FOUR_WAY_INTERSECTION,LEFT_TURN,TEMPE,2012-01-13 16:30:00,NO_IMPROPER_ACTION,INATTENTION_DISTRACTION
2596066,2,ANGLE_FRONT_TO_SIDE,-111.925190845215,33.4075089738433,1,NOT_REPORTED_255,ANGLE_FRONT_TO_SIDE,TEMPE,2012-01-04 20:00:00,OTHER_97,NO_IMPROPER_ACTION+NOT_APPLICABLE_MINUS_1
2596068,2,ANGLE_FRONT_TO_SIDE,-111.839895036554,33.4351988251155,4,FOUR_WAY_INTERSECTION,ANGLE_FRONT_TO_SIDE,MESA,2012-03-12 09:11:00,DISREGARDED_TRAFFIC_SIGNAL,NO_IMPROPER_ACTION
2596173,2,OTHER_97,-110.821283550243,33.3976311548288,3,T_INTERSECTION,OTHER_97,UNSPECIFIED_999,2012-02-19 09:55:00,OTHER_97,NO_IMPROPER_ACTION
2596260,2,ANGLE_FRONT_TO_SIDE,-111.839971220845,33.4181231733602,1,FIVE_POINT_OR_MORE,ANGLE_FRONT_TO_SIDE,MESA,2012-03-03 13:25:00,NO_IMPROPER_ACTION,NO_IMPROPER_ACTION
2596299,2,ANGLE_FRONT_TO_SIDE,-111.83842198153,33.3933236908216,3,NOT_AT_INTERSECTION_0,ANGLE_FRONT_TO_SIDE,MESA,2012-03-10 13:10:00,NO_IMPROPER_ACTION,INATTENTION_DISTRACTION+NOT_APPLICABLE_MINUS_1
2596446,2,ANGLE_FRONT_TO_SIDE,-111.818924850049,33.3771927230283,1,FOUR_WAY_INTERSECTION,ANGLE_FRONT_TO_SIDE,GILBERT,2012-02-08 15:37:00,NO_IMPROPER_ACTION,INATTENTION_DISTRACTION
2596727,2,ANGLE_FRONT_TO_SIDE,-111.546074328011,33.4220787572162,2,NOT_AT_INTERSECTION_0,ANGLE_FRONT_TO_SIDE,APACHE JUNCTION,2012-03-15 16:35:00,INATTENTION_DISTRACTION,NO_IMPROPER_ACTION
2596779,2,HEAD_ON,-112.099183162445,33.3958658028067,3,FOUR_WAY_INTERSECTION,HEAD_ON,PHOENIX,2012-01-21 18:57:00,UNKNOWN_99,UNKNOWN_99
2596875,9,REAR_END,-111.743997310064,33.0175497797315,4,NOT_AT_INTERSECTION_0,REAR_END,UNSPECIFIED_999,2012-02-11 12:16:00,SPEED_TOO_FAST_FOR_CONDITIONS+SPEED_TOO_FAST_FOR_CONDITIONS+SPEED_TOO_FAST_FOR_CONDITIONS+SPEED_TOO_FAST_FOR_CONDITIONS+SPEED_TOO_FAST_FOR_CONDITIONS+SPEED_TOO_FAST_FOR_CONDITIONS+SPEED_TOO_FAST_FOR_CONDITIONS+SPEED_TOO_FAST_FOR_CONDITIONS,NO_IMPROPER_ACTION
2597028,2,ANGLE_FRONT_TO_SIDE,-112.074069526143,33.6547309299043,3,UNKNOWN_99,ANGLE_FRONT_TO_SIDE,PHOENIX,2012-01-13 11:56:00,DROVE_RODE_IN_OPPOSING_TRAFFIC_LANE,NO_IMPROPER_ACTION+NOT_APPLICABLE_MINUS_1
2597048,2,UNKNOWN_99,-111.993301314631,33.4072868887068,1,UNKNOWN_99,UNKNOWN_99,PHOENIX,2012-01-17 15:45:00,NO_IMPROPER_ACTION,OTHER_97
2597150,2,OTHER_97,-110.965379213282,32.1995850885398,2,FOUR_WAY_INTERSECTION,OTHER_97,SOUTH TUCSON,2012-02-15 16:18:00,KNOWINGLY_OPERATED_WITH_FAULTY_MISSING_EQUIPMENT,NO_IMPROPER_ACTION
2597204,2,ANGLE_FRONT_TO_SIDE,-112.063965935302,33.4800903817857,1,T_INTERSECTION,ANGLE_FRONT_TO_SIDE,PHOENIX,2012-01-24 18:24:00,INATTENTION_DISTRACTION,NO_IMPROPER_ACTION
2597224,2,HEAD_ON,-111.759715953001,34.7844635446295,3,NOT_AT_INTERSECTION_0,HEAD_ON,UNSPECIFIED_999,2012-01-30 17:24:00,NO_IMPROPER_ACTION,MADE_IMPROPER_TURN
2597361,2,ANGLE_FRONT_TO_SIDE,-112.186294453788,33.5271808501206,3,T_INTERSECTION,ANGLE_FRONT_TO_SIDE,GLENDALE,2012-01-20 13:15:00,OTHER_97,NO_IMPROPER_ACTION+NOT_APPLICABLE_MINUS_1
2597368,2,ANGLE_FRONT_TO_SIDE,-111.979253422123,33.6405784264925,1,UNKNOWN_99,ANGLE_FRONT_TO_SIDE,PHOENIX,2012-01-24 15:59:00,FAILED_TO_YIELD_RIGHT_OF_WAY_103,NO_IMPROPER_ACTION
2597417,2,ANGLE_FRONT_TO_SIDE,-112.160283092041,33.56964718724,1,T_INTERSECTION,ANGLE_FRONT_TO_SIDE,GLENDALE,2012-01-17 15:39:00,OTHER_97,INATTENTION_DISTRACTION
2597480,2,ANGLE_FRONT_TO_SIDE,-112.09971615359,33.6472841945467,4,T_INTERSECTION,ANGLE_FRONT_TO_SIDE,PHOENIX,2012-01-25 17:03:00,UNSAFE_LANE_CHANGE,NO_IMPROPER_ACTION