IncidentID,num_vehicles_involved,eCollisionManner,Longitude,Latitude,InjurySeverity,eIntersectionType,eCollisionManner,city_name,IncidentDateTime,cyclist_citations,driver_citations
2597497,2,LEFT_TURN,-111.704724499411,33.3649133452206,3,FOUR_WAY_INTERSECTION,LEFT_TURN,GILBERT,2012-02-17 06:33:00,NO_IMPROPER_ACTION,INATTENTION_DISTRACTION
2597524,2,SIDESWIPE_SAME_DIRECTION,-111.925018171886,33.4403618917977,1,NOT_AT_INTERSECTION_0,SIDESWIPE_SAME_DIRECTION,TEMPE,2012-02-16 17:04:00,NO_IMPROPER_ACTION,UNSAFE_LANE_CHANGE
2597772,2,ANGLE_FRONT_TO_SIDE,-111.642053165486,35.1925845553101,1,FOUR_WAY_INTERSECTION,ANGLE_FRONT_TO_SIDE,FLAGSTAFF,2012-02-16 19:08:00,KNOWINGLY_OPERATED_WITH_FAULTY_MISSING_EQUIPMENT,INATTENTION_DISTRACTION
2597797,2,ANGLE_FRONT_TO_SIDE,-112.340136992278,33.4342590745624,4,FOUR_WAY_INTERSECTION,ANGLE_FRONT_TO_SIDE,AVONDALE,2012-02-15 15:16:00,DID_NOT_USE_CROSSWALK,NO_IMPROPER_ACTION
2597823,2,ANGLE_FRONT_TO_SIDE,-112.181672902128,33.654429603246,1,T_INTERSECTION,ANGLE_FRONT_TO_SIDE,GLENDALE,2012-01-03 12:58:00,NO_IMPROPER_ACTION,FAILED_TO_YIELD_RIGHT_OF_WAY_103
2597837,2,UNKNOWN_99,-112.186336637962,33.509673597881,2,FOUR_WAY_INTERSECTION,UNKNOWN_99,GLENDALE,2012-01-02 11:31:00,NO_IMPROPER_ACTION,FAILED_TO_YIELD_RIGHT_OF_WAY_103
2597974,2,ANGLE_FRONT_TO_SIDE,-111.906792151691,33.4147636310312,2,UNKNOWN_99,ANGLE_FRONT_TO_SIDE,TEMPE,2012-01-06 14:13:00,OTHER_97,NO_IMPROPER_ACTION
2597992,2,OTHER_97,-111.731297161076,32.8868801114423,2,FOUR_WAY_INTERSECTION,OTHER_97,CASA GRANDE,2012-01-31 13:20:00,NO_IMPROPER_ACTION,OTHER_97
2597993,2,ANGLE_FRONT_TO_SIDE,-111.722605580772,32.8869054075117,1,FOUR_WAY_INTERSECTION,ANGLE_FRONT_TO_SIDE,CASA GRANDE,2012-01-07 16:39:00,DISREGARDED_TRAFFIC_SIGNAL,NOT_APPLICABLE_MINUS_1+NOT_APPLICABLE_MINUS_1+FAILED_TO_YIELD_RIGHT_OF_WAY_103+NOT_APPLICABLE_MINUS_1+NOT_APPLICABLE_MINUS_1
2597994,2,HEAD_ON,-112.047922254187,33.6404013668152,3,NOT_AT_INTERSECTION_0,HEAD_ON,PHOENIX,2012-01-26 18:13:00,DROVE_RODE_IN_OPPOSING_TRAFFIC_LANE,NOT_APPLICABLE_MINUS_1+NOT_APPLICABLE_MINUS_1+NO_IMPROPER_ACTION
2598140,2,OTHER_97,-110.898758067372,32.3083144096316,3,T_INTERSECTION,OTHER_97,UNSPECIFIED_999,2012-02-08 16:06:00,NO_IMPROPER_ACTION,NOT_APPLICABLE_MINUS_1+FAILED_TO_YIELD_RIGHT_OF_WAY_103
2598205,2,ANGLE_FRONT_TO_SIDE,-111.908897237362,33.4292778339128,1,FOUR_WAY_INTERSECTION,ANGLE_FRONT_TO_SIDE,TEMPE,2012-01-04 18:10:00,DROVE_RODE_IN_OPPOSING_TRAFFIC_LANE,NO_IMPROPER_ACTION
2598345,2,ANGLE_FRONT_TO_SIDE,-111.926312575836,33.3929572660779,2,FOUR_WAY_INTERSECTION,ANGLE_FRONT_TO_SIDE,TEMPE,2012-02-05 20:56:00,OTHER_97,FAILED_TO_YIELD_RIGHT_OF_WAY_103
2598380,2,ANGLE_FRONT_TO_SIDE,-111.904983203729,33.4147644965907,1,UNKNOWN_99,ANGLE_FRONT_TO_SIDE,TEMPE,2012-01-30 13:05:00,OTHER_97,INATTENTION_DISTRACTION
2598381,2,OTHER_97,-111.928471850625,33.3494741685809,1,UNKNOWN_99,OTHER_97,TEMPE,2012-01-20 16:40:00,UNKNOWN_99,OTHER_97
2598406,2,ANGLE_FRONT_TO_SIDE,-111.90476107702,33.4074853623123,3,UNKNOWN_99,ANGLE_FRONT_TO_SIDE,TEMPE,2012-01-27 10:31:00,OTHER_97,NO_IMPROPER_ACTION
2598728,2,OTHER_97,-112.324491908563,33.6570728863489,3,T_INTERSECTION,OTHER_97,UNSPECIFIED_999,2012-03-14 08:36:00,NO_IMPROPER_ACTION,INATTENTION_DISTRACTION
2598752,2,ANGLE_FRONT_TO_SIDE,-111.85904634335,33.3377835555392,3,UNKNOWN_99,ANGLE_FRONT_TO_SIDE,CHANDLER,2012-01-04 16:48:00,INATTENTION_DISTRACTION,NOT_APPLICABLE_MINUS_1+NO_IMPROPER_ACTION
2598782,2,ANGLE_FRONT_TO_SIDE,-111.898143924959,33.3202546919113,3,FOUR_WAY_INTERSECTION,ANGLE_FRONT_TO_SIDE,CHANDLER,2012-01-10 17:51:00,OTHER_97,INATTENTION_DISTRACTION
2599050,2,ANGLE_FRONT_TO_SIDE,-112.099612709231,33.5682474835103,2,FOUR_WAY_INTERSECTION,ANGLE_FRONT_TO_SIDE,PHOENIX,2012-01-29 15:22:00,OTHER_97,NO_IMPROPER_ACTION+NOT_APPLICABLE_MINUS_1
2599061,2,ANGLE_FRONT_TO_SIDE,-111.980905759209,33.3317239027493,1,NOT_REPORTED_255,ANGLE_FRONT_TO_SIDE,PHOENIX,2012-01-06 13:12:00,NO_IMPROPER_ACTION,NOT_APPLICABLE_MINUS_1+INATTENTION_DISTRACTION
2599071,2,ANGLE_FRONT_TO_SIDE,-112.017011280707,33.6405834936018,2,NOT_AT_INTERSECTION_0,ANGLE_FRONT_TO_SIDE,PHOENIX,2012-01-30 15:11:00,NO_IMPROPER_ACTION,INATTENTION_DISTRACTION
2599102,2,OTHER_97,-111.926314376609,33.3935064561899,2,UNKNOWN_99,OTHER_97,TEMPE,2012-01-01 19:48:00,OTHER_97,NO_IMPROPER_ACTION+NOT_APPLICABLE_MINUS_1
2599110,2,LEFT_TURN,-111.909125618516,33.3922353923373,2,FOUR_WAY_INTERSECTION,LEFT_TURN,TEMPE,2012-01-30 17:11:00,DID_NOT_USE_CROSSWALK,NO_IMPROPER_ACTION
2599119,2,ANGLE_FRONT_TO_SIDE,-111.753790611877,33.3936258692477,3,FOUR_WAY_INTERSECTION,ANGLE_FRONT_TO_SIDE,MESA,2012-02-01 14:57:00,NO_IMPROPER_ACTION,MADE_IMPROPER_TURN
2599120,2,LEFT_TURN,-110.283231655317,31.5211296018246,2,T_INTERSECTION,LEFT_TURN,SIERRA VISTA,2012-01-23 07:41:00,NO_IMPROPER_ACTION,FAILED_TO_YIELD_RIGHT_OF_WAY_103
2599152,2,ANGLE_FRONT_TO_SIDE,-111.92628051934,33.4142629444594,1,NOT_REPORTED_255,ANGLE_FRONT_TO_SIDE,TEMPE,2012-02-14 15:21:00,OTHER_97,NO_IMPROPER_ACTION
2599164,2,ANGLE_FRONT_TO_SIDE,-111.925849775548,33.4220247504487,1,NOT_REPORTED_255,ANGLE_FRONT_TO_SIDE,TEMPE,2012-02-03 12:09:00,OTHER_97,NO_IMPROPER_ACTION
2599198,2,HEAD_ON,-111.796888770379,33.3934632633506,2,FOUR_WAY_INTERSECTION,HEAD_ON,MESA,2012-02-21 17:31:00,DROVE_RODE_IN_OPPOSING_TRAFFIC_LANE,NO_IMPROPER_ACTION
2599200,2,ANGLE_FRONT_TO_SIDE,-111.92891476722,33.4219069676463,2,NOT_REPORTED_255,ANGLE_FRONT_TO_SIDE,TEMPE,2012-02-21 14:37:00,DROVE_RODE_IN_OPPOSING_TRAFFIC_LANE,NO_IMPROPER_ACTION
2599206,2,ANGLE_FRONT_TO_SIDE,-111.909113219373,33.407496496678,1,FOUR_WAY_INTERSECTION,ANGLE_FRONT_TO_SIDE,TEMPE,2012-02-08 19:21:00,OTHER_97,UNKNOWN_99
2599216,2,UNKNOWN_99,-111.874534296411,33.4075802705839,3,FOUR_WAY_INTERSECTION,UNKNOWN_99,MESA,2012-02-23 10:31:00,DROVE_RODE_IN_OPPOSING_TRAFFIC_LANE,NO_IMPROPER_ACTION
2599223,2,LEFT_TURN,-111.900514926774,33.4073340384338,3,FOUR_WAY_INTERSECTION,LEFT_TURN,TEMPE,2012-01-13 16:33:00,NO_IMPROPER_ACTION,FAILED_TO_YIELD_RIGHT_OF_WAY_103+NOT_APPLICABLE_MINUS_1
2599226,2,ANGLE_FRONT_TO_SIDE,-111.910099578737,33.4074967162216,2,UNKNOWN_99,ANGLE_FRONT_TO_SIDE,TEMPE,2012-01-09 17:02:00,NO_IMPROPER_ACTION,NO_IMPROPER_ACTION
2599270,2,ANGLE_FRONT_TO_SIDE,-111.824405813614,33.355041879167,2,FOUR_WAY_INTERSECTION,ANGLE_FRONT_TO_SIDE,GILBERT,2012-02-13 08:01:00,DISREGARDED_TRAFFIC_SIGNAL,NO_IMPROPER_ACTION
2599354,2,OTHER_97,-112.117291817236,33.6107647845173,3,FOUR_WAY_INTERSECTION,OTHER_97,PHOENIX,2012-02-25 07:43:00,DID_NOT_USE_CROSSWALK,NO_IMPROPER_ACTION
2599594,2,ANGLE_FRONT_TO_SIDE,-111.941265189445,33.425615998419,3,T_INTERSECTION,ANGLE_FRONT_TO_SIDE,TEMPE,2012-02-20 13:56:00,OTHER_97,NO_IMPROPER_ACTION+NOT_APPLICABLE_MINUS_1
2599605,2,OTHER_97,-111.84118262871,33.1646144676941,3,NOT_AT_INTERSECTION_0,OTHER_97,UNSPECIFIED_999,2012-01-18 18:25:00,MADE_IMPROPER_TURN,NO_IMPROPER_ACTION
2599649,2,LEFT_TURN,-111.872030115984,33.3060029812984,2,T_INTERSECTION,LEFT_TURN,CHANDLER,2012-01-01 02:13:00,NO_IMPROPER_ACTION,INATTENTION_DISTRACTION
2599689,3,ANGLE_FRONT_TO_SIDE,-111.847160180182,33.3351140707635,4,FOUR_WAY_INTERSECTION,ANGLE_FRONT_TO_SIDE,CHANDLER,2012-01-10 16:34:00,WALKED_ON_WRONG_SIDE_OF_ROAD+WALKED_ON_WRONG_SIDE_OF_ROAD,OTHER_97
2599978,2,ANGLE_FRONT_TO_SIDE,-111.926306783458,33.4354383998697,2,NOT_REPORTED_255,ANGLE_FRONT_TO_SIDE,TEMPE,2012-03-12 16:35:00,UNKNOWN_99,UNKNOWN_99+NOT_APPLICABLE_MINUS_1+NOT_APPLICABLE_MINUS_1
2600059,2,ANGLE_FRONT_TO_SIDE,-112.105452986845,33.6454828350547,3,UNKNOWN_99,ANGLE_FRONT_TO_SIDE,PHOENIX,2012-01-27 18:45:00,INATTENTION_DISTRACTION,NO_IMPROPER_ACTION
2600086,2,ANGLE_FRONT_TO_SIDE,-111.978309334006,33.4677447254718,3,UNKNOWN_99,ANGLE_FRONT_TO_SIDE,PHOENIX,2012-01-05 11:52:00,OTHER_97,NO_IMPROPER_ACTION+NOT_APPLICABLE_MINUS_1
2600098,2,ANGLE_FRONT_TO_SIDE,-111.769093614526,33.3066379675812,2,T_INTERSECTION,ANGLE_FRONT_TO_SIDE,GILBERT,2012-02-21 12:30:00,INATTENTION_DISTRACTION,UNKNOWN_99
2600101,2,REAR_END,-111.764347032973,33.3501371019406,3,NOT_REPORTED_255,REAR_END,GILBERT,2012-02-28 13:29:00,NO_IMPROPER_ACTION,DISREGARDED_TRAFFIC_SIGNAL
2600110,2,LEFT_TURN,-112.237780014137,33.4869791215208,2,T_INTERSECTION,LEFT_TURN,PHOENIX,2012-01-26 17:02:00,NO_IMPROPER_ACTION,FAILED_TO_YIELD_RIGHT_OF_WAY_103
2600220,2,ANGLE_FRONT_TO_SIDE,-111.856951014888,33.4014702997554,4,NOT_AT_INTERSECTION_0,ANGLE_FRONT_TO_SIDE,MESA,2012-03-27 18:10:00,NO_IMPROPER_ACTION,NOT_APPLICABLE_MINUS_1+NOT_APPLICABLE_MINUS_1+NOT_APPLICABLE_MINUS_1+INATTENTION_DISTRACTION
2600221,2,ANGLE_FRONT_TO_SIDE,-111.872648382382,33.3930620458569,4,T_INTERSECTION,ANGLE_FRONT_TO_SIDE,MESA,2012-03-27 10:02:00,INATTENTION_DISTRACTION,INATTENTION_DISTRACTION
2600340,2,ANGLE_FRONT_TO_SIDE,-112.116911224773,33.5310175275985,1,UNKNOWN_99,ANGLE_FRONT_TO_SIDE,PHOENIX,2012-02-02 18:31:00,UNKNOWN_99,UNKNOWN_99
2600423,2,ANGLE_FRONT_TO_SIDE,-112.131775213431,33.4659415736823,1,NOT_REPORTED_255,ANGLE_FRONT_TO_SIDE,PHOENIX,2012-02-25 19:02:00,NO_IMPROPER_ACTION,RAN_STOP_SIGN
2600520,2,SIDESWIPE_SAME_DIRECTION,-111.83842198153,33.3933236908216,2,NOT_AT_INTERSECTION_0,SIDESWIPE_SAME_DIRECTION,MESA,2012-03-21 21:58:00,NO_IMPROPER_ACTION,MADE_IMPROPER_TURN+NOT_APPLICABLE_MINUS_1
2601062,2,REAR_END,-112.152050931669,35.3207752232118,4,NOT_AT_INTERSECTION_0,REAR_END,UNSPECIFIED_999,2012-03-18 19:14:00,FAILED_TO_KEEP_IN_PROPER_LANE,NOT_APPLICABLE_MINUS_1+NO_IMPROPER_ACTION
2601208,2,OTHER_97,-111.606626487743,33.4150851880188,3,T_INTERSECTION,OTHER_97,MESA,2012-02-09 15:44:00,DROVE_RODE_IN_OPPOSING_TRAFFIC_LANE,NO_IMPROPER_ACTION+NOT_APPLICABLE_MINUS_1
2601288,2,OTHER_97,-112.390192498613,33.6630272076782,2,FOUR_WAY_INTERSECTION,OTHER_97,SURPRISE,2012-03-17 08:57:00,NO_IMPROPER_ACTION,FAILED_TO_YIELD_RIGHT_OF_WAY_103
2601437,2,LEFT_TURN,-110.974947019867,32.3517237957531,1,FOUR_WAY_INTERSECTION,LEFT_TURN,ORO VALLEY,2012-03-10 22:28:00,OTHER_97,NO_IMPROPER_ACTION
2601535,2,SIDESWIPE_SAME_DIRECTION,-111.223122311523,32.3661779166057,3,NOT_AT_INTERSECTION_0,SIDESWIPE_SAME_DIRECTION,MARANA,2012-03-28 08:34:00,NO_IMPROPER_ACTION,NOT_APPLICABLE_MINUS_1+NOT_APPLICABLE_MINUS_1+NOT_APPLICABLE_MINUS_1+NOT_APPLICABLE_MINUS_1+INATTENTION_DISTRACTION
2601581,2,ANGLE_FRONT_TO_SIDE,-111.805283422638,33.4214426896449,3,T_INTERSECTION,ANGLE_FRONT_TO_SIDE,MESA,2012-02-23 10:20:00,DROVE_RODE_IN_OPPOSING_TRAFFIC_LANE,NO_IMPROPER_ACTION
2601680,2,ANGLE_FRONT_TO_SIDE,-111.856681154257,33.4076416339293,2,FOUR_WAY_INTERSECTION,ANGLE_FRONT_TO_SIDE,MESA,2012-03-29 07:47:00,DROVE_RODE_IN_OPPOSING_TRAFFIC_LANE,NO_IMPROPER_ACTION
2601797,2,ANGLE_FRONT_TO_SIDE,-112.060685106405,33.0549285132077,3,T_INTERSECTION,ANGLE_FRONT_TO_SIDE,MARICOPA,2012-03-28 05:47:00,OTHER_97,NO_IMPROPER_ACTION
2601941,2,ANGLE_FRONT_TO_SIDE,-111.003133051792,32.2892753438166,2,UNKNOWN_99,ANGLE_FRONT_TO_SIDE,UNSPECIFIED_999,2012-02-20 21:00:00,NO_IMPROPER_ACTION,DISREGARDED_TRAFFIC_SIGNAL
2602003,2,ANGLE_FRONT_TO_SIDE,-112.239693386128,33.5816624429703,2,FOUR_WAY_INTERSECTION,ANGLE_FRONT_TO_SIDE,PEORIA,2012-02-28 12:17:00,DROVE_RODE_IN_OPPOSING_TRAFFIC_LANE,NO_IMPROPER_ACTION
2602109,2,SIDESWIPE_SAME_DIRECTION,-110.995092582331,32.2881716040721,1,UNKNOWN_99,SIDESWIPE_SAME_DIRECTION,UNSPECIFIED_999,2012-02-20 17:08:00,NO_IMPROPER_ACTION,FAILED_TO_KEEP_IN_PROPER_LANE
2602170,2,LEFT_TURN,-110.961175901367,32.4244236764603,3,FOUR_WAY_INTERSECTION,LEFT_TURN,ORO VALLEY,2012-03-04 13:19:00,NO_IMPROPER_ACTION,OTHER_97
2602227,2,ANGLE_FRONT_TO_SIDE,-112.056324149614,33.5128572356581,3,FOUR_WAY_INTERSECTION,ANGLE_FRONT_TO_SIDE,PHOENIX,2012-01-26 07:40:00,FAILED_TO_YIELD_RIGHT_OF_WAY_103,NO_IMPROPER_ACTION
2602296,2,ANGLE_FRONT_TO_SIDE,-112.021796399249,33.5896164969089,3,FOUR_WAY_INTERSECTION,ANGLE_FRONT_TO_SIDE,PHOENIX,2012-01-17 08:17:00,NO_IMPROPER_ACTION,NOT_APPLICABLE_MINUS_1+FAILED_TO_YIELD_RIGHT_OF_WAY_103
2602353,2,ANGLE_FRONT_TO_SIDE,-111.800793904252,33.3888386465459,2,T_INTERSECTION,ANGLE_FRONT_TO_SIDE,MESA,2012-04-05 07:41:00,UNKNOWN_99,UNKNOWN_99
2602355,2,OTHER_97,-112.02211364809,33.6263309705938,2,T_INTERSECTION,OTHER_97,PHOENIX,2012-01-31 16:29:00,INATTENTION_DISTRACTION,INATTENTION_DISTRACTION
2602462,2,ANGLE_FRONT_TO_SIDE,-112.131359340758,33.4659497933863,3,T_INTERSECTION,ANGLE_FRONT_TO_SIDE,PHOENIX,2012-02-03 12:56:00,INATTENTION_DISTRACTION,NO_IMPROPER_ACTION
2602464,2,ANGLE_FRONT_TO_SIDE,-112.160318880342,33.4877246713509,2,UNKNOWN_99,ANGLE_FRONT_TO_SIDE,PHOENIX,2012-02-03 18:21:00,OTHER_UNSAFE_PASSING,OTHER_UNSAFE_PASSING
2602490,2,ANGLE_FRONT_TO_SIDE,-111.960578796412,33.6043721253917,3,FOUR_WAY_INTERSECTION,ANGLE_FRONT_TO_SIDE,PHOENIX,2012-02-03 15:10:00,FAILED_TO_YIELD_RIGHT_OF_WAY_103,NO_IMPROPER_ACTION
2602550,2,REAR_TO_SIDE,-111.014646866949,31.8394307370757,3,NOT_AT_INTERSECTION_0,REAR_TO_SIDE,UNSPECIFIED_999,2012-04-04 11:30:00,NO_IMPROPER_ACTION,FAILED_TO_YIELD_RIGHT_OF_WAY_103
2602594,2,OTHER_97,-111.771021461302,33.4226758545532,2,NOT_AT_INTERSECTION_0,OTHER_97,MESA,2012-04-04 11:48:00,NO_IMPROPER_ACTION,OTHER_97
2602616,2,ANGLE_FRONT_TO_SIDE,-111.870661806213,33.3930684228152,3,T_INTERSECTION,ANGLE_FRONT_TO_SIDE,MESA,2012-04-07 13:13:00,INATTENTION_DISTRACTION,NO_IMPROPER_ACTION
2602641,2,ANGLE_FRONT_TO_SIDE,-111.66636685246,35.1704926129632,3,FOUR_WAY_INTERSECTION,ANGLE_FRONT_TO_SIDE,FLAGSTAFF,2012-03-29 09:04:00,OTHER_97,NO_IMPROPER_ACTION
2602681,2,SIDESWIPE_OPPOSITE_DIRECTION,-112.554309298189,33.4397341943662,3,T_INTERSECTION,SIDESWIPE_OPPOSITE_DIRECTION,BUCKEYE,2012-03-29 17:35:00,DID_NOT_USE_CROSSWALK,UNKNOWN_99
2602923,2,ANGLE_FRONT_TO_SIDE,-112.056295860732,33.5385669932284,3,UNKNOWN_99,ANGLE_FRONT_TO_SIDE,PHOENIX,2012-02-06 15:51:00,OTHER_97,OTHER_97
2603055,2,ANGLE_FRONT_TO_SIDE,-110.994847338425,31.8997311240235,1,T_INTERSECTION,ANGLE_FRONT_TO_SIDE,SAHUARITA,2012-02-29 20:35:00,KNOWINGLY_OPERATED_WITH_FAULTY_MISSING_EQUIPMENT,NO_IMPROPER_ACTION
2603254,2,ANGLE_FRONT_TO_SIDE,-111.788313311875,33.3985612334449,4,T_INTERSECTION,ANGLE_FRONT_TO_SIDE,MESA,2012-03-02 15:01:00,DROVE_RODE_IN_OPPOSING_TRAFFIC_LANE,OTHER_97
2603263,2,ANGLE_FRONT_TO_SIDE,-111.707099924679,33.437365170459,1,FOUR_WAY_INTERSECTION,ANGLE_FRONT_TO_SIDE,MESA,2012-03-04 11:13:00,NO_IMPROPER_ACTION,NOT_APPLICABLE_MINUS_1+NOT_APPLICABLE_MINUS_1+MADE_IMPROPER_TURN
2603266,2,ANGLE_FRONT_TO_SIDE,-110.995148706451,32.2960766744842,1,T_INTERSECTION,ANGLE_FRONT_TO_SIDE,UNSPECIFIED_999,2012-02-22 21:08:00,KNOWINGLY_OPERATED_WITH_FAULTY_MISSING_EQUIPMENT,NO_IMPROPER_ACTION
2603321,2,SIDESWIPE_OPPOSITE_DIRECTION,-111.608897184143,33.3789604405365,1,NOT_AT_INTERSECTION_0,SIDESWIPE_OPPOSITE_DIRECTION,MESA,2012-03-04 12:39:00,OTHER_97,NO_IMPROPER_ACTION
2603390,2,ANGLE_FRONT_TO_SIDE,-112.358244976612,33.4498163030707,4,FOUR_WAY_INTERSECTION,ANGLE_FRONT_TO_SIDE,GOODYEAR,2012-02-27 14:01:00,NO_IMPROPER_ACTION,FAILED_TO_YIELD_RIGHT_OF_WAY_103
2603392,2,REAR_END,-112.409531022057,33.5067722428053,2,NOT_AT_INTERSECTION_0,REAR_END,GOODYEAR,2012-02-24 19:11:00,NO_IMPROPER_ACTION,SPEED_TOO_FAST_FOR_CONDITIONS
2603615,2,SIDESWIPE_SAME_DIRECTION,-112.056272275925,33.5079069506603,4,NOT_AT_INTERSECTION_0,SIDESWIPE_SAME_DIRECTION,PHOENIX,2012-02-16 17:34:00,FAILED_TO_YIELD_RIGHT_OF_WAY_103,NO_IMPROPER_ACTION
2603618,2,LEFT_TURN,-112.065026680826,33.5309722261763,3,FOUR_WAY_INTERSECTION,LEFT_TURN,PHOENIX,2012-02-16 17:52:00,NO_IMPROPER_ACTION,MADE_IMPROPER_TURN
2603649,2,ANGLE_FRONT_TO_SIDE,-111.097859087513,32.347477167452,3,T_INTERSECTION,ANGLE_FRONT_TO_SIDE,MARANA,2012-02-29 13:54:00,NO_IMPROPER_ACTION,NOT_APPLICABLE_MINUS_1+INATTENTION_DISTRACTION
2603679,2,ANGLE_FRONT_TO_SIDE,-112.15150710763,33.4877157140152,2,FOUR_WAY_INTERSECTION,ANGLE_FRONT_TO_SIDE,PHOENIX,2012-01-09 14:30:00,DROVE_RODE_IN_OPPOSING_TRAFFIC_LANE,NO_IMPROPER_ACTION
2603746,2,ANGLE_FRONT_TO_SIDE,-110.267000332661,31.5546044768512,3,FOUR_WAY_INTERSECTION,ANGLE_FRONT_TO_SIDE,SIERRA VISTA,2012-03-24 12:50:00,NO_IMPROPER_ACTION,INATTENTION_DISTRACTION
2603749,2,ANGLE_FRONT_TO_SIDE,-112.099757673612,33.6544186912559,3,FOUR_WAY_INTERSECTION,ANGLE_FRONT_TO_SIDE,PHOENIX,2012-02-15 08:36:00,UNKNOWN_99,UNKNOWN_99
2603889,2,SIDESWIPE_SAME_DIRECTION,-110.968449299186,31.9689406754814,2,NOT_AT_INTERSECTION_0,SIDESWIPE_SAME_DIRECTION,SAHUARITA,2012-04-24 07:17:00,NO_IMPROPER_ACTION,MADE_IMPROPER_TURN
2603906,2,LEFT_TURN,-110.95601004114,32.468731336566,3,FOUR_WAY_INTERSECTION,LEFT_TURN,ORO VALLEY,2012-04-18 18:10:00,NO_IMPROPER_ACTION,INATTENTION_DISTRACTION
2603952,2,SIDESWIPE_SAME_DIRECTION,-111.652817079566,35.1986358353928,3,NOT_AT_INTERSECTION_0,SIDESWIPE_SAME_DIRECTION,FLAGSTAFF,2012-04-12 17:36:00,OTHER_97,MADE_IMPROPER_TURN+NOT_APPLICABLE_MINUS_1
2604247,2,ANGLE_FRONT_TO_SIDE,-112.14304493107,33.4731964398465,3,FOUR_WAY_INTERSECTION,ANGLE_FRONT_TO_SIDE,PHOENIX,2012-02-07 19:51:00,DROVE_RODE_IN_OPPOSING_TRAFFIC_LANE,NO_IMPROPER_ACTION
2604285,2,OTHER_97,-112.12607916275,33.465943818156,2,UNKNOWN_99,OTHER_97,PHOENIX,2012-02-14 14:17:00,DID_NOT_USE_CROSSWALK,NOT_APPLICABLE_MINUS_1+NOT_APPLICABLE_MINUS_1+NO_IMPROPER_ACTION+NOT_APPLICABLE_MINUS_1
2604562,2,ANGLE_FRONT_TO_SIDE,-111.987050084556,33.4712340553605,3,UNKNOWN_99,ANGLE_FRONT_TO_SIDE,PHOENIX,2012-02-10 16:39:00,OTHER_97,INATTENTION_DISTRACTION
2604629,2,ANGLE_FRONT_TO_SIDE,-112.276066965079,33.5131151767714,2,T_INTERSECTION,ANGLE_FRONT_TO_SIDE,PHOENIX,2012-02-09 15:50:00,INATTENTION_DISTRACTION,NO_IMPROPER_ACTION
2604636,2,ANGLE_FRONT_TO_SIDE,-112.040827802175,33.4068101021574,3,UNKNOWN_99,ANGLE_FRONT_TO_SIDE,PHOENIX,2012-02-09 18:24:00,DID_NOT_USE_CROSSWALK,NO_IMPROPER_ACTION
2604696,2,SIDESWIPE_SAME_DIRECTION,-112.1333482559,33.6546408865358,2,UNKNOWN_99,SIDESWIPE_SAME_DIRECTION,PHOENIX,2012-02-02 06:29:00,UNKNOWN_99,UNKNOWN_99
2604722,4,OTHER_97,-112.358117726724,33.4652190316795,2,UNKNOWN_99,OTHER_97,GOODYEAR,2012-03-11 10:05:00,NO_IMPROPER_ACTION+NO_IMPROPER_ACTION+NO_IMPROPER_ACTION,INATTENTION_DISTRACTION+NOT_APPLICABLE_MINUS_1+NOT_APPLICABLE_MINUS_1
2604734,2,ANGLE_FRONT_TO_SIDE,-111.772999310261,33.3500706102575,4,FOUR_WAY_INTERSECTION,ANGLE_FRONT_TO_SIDE,GILBERT,2012-03-06 08:22:00,DROVE_RODE_IN_OPPOSING_TRAFFIC_LANE,INATTENTION_DISTRACTION
2604787,2,ANGLE_FRONT_TO_SIDE,-112.358244976612,33.4498163030707,2,FOUR_WAY_INTERSECTION,ANGLE_FRONT_TO_SIDE,GOODYEAR,2012-03-09 07:32:00,DISREGARDED_TRAFFIC_SIGNAL,NO_IMPROPER_ACTION
2605036,2,ANGLE_FRONT_TO_SIDE,-112.111251335821,33.581978124676,2,UNKNOWN_99,ANGLE_FRONT_TO_SIDE,PHOENIX,2012-01-12 12:21:00,OTHER_97,NO_IMPROPER_ACTION
2605038,2,OTHER_97,-112.004220985066,33.4657152549671,2,FOUR_WAY_INTERSECTION,OTHER_97,PHOENIX,2012-02-07 19:04:00,UNKNOWN_99,NOT_APPLICABLE_MINUS_1+NO_IMPROPER_ACTION+NOT_APPLICABLE_MINUS_1
2605120,2,ANGLE_FRONT_TO_SIDE,-111.996339947826,33.3052036782457,2,UNKNOWN_99,ANGLE_FRONT_TO_SIDE,PHOENIX,2012-02-15 18:16:00,NO_IMPROPER_ACTION,OTHER_97
2605131,2,ANGLE_FRONT_TO_SIDE,-112.220704957409,33.4756422000843,3,UNKNOWN_99,ANGLE_FRONT_TO_SIDE,PHOENIX,2012-02-19 02:23:00,NO_IMPROPER_ACTION,NOT_APPLICABLE_MINUS_1+FAILED_TO_YIELD_RIGHT_OF_WAY_103+NOT_APPLICABLE_MINUS_1
2605153,2,OTHER_97,-112.04769069311,33.4656137925828,2,FOUR_WAY_INTERSECTION,OTHER_97,PHOENIX,2012-02-19 16:44:00,OTHER_97,NO_IMPROPER_ACTION
2605183,2,OTHER_97,-112.030385229043,33.5057277284338,3,T_INTERSECTION,OTHER_97,PHOENIX,2012-02-20 12:22:00,NO_IMPROPER_ACTION,FAILED_TO_YIELD_RIGHT_OF_WAY_103