IncidentID,num_vehicles_involved,eCollisionManner,Longitude,Latitude,InjurySeverity,eIntersectionType,eCollisionManner,city_name,IncidentDateTime,cyclist_citations,driver_citations
2627614,2,ANGLE_FRONT_TO_SIDE,-111.898489192384,33.4074923031158,3,NOT_REPORTED_255,ANGLE_FRONT_TO_SIDE,TEMPE,2012-05-17 18:01:00,DROVE_RODE_IN_OPPOSING_TRAFFIC_LANE,NO_IMPROPER_ACTION
2627630,2,ANGLE_FRONT_TO_SIDE,-111.944072708466,33.3782122043593,1,UNKNOWN_99,ANGLE_FRONT_TO_SIDE,TEMPE,2012-05-08 18:08:00,DROVE_RODE_IN_OPPOSING_TRAFFIC_LANE,INATTENTION_DISTRACTION
2627685,2,ANGLE_FRONT_TO_SIDE,-111.926274003014,33.435438723145,3,INTERSECTION_AS_PART_OF_INTERCHANGE,ANGLE_FRONT_TO_SIDE,TEMPE,2012-05-17 09:29:00,DROVE_RODE_IN_OPPOSING_TRAFFIC_LANE,NO_IMPROPER_ACTION
2627730,2,ANGLE_FRONT_TO_SIDE,-111.738036994067,33.415488643155,3,FOUR_WAY_INTERSECTION,ANGLE_FRONT_TO_SIDE,MESA,2012-07-03 15:16:00,DROVE_RODE_IN_OPPOSING_TRAFFIC_LANE,OTHER_97
2627812,2,ANGLE_FRONT_TO_SIDE,-112.041087748306,33.4947615043209,3,T_INTERSECTION,ANGLE_FRONT_TO_SIDE,PHOENIX,2012-05-09 11:43:00,OTHER_97,NO_IMPROPER_ACTION
2627816,3,OTHER_97,-112.082549747379,33.5603371895328,3,FOUR_WAY_INTERSECTION,OTHER_97,PHOENIX,2012-05-09 12:50:00,DISREGARDED_TRAFFIC_SIGNAL+DISREGARDED_TRAFFIC_SIGNAL,NO_IMPROPER_ACTION
2627911,2,LEFT_TURN,-112.103201333088,33.4806447432203,2,UNKNOWN_99,LEFT_TURN,PHOENIX,2012-05-02 14:26:00,NO_IMPROPER_ACTION,INATTENTION_DISTRACTION
2627986,2,LEFT_TURN,-111.772921580186,33.3355917837583,1,FOUR_WAY_INTERSECTION,LEFT_TURN,GILBERT,2012-07-07 19:16:00,NO_IMPROPER_ACTION,OTHER_97+NOT_APPLICABLE_MINUS_1+NOT_APPLICABLE_MINUS_1
2628083,2,ANGLE_FRONT_TO_SIDE,-112.126733590768,33.4804321938632,3,NOT_AT_INTERSECTION_0,ANGLE_FRONT_TO_SIDE,PHOENIX,2012-06-06 09:14:00,INATTENTION_DISTRACTION,NO_IMPROPER_ACTION
2628148,2,OTHER_97,-111.789657463879,33.2902552390068,2,T_INTERSECTION,OTHER_97,UNSPECIFIED_999,2012-05-21 21:42:00,DROVE_RODE_IN_OPPOSING_TRAFFIC_LANE,UNKNOWN_99
2628204,2,ANGLE_FRONT_TO_SIDE,-112.065095585936,33.4675344568043,2,T_INTERSECTION,ANGLE_FRONT_TO_SIDE,PHOENIX,2012-05-18 18:03:00,DROVE_RODE_IN_OPPOSING_TRAFFIC_LANE,INATTENTION_DISTRACTION
2628219,2,SIDESWIPE_SAME_DIRECTION,-112.056589524758,33.4657298271163,1,UNKNOWN_99,SIDESWIPE_SAME_DIRECTION,PHOENIX,2012-05-10 17:34:00,FAILED_TO_YIELD_RIGHT_OF_WAY_103,NO_IMPROPER_ACTION
2628380,2,ANGLE_FRONT_TO_SIDE,-112.073028474827,33.4586883349449,1,UNKNOWN_99,ANGLE_FRONT_TO_SIDE,PHOENIX,2012-05-30 18:25:00,NO_IMPROPER_ACTION,UNKNOWN_99
2628421,2,OTHER_97,-112.108495213859,33.4951591865795,2,FOUR_WAY_INTERSECTION,OTHER_97,PHOENIX,2012-06-10 02:45:00,OTHER_97,NO_IMPROPER_ACTION
2628542,2,ANGLE_FRONT_TO_SIDE,0,0,1,FOUR_WAY_INTERSECTION,ANGLE_FRONT_TO_SIDE,SIERRA VISTA,2012-05-25 12:41:00,RAN_STOP_SIGN,NO_IMPROPER_ACTION
2628564,2,ANGLE_FRONT_TO_SIDE,-110.265877079832,31.4971611909926,3,FOUR_WAY_INTERSECTION,ANGLE_FRONT_TO_SIDE,SIERRA VISTA,2012-05-21 08:30:00,NO_IMPROPER_ACTION,INATTENTION_DISTRACTION
2628572,2,ANGLE_FRONT_TO_SIDE,-112.074408709503,33.5677342599938,3,NOT_AT_INTERSECTION_0,ANGLE_FRONT_TO_SIDE,PHOENIX,2012-05-31 07:09:00,INATTENTION_DISTRACTION,INATTENTION_DISTRACTION
2628580,2,LEFT_TURN,-112.255259068669,33.4650446734988,3,FOUR_WAY_INTERSECTION,LEFT_TURN,TOLLESON,2012-06-05 05:59:00,NO_IMPROPER_ACTION,FAILED_TO_YIELD_RIGHT_OF_WAY_103
2628621,2,ANGLE_FRONT_TO_SIDE,-112.012984070939,33.4933848687967,2,T_INTERSECTION,ANGLE_FRONT_TO_SIDE,PHOENIX,2012-06-13 15:30:00,NO_IMPROPER_ACTION,INATTENTION_DISTRACTION
2628700,2,OTHER_97,0,0,3,T_INTERSECTION,OTHER_97,UNSPECIFIED_999,2012-05-26 10:47:00,INATTENTION_DISTRACTION,NO_IMPROPER_ACTION
2628706,2,OTHER_97,-112.04315545109,33.5098724097824,3,UNKNOWN_99,OTHER_97,PHOENIX,2012-03-27 09:56:00,INATTENTION_DISTRACTION,INATTENTION_DISTRACTION
2628780,2,SIDESWIPE_SAME_DIRECTION,-112.316845732362,34.6096975841481,3,T_INTERSECTION,SIDESWIPE_SAME_DIRECTION,PRESCOTT VALLEY,2012-05-21 20:43:00,UNKNOWN_99,UNKNOWN_99
2628808,2,LEFT_TURN,-111.674851807635,33.4462423238794,2,T_INTERSECTION,LEFT_TURN,MESA,2012-06-07 12:03:00,NO_IMPROPER_ACTION,MADE_IMPROPER_TURN
2628822,3,ANGLE_FRONT_TO_SIDE,-111.848750322151,33.3787764746283,3,FOUR_WAY_INTERSECTION,ANGLE_FRONT_TO_SIDE,MESA,2012-06-08 11:18:00,NO_IMPROPER_ACTION,NO_IMPROPER_ACTION+DISREGARDED_TRAFFIC_SIGNAL
2628880,2,OTHER_97,-110.831713535991,32.2013042659021,4,T_INTERSECTION,OTHER_97,TUCSON,2012-03-01 20:28:00,OTHER_97,FAILED_TO_YIELD_RIGHT_OF_WAY_103+NOT_APPLICABLE_MINUS_1
2628922,2,UNKNOWN_99,-112.012877775345,33.465737096942,2,FOUR_WAY_INTERSECTION,UNKNOWN_99,PHOENIX,2012-05-11 21:05:00,NO_IMPROPER_ACTION,INATTENTION_DISTRACTION
2628935,2,REAR_END,-112.294312429716,33.5007094195334,4,UNKNOWN_99,REAR_END,PHOENIX,2012-05-30 12:10:00,INATTENTION_DISTRACTION,NOT_APPLICABLE_MINUS_1+NOT_APPLICABLE_MINUS_1+NO_IMPROPER_ACTION+NOT_APPLICABLE_MINUS_1
2628997,2,OTHER_97,-112.121181677428,33.5677337617866,3,UNKNOWN_99,OTHER_97,PHOENIX,2012-05-17 10:34:00,OTHER_97,INATTENTION_DISTRACTION
2629017,2,OTHER_97,-111.89360038142,33.3058604511275,4,FOUR_WAY_INTERSECTION,OTHER_97,CHANDLER,2012-04-28 14:58:00,DROVE_RODE_IN_OPPOSING_TRAFFIC_LANE,NO_IMPROPER_ACTION
2629174,2,ANGLE_FRONT_TO_SIDE,-111.927530110003,33.3782480790851,3,NOT_REPORTED_255,ANGLE_FRONT_TO_SIDE,TEMPE,2012-06-28 13:02:00,DROVE_RODE_IN_OPPOSING_TRAFFIC_LANE,NO_IMPROPER_ACTION
2629220,2,ANGLE_FRONT_TO_SIDE,-111.928538371181,33.3527393817394,2,T_INTERSECTION,ANGLE_FRONT_TO_SIDE,TEMPE,2012-06-16 13:19:00,DROVE_RODE_IN_OPPOSING_TRAFFIC_LANE,NO_IMPROPER_ACTION
2629363,2,OTHER_97,-110.883855522819,32.2253066656673,2,UNKNOWN_99,OTHER_97,TUCSON,2012-03-08 07:00:00,NO_IMPROPER_ACTION,UNKNOWN_99
2629376,2,OTHER_97,-110.943981759697,32.2426739647972,3,FOUR_WAY_INTERSECTION,OTHER_97,TUCSON,2012-03-08 08:03:00,NO_IMPROPER_ACTION,FAILED_TO_YIELD_RIGHT_OF_WAY_103
2629484,4,OTHER_97,-110.924196178831,32.4892833260002,3,NOT_AT_INTERSECTION_0,OTHER_97,UNSPECIFIED_999,2012-07-14 06:54:00,NO_IMPROPER_ACTION+NO_IMPROPER_ACTION+NO_IMPROPER_ACTION,SPEED_TOO_FAST_FOR_CONDITIONS
2629607,2,OTHER_97,-110.892696832729,32.2506386287814,3,FOUR_WAY_INTERSECTION,OTHER_97,TUCSON,2012-03-15 11:39:00,DISREGARDED_TRAFFIC_SIGNAL,NO_IMPROPER_ACTION
2629618,2,ANGLE_FRONT_TO_SIDE,-111.933167462336,33.4219689405416,3,UNKNOWN_99,ANGLE_FRONT_TO_SIDE,TEMPE,2012-06-12 13:20:00,OTHER_97,NO_IMPROPER_ACTION
2629646,2,OTHER_97,-110.965413746504,32.2084157315992,1,UNKNOWN_99,OTHER_97,TUCSON,2012-03-17 18:27:00,NO_IMPROPER_ACTION,FAILED_TO_YIELD_RIGHT_OF_WAY_103
2629650,2,OTHER_97,-110.94237934711,32.2209314864887,3,UNKNOWN_99,OTHER_97,TUCSON,2012-03-18 01:48:00,UNKNOWN_99,UNKNOWN_99
2629671,2,OTHER_97,-110.976365980491,32.1632513841613,3,FOUR_WAY_INTERSECTION,OTHER_97,TUCSON,2012-03-14 19:25:00,UNKNOWN_99,UNKNOWN_99
2629674,2,OTHER_97,-110.960666048406,32.2648131518652,4,UNKNOWN_99,OTHER_97,TUCSON,2012-03-14 11:13:00,FAILED_TO_YIELD_RIGHT_OF_WAY_103,NO_IMPROPER_ACTION
2629740,2,OTHER_97,-110.919643919301,32.2215871300645,2,UNKNOWN_99,OTHER_97,TUCSON,2012-03-23 08:55:00,NO_IMPROPER_ACTION,FAILED_TO_YIELD_RIGHT_OF_WAY_103
2629801,2,OTHER_97,-111.008362116137,32.1472329369403,3,UNKNOWN_99,OTHER_97,TUCSON,2012-03-26 18:08:00,NO_IMPROPER_ACTION,FAILED_TO_YIELD_RIGHT_OF_WAY_103
2629807,2,OTHER_97,-110.892632417119,32.2434089575364,2,FOUR_WAY_INTERSECTION,OTHER_97,TUCSON,2012-03-26 10:03:00,NO_IMPROPER_ACTION,INATTENTION_DISTRACTION
2629813,2,OTHER_97,-110.768497838524,32.1439840865661,3,T_INTERSECTION,OTHER_97,TUCSON,2012-03-26 17:49:00,NO_IMPROPER_ACTION,FAILED_TO_YIELD_RIGHT_OF_WAY_103
2629824,2,SIDESWIPE_SAME_DIRECTION,-112.035417989868,33.4657769597245,1,NOT_AT_INTERSECTION_0,SIDESWIPE_SAME_DIRECTION,PHOENIX,2012-05-14 08:51:00,INATTENTION_DISTRACTION,NOT_APPLICABLE_MINUS_1+NOT_APPLICABLE_MINUS_1+NOT_APPLICABLE_MINUS_1+INATTENTION_DISTRACTION
2629849,2,OTHER_97,-110.959450182792,32.2316898781703,4,FOUR_WAY_INTERSECTION,OTHER_97,TUCSON,2012-03-27 17:39:00,NO_IMPROPER_ACTION,FAILED_TO_YIELD_RIGHT_OF_WAY_103+NOT_APPLICABLE_MINUS_1
2629920,2,OTHER_97,0,0,1,NOT_REPORTED_255,OTHER_97,PAYSON,2012-05-18 22:03:00,DID_NOT_USE_CROSSWALK,NO_IMPROPER_ACTION
2629928,2,OTHER_97,-110.854007607428,32.1919658738397,3,UNKNOWN_99,OTHER_97,TUCSON,2012-03-30 06:52:00,NO_IMPROPER_ACTION,FAILED_TO_YIELD_RIGHT_OF_WAY_103
2629929,2,ANGLE_FRONT_TO_SIDE,-111.613500037982,35.2077269520382,2,T_INTERSECTION,ANGLE_FRONT_TO_SIDE,FLAGSTAFF,2012-06-14 16:41:00,DROVE_RODE_IN_OPPOSING_TRAFFIC_LANE,FAILED_TO_YIELD_RIGHT_OF_WAY_103
2629939,2,OTHER_97,-110.823808586169,32.2281295946156,3,FOUR_WAY_INTERSECTION,OTHER_97,TUCSON,2012-03-30 16:54:00,DISREGARDED_TRAFFIC_SIGNAL,NO_IMPROPER_ACTION
2629976,2,ANGLE_FRONT_TO_SIDE,-111.936633295993,33.3638282901341,2,T_INTERSECTION,ANGLE_FRONT_TO_SIDE,TEMPE,2012-06-12 07:50:00,DROVE_RODE_IN_OPPOSING_TRAFFIC_LANE,NO_IMPROPER_ACTION
2629990,2,ANGLE_FRONT_TO_SIDE,-111.967056029448,33.4219422335906,2,UNKNOWN_99,ANGLE_FRONT_TO_SIDE,TEMPE,2012-04-30 07:09:00,OTHER_97,NO_IMPROPER_ACTION
2630003,2,LEFT_TURN,-111.940003431612,33.4243422382834,3,FOUR_WAY_INTERSECTION,LEFT_TURN,TEMPE,2012-04-26 20:25:00,NO_IMPROPER_ACTION,MADE_IMPROPER_TURN
2630035,2,HEAD_ON,-111.748003406484,33.3647362963242,2,NOT_AT_INTERSECTION_0,HEAD_ON,GILBERT,2012-06-13 18:31:00,INATTENTION_DISTRACTION,NO_IMPROPER_ACTION
2630055,2,ANGLE_FRONT_TO_SIDE,-111.909117533517,33.3958899427834,1,UNKNOWN_99,ANGLE_FRONT_TO_SIDE,TEMPE,2012-06-07 11:38:00,OTHER_97,UNKNOWN_99
2630097,2,ANGLE_FRONT_TO_SIDE,-111.977812766718,33.6255336827646,3,UNKNOWN_99,ANGLE_FRONT_TO_SIDE,PHOENIX,2012-05-19 02:15:00,NO_IMPROPER_ACTION,OTHER_97
2630176,2,ANGLE_FRONT_TO_SIDE,-112.082523316324,33.4409190316117,1,FOUR_WAY_INTERSECTION,ANGLE_FRONT_TO_SIDE,PHOENIX,2012-04-23 06:44:00,UNKNOWN_99,UNKNOWN_99
2630247,2,REAR_END,-111.978749148153,33.4474058286133,2,UNKNOWN_99,REAR_END,PHOENIX,2012-05-12 00:55:00,NO_IMPROPER_ACTION,FAILED_TO_KEEP_IN_PROPER_LANE
2630266,2,ANGLE_FRONT_TO_SIDE,-112.099716570648,33.6474215993974,2,FOUR_WAY_INTERSECTION,ANGLE_FRONT_TO_SIDE,PHOENIX,2012-05-05 17:09:00,INATTENTION_DISTRACTION,NOT_APPLICABLE_MINUS_1+NO_IMPROPER_ACTION
2630369,2,ANGLE_FRONT_TO_SIDE,-111.714016722816,33.6066869999473,2,FOUR_WAY_INTERSECTION,ANGLE_FRONT_TO_SIDE,FOUNTAIN HILLS,2012-05-12 17:16:00,DISREGARDED_TRAFFIC_SIGNAL,NO_IMPROPER_ACTION
2630454,2,ANGLE_FRONT_TO_SIDE,-112.151693773184,33.4637603240181,3,T_INTERSECTION,ANGLE_FRONT_TO_SIDE,PHOENIX,2012-05-07 08:51:00,INATTENTION_DISTRACTION,NO_IMPROPER_ACTION+NOT_APPLICABLE_MINUS_1
2630462,2,ANGLE_FRONT_TO_SIDE,-112.068658519933,33.4421790702943,3,T_INTERSECTION,ANGLE_FRONT_TO_SIDE,PHOENIX,2012-05-07 13:00:00,DISREGARDED_TRAFFIC_SIGNAL,NO_IMPROPER_ACTION
2630502,2,ANGLE_FRONT_TO_SIDE,-112.009662518181,33.6263272180223,2,T_INTERSECTION,ANGLE_FRONT_TO_SIDE,PHOENIX,2012-05-12 08:12:00,OTHER_97,NO_IMPROPER_ACTION
2630518,2,ANGLE_FRONT_TO_SIDE,-112.02483729168,33.4657704381466,3,T_INTERSECTION,ANGLE_FRONT_TO_SIDE,PHOENIX,2012-05-15 08:35:00,OTHER_97,NOT_APPLICABLE_MINUS_1+NO_IMPROPER_ACTION
2630620,2,SIDESWIPE_OPPOSITE_DIRECTION,-109.71604887407,32.8344719686543,1,FOUR_WAY_INTERSECTION,SIDESWIPE_OPPOSITE_DIRECTION,SAFFORD,2012-06-12 19:01:00,DISREGARDED_TRAFFIC_SIGNAL,NO_IMPROPER_ACTION
2630629,2,OTHER_97,-111.645815359815,35.1925545615921,3,T_INTERSECTION,OTHER_97,FLAGSTAFF,2012-06-17 17:37:00,NO_IMPROPER_ACTION,UNSAFE_LANE_CHANGE
2630682,2,ANGLE_FRONT_TO_SIDE,-111.886260342106,33.5692955700732,2,T_INTERSECTION,ANGLE_FRONT_TO_SIDE,SCOTTSDALE,2012-02-29 13:44:00,DROVE_RODE_IN_OPPOSING_TRAFFIC_LANE,UNKNOWN_99
2630706,2,ANGLE_FRONT_TO_SIDE,-111.926398115912,33.4548704405287,3,T_INTERSECTION,ANGLE_FRONT_TO_SIDE,SCOTTSDALE,2012-03-16 21:01:00,DID_NOT_USE_CROSSWALK,NO_IMPROPER_ACTION
2630709,2,ANGLE_FRONT_TO_SIDE,-111.961030262768,33.4453012476053,3,FOUR_WAY_INTERSECTION,ANGLE_FRONT_TO_SIDE,TEMPE,2012-03-27 17:05:00,OTHER_97,NO_IMPROPER_ACTION
2630713,2,OTHER_97,-111.909120222631,33.4148869096092,2,FOUR_WAY_INTERSECTION,OTHER_97,TEMPE,2012-03-16 09:30:00,NO_IMPROPER_ACTION,OTHER_97
2630719,2,LEFT_TURN,-111.917685157978,33.4080894331383,2,UNKNOWN_99,LEFT_TURN,TEMPE,2012-03-03 18:53:00,FAILED_TO_YIELD_RIGHT_OF_WAY_103,KNOWINGLY_OPERATED_WITH_FAULTY_MISSING_EQUIPMENT
2630720,2,ANGLE_FRONT_TO_SIDE,-111.947256704287,33.4146415556476,2,T_INTERSECTION,ANGLE_FRONT_TO_SIDE,TEMPE,2012-03-16 19:19:00,NO_IMPROPER_ACTION,FAILED_TO_YIELD_RIGHT_OF_WAY_103
2630768,2,ANGLE_FRONT_TO_SIDE,-112.138701898802,33.8497471308342,1,T_INTERSECTION,ANGLE_FRONT_TO_SIDE,UNSPECIFIED_999,2012-02-03 08:07:00,INATTENTION_DISTRACTION,INATTENTION_DISTRACTION
2630862,2,ANGLE_FRONT_TO_SIDE,-111.939765509705,33.4046637175888,3,T_INTERSECTION,ANGLE_FRONT_TO_SIDE,TEMPE,2012-04-10 09:50:00,DROVE_RODE_IN_OPPOSING_TRAFFIC_LANE,NO_IMPROPER_ACTION
2630879,3,ANGLE_FRONT_TO_SIDE,-111.926315994823,33.3944112192405,2,UNKNOWN_99,ANGLE_FRONT_TO_SIDE,TEMPE,2012-04-06 14:52:00,NO_IMPROPER_ACTION,NO_IMPROPER_ACTION+NOT_APPLICABLE_MINUS_1+OTHER_97
2630894,2,LEFT_TURN,-111.942061138524,33.421928956849,3,FOUR_WAY_INTERSECTION,LEFT_TURN,TEMPE,2012-04-27 19:00:00,DROVE_RODE_IN_OPPOSING_TRAFFIC_LANE,NO_IMPROPER_ACTION
2630908,2,ANGLE_FRONT_TO_SIDE,-112.111752546938,33.5240916040675,2,FOUR_WAY_INTERSECTION,ANGLE_FRONT_TO_SIDE,PHOENIX,2012-06-15 15:43:00,OTHER_97,NO_IMPROPER_ACTION
2630914,2,SIDESWIPE_SAME_DIRECTION,-111.989010063604,33.3010949515706,3,UNKNOWN_99,SIDESWIPE_SAME_DIRECTION,PHOENIX,2012-06-15 12:15:00,INATTENTION_DISTRACTION,NO_IMPROPER_ACTION
2630933,2,ANGLE_FRONT_TO_SIDE,-112.117199536175,33.422477071335,1,FOUR_WAY_INTERSECTION,ANGLE_FRONT_TO_SIDE,PHOENIX,2012-06-11 12:56:00,OTHER_97,NO_IMPROPER_ACTION+NOT_APPLICABLE_MINUS_1
2630941,2,ANGLE_FRONT_TO_SIDE,-111.928459117331,33.3673853946279,2,FOUR_WAY_INTERSECTION,ANGLE_FRONT_TO_SIDE,TEMPE,2012-04-17 07:55:00,OTHER_97,NO_IMPROPER_ACTION
2631002,2,ANGLE_FRONT_TO_SIDE,-111.939401568671,33.3906950974767,3,T_INTERSECTION,ANGLE_FRONT_TO_SIDE,TEMPE,2012-04-19 15:47:00,DROVE_RODE_IN_OPPOSING_TRAFFIC_LANE,NO_IMPROPER_ACTION
2631009,2,ANGLE_FRONT_TO_SIDE,-112.12557525471,33.5022827409259,4,UNKNOWN_99,ANGLE_FRONT_TO_SIDE,PHOENIX,2012-06-06 11:29:00,FAILED_TO_YIELD_RIGHT_OF_WAY_103,NO_IMPROPER_ACTION+NOT_APPLICABLE_MINUS_1+NOT_APPLICABLE_MINUS_1+NOT_APPLICABLE_MINUS_1+NOT_APPLICABLE_MINUS_1+NOT_APPLICABLE_MINUS_1
2631014,2,ANGLE_FRONT_TO_SIDE,-112.213498521722,33.4802507442588,3,FOUR_WAY_INTERSECTION,ANGLE_FRONT_TO_SIDE,PHOENIX,2012-05-31 09:19:00,DROVE_RODE_IN_OPPOSING_TRAFFIC_LANE,NO_IMPROPER_ACTION
2631025,2,ANGLE_FRONT_TO_SIDE,-112.047656948462,33.4874303382717,1,FOUR_WAY_INTERSECTION,ANGLE_FRONT_TO_SIDE,PHOENIX,2012-01-24 08:00:00,NO_IMPROPER_ACTION,UNKNOWN_99
2631136,4,REAR_END,-111.640184964955,33.4659573037711,4,T_INTERSECTION,REAR_END,UNSPECIFIED_999,2012-04-07 08:12:00,NO_IMPROPER_ACTION+NO_IMPROPER_ACTION+NO_IMPROPER_ACTION,FAILED_TO_KEEP_IN_PROPER_LANE
2631141,2,ANGLE_FRONT_TO_SIDE,-111.888494972986,33.4075187189996,3,UNKNOWN_99,ANGLE_FRONT_TO_SIDE,TEMPE,2012-05-02 08:35:00,OTHER_97,NO_IMPROPER_ACTION
2631158,2,ANGLE_FRONT_TO_SIDE,-111.909112857323,33.4069468164646,2,UNKNOWN_99,ANGLE_FRONT_TO_SIDE,TEMPE,2012-05-03 12:20:00,OTHER_97,NO_IMPROPER_ACTION
2631249,2,ANGLE_FRONT_TO_SIDE,-111.820483226903,33.4077865062701,3,FOUR_WAY_INTERSECTION,ANGLE_FRONT_TO_SIDE,MESA,2012-07-13 19:45:00,UNKNOWN_99,NO_IMPROPER_ACTION+NOT_APPLICABLE_MINUS_1+NOT_APPLICABLE_MINUS_1+NOT_APPLICABLE_MINUS_1
2631271,2,ANGLE_FRONT_TO_SIDE,-111.859711937631,33.3798285270951,3,FOUR_WAY_INTERSECTION,ANGLE_FRONT_TO_SIDE,MESA,2012-07-13 12:29:00,OTHER_97,NO_IMPROPER_ACTION
2631273,2,ANGLE_FRONT_TO_SIDE,-111.645517949518,35.1974473585303,2,FOUR_WAY_INTERSECTION,ANGLE_FRONT_TO_SIDE,FLAGSTAFF,2012-07-03 20:34:00,RAN_STOP_SIGN,NO_IMPROPER_ACTION+NOT_APPLICABLE_MINUS_1
2631284,2,ANGLE_FRONT_TO_SIDE,-111.73555048043,33.4372665145244,3,UNKNOWN_99,ANGLE_FRONT_TO_SIDE,MESA,2012-07-12 20:53:00,DROVE_RODE_IN_OPPOSING_TRAFFIC_LANE,NO_IMPROPER_ACTION
2631558,2,ANGLE_FRONT_TO_SIDE,-111.614667269848,35.2076667979638,1,FOUR_WAY_INTERSECTION,ANGLE_FRONT_TO_SIDE,FLAGSTAFF,2012-07-20 18:50:00,MADE_IMPROPER_TURN,NO_IMPROPER_ACTION
2631593,2,ANGLE_FRONT_TO_SIDE,-112.012912442154,33.4731101915535,3,FOUR_WAY_INTERSECTION,ANGLE_FRONT_TO_SIDE,PHOENIX,2012-06-13 22:00:00,NO_IMPROPER_ACTION,UNKNOWN_99
2631606,2,ANGLE_FRONT_TO_SIDE,-111.840059648813,33.393329768029,3,FOUR_WAY_INTERSECTION,ANGLE_FRONT_TO_SIDE,MESA,2012-07-19 07:14:00,NO_IMPROPER_ACTION,MADE_IMPROPER_TURN
2631609,2,ANGLE_FRONT_TO_SIDE,-111.745595151354,33.4154673332559,2,FOUR_WAY_INTERSECTION,ANGLE_FRONT_TO_SIDE,MESA,2012-07-19 07:47:00,KNOWINGLY_OPERATED_WITH_FAULTY_MISSING_EQUIPMENT,NO_IMPROPER_ACTION
2631611,2,ANGLE_FRONT_TO_SIDE,-111.739981302994,32.8938522156484,1,FOUR_WAY_INTERSECTION,ANGLE_FRONT_TO_SIDE,CASA GRANDE,2012-07-03 17:51:00,DROVE_RODE_IN_OPPOSING_TRAFFIC_LANE,NO_IMPROPER_ACTION
2631614,2,ANGLE_FRONT_TO_SIDE,-112.004206065922,33.4812598248307,1,UNKNOWN_99,ANGLE_FRONT_TO_SIDE,PHOENIX,2012-06-14 17:30:00,NO_IMPROPER_ACTION,INATTENTION_DISTRACTION
2631622,2,ANGLE_FRONT_TO_SIDE,-111.822872873064,33.4223713531999,2,FOUR_WAY_INTERSECTION,ANGLE_FRONT_TO_SIDE,MESA,2012-07-16 18:49:00,DISREGARDED_TRAFFIC_SIGNAL,INATTENTION_DISTRACTION
2631644,2,REAR_END,-112.065353979958,33.4421693344316,3,FOUR_WAY_INTERSECTION,REAR_END,PHOENIX,2012-06-16 09:54:00,NO_IMPROPER_ACTION,SPEED_TOO_FAST_FOR_CONDITIONS
2631649,2,ANGLE_FRONT_TO_SIDE,-111.893473859077,33.3638854463153,3,FOUR_WAY_INTERSECTION,ANGLE_FRONT_TO_SIDE,TEMPE,2012-07-19 14:20:00,UNKNOWN_99,UNKNOWN_99
2631673,2,ANGLE_FRONT_TO_SIDE,-111.874584184402,33.3995057149648,3,UNKNOWN_99,ANGLE_FRONT_TO_SIDE,MESA,2012-07-21 05:57:00,DROVE_RODE_IN_OPPOSING_TRAFFIC_LANE,NO_IMPROPER_ACTION
2631676,2,HEAD_ON,-111.874369873937,33.4226817723854,3,UNKNOWN_99,HEAD_ON,MESA,2012-07-21 12:09:00,INATTENTION_DISTRACTION,NOT_APPLICABLE_MINUS_1+INATTENTION_DISTRACTION
2631693,2,ANGLE_FRONT_TO_SIDE,-111.832912721398,33.4349548449525,3,UNKNOWN_99,ANGLE_FRONT_TO_SIDE,MESA,2012-07-15 14:53:00,UNKNOWN_99,NO_IMPROPER_ACTION
2631714,2,ANGLE_FRONT_TO_SIDE,-112.083259767109,33.4889112336019,2,UNKNOWN_99,ANGLE_FRONT_TO_SIDE,PHOENIX,2012-05-09 13:45:00,OTHER_97,NO_IMPROPER_ACTION
2631789,2,ANGLE_FRONT_TO_SIDE,-112.14290985581,33.5467831160939,3,T_INTERSECTION,ANGLE_FRONT_TO_SIDE,PHOENIX,2012-05-02 13:56:00,OTHER_97,NO_IMPROPER_ACTION+NOT_APPLICABLE_MINUS_1
2631803,2,OTHER_97,-112.151296306888,33.6251349143249,3,NOT_AT_INTERSECTION_0,OTHER_97,PHOENIX,2012-06-18 07:21:00,OTHER_97,NOT_APPLICABLE_MINUS_1+INATTENTION_DISTRACTION+NOT_APPLICABLE_MINUS_1
2631806,2,HEAD_ON,-112.040168298317,33.6076532862729,3,T_INTERSECTION,HEAD_ON,PHOENIX,2012-05-14 14:44:00,INATTENTION_DISTRACTION,NO_IMPROPER_ACTION
2631834,2,ANGLE_FRONT_TO_SIDE,-112.073659603669,33.5310410460592,2,FOUR_WAY_INTERSECTION,ANGLE_FRONT_TO_SIDE,PHOENIX,2012-05-16 18:15:00,DROVE_RODE_IN_OPPOSING_TRAFFIC_LANE,NO_IMPROPER_ACTION
2631851,2,UNKNOWN_99,-111.972124120855,33.4655780926192,2,UNKNOWN_99,UNKNOWN_99,PHOENIX,2012-06-04 12:16:00,NO_IMPROPER_ACTION,FAILED_TO_YIELD_RIGHT_OF_WAY_103
2631958,2,OTHER_97,-111.663054700784,35.178988532156,3,FOUR_WAY_INTERSECTION,OTHER_97,FLAGSTAFF,2012-07-04 13:01:00,DISREGARDED_TRAFFIC_SIGNAL,NO_IMPROPER_ACTION+NOT_APPLICABLE_MINUS_1