IncidentID,num_vehicles_involved,eCollisionManner,Longitude,Latitude,InjurySeverity,eIntersectionType,eCollisionManner,city_name,IncidentDateTime,cyclist_citations,driver_citations
2638143,2,ANGLE_FRONT_TO_SIDE,-111.639966445862,35.2106702029347,1,FOUR_WAY_INTERSECTION,ANGLE_FRONT_TO_SIDE,FLAGSTAFF,2012-08-09 15:21:00,DROVE_RODE_IN_OPPOSING_TRAFFIC_LANE,NO_IMPROPER_ACTION
2638258,2,ANGLE_FRONT_TO_SIDE,-111.699726696339,33.3215674438885,2,FOUR_WAY_INTERSECTION,ANGLE_FRONT_TO_SIDE,GILBERT,2012-07-27 20:18:00,FAILED_TO_YIELD_RIGHT_OF_WAY_103,NOT_APPLICABLE_MINUS_1+NO_IMPROPER_ACTION
2638517,2,ANGLE_FRONT_TO_SIDE,-111.605321058512,35.210519858618,3,FOUR_WAY_INTERSECTION,ANGLE_FRONT_TO_SIDE,FLAGSTAFF,2012-07-17 18:16:00,DROVE_RODE_IN_OPPOSING_TRAFFIC_LANE,FAILED_TO_YIELD_RIGHT_OF_WAY_103
2638532,2,ANGLE_FRONT_TO_SIDE,-111.912615912097,33.414756595742,1,UNKNOWN_99,ANGLE_FRONT_TO_SIDE,TEMPE,2012-06-18 23:30:00,DROVE_RODE_IN_OPPOSING_TRAFFIC_LANE,FAILED_TO_YIELD_RIGHT_OF_WAY_103
2638550,2,ANGLE_FRONT_TO_SIDE,-111.909707323312,33.4364512429223,1,T_INTERSECTION,ANGLE_FRONT_TO_SIDE,TEMPE,2012-06-23 23:12:00,NO_IMPROPER_ACTION,INATTENTION_DISTRACTION
2638558,2,ANGLE_FRONT_TO_SIDE,-111.909120078158,33.4149611063484,4,FOUR_WAY_INTERSECTION,ANGLE_FRONT_TO_SIDE,TEMPE,2012-06-06 20:21:00,DISREGARDED_TRAFFIC_SIGNAL,NO_IMPROPER_ACTION+NOT_APPLICABLE_MINUS_1
2638569,2,ANGLE_FRONT_TO_SIDE,-111.93469993592,33.5021278120824,3,FOUR_WAY_INTERSECTION,ANGLE_FRONT_TO_SIDE,SCOTTSDALE,2012-05-06 11:17:00,DISREGARDED_TRAFFIC_SIGNAL,NO_IMPROPER_ACTION
2638606,2,ANGLE_FRONT_TO_SIDE,-111.908828397745,33.5385216117813,1,FOUR_WAY_INTERSECTION,ANGLE_FRONT_TO_SIDE,SCOTTSDALE,2012-05-12 11:42:00,UNKNOWN_99,NO_IMPROPER_ACTION
2638651,2,LEFT_TURN,-111.926193541429,33.4730509972898,2,FOUR_WAY_INTERSECTION,LEFT_TURN,SCOTTSDALE,2012-06-05 06:28:00,NO_IMPROPER_ACTION,INATTENTION_DISTRACTION
2638710,2,ANGLE_FRONT_TO_SIDE,-111.837137189023,33.378775074193,1,FOUR_WAY_INTERSECTION,ANGLE_FRONT_TO_SIDE,MESA,2012-07-30 12:12:00,NO_IMPROPER_ACTION,NO_IMPROPER_ACTION
2638767,2,OTHER_97,-111.893969099265,33.5533812696868,5,FOUR_WAY_INTERSECTION,OTHER_97,SCOTTSDALE,2012-01-13 15:01:00,UNKNOWN_99,SPEED_TOO_FAST_FOR_CONDITIONS
2638780,2,ANGLE_FRONT_TO_SIDE,-111.912180688654,33.4658040158227,4,NOT_AT_INTERSECTION_0,ANGLE_FRONT_TO_SIDE,SCOTTSDALE,2012-05-29 16:11:00,OTHER_97,NOT_APPLICABLE_MINUS_1+NOT_APPLICABLE_MINUS_1+NO_IMPROPER_ACTION
2638823,2,LEFT_TURN,-111.899878225002,33.5965665529671,3,FOUR_WAY_INTERSECTION,LEFT_TURN,SCOTTSDALE,2012-04-22 10:00:00,FAILED_TO_KEEP_IN_PROPER_LANE,OTHER_97
2639055,2,ANGLE_FRONT_TO_SIDE,-111.92601178263,33.5821661142131,1,UNKNOWN_99,ANGLE_FRONT_TO_SIDE,SCOTTSDALE,2012-07-09 10:35:00,UNKNOWN_99,UNKNOWN_99
2639098,2,ANGLE_FRONT_TO_SIDE,-111.904466524024,33.5239010259914,4,T_INTERSECTION,ANGLE_FRONT_TO_SIDE,SCOTTSDALE,2012-07-05 07:19:00,NO_IMPROPER_ACTION,MADE_IMPROPER_TURN
2639135,2,ANGLE_FRONT_TO_SIDE,-111.841439858491,33.3037270457454,4,UNKNOWN_99,ANGLE_FRONT_TO_SIDE,CHANDLER,2012-06-13 20:49:00,NO_IMPROPER_ACTION,DISREGARDED_TRAFFIC_SIGNAL
2639241,2,ANGLE_FRONT_TO_SIDE,-111.523986264034,32.9839044322526,2,T_INTERSECTION,ANGLE_FRONT_TO_SIDE,COOLIDGE,2012-06-01 11:05:00,DROVE_RODE_IN_OPPOSING_TRAFFIC_LANE,NO_IMPROPER_ACTION
2639454,2,ANGLE_FRONT_TO_SIDE,-111.849424401239,33.2561219720377,3,T_INTERSECTION,ANGLE_FRONT_TO_SIDE,CHANDLER,2012-06-01 18:12:00,FAILED_TO_YIELD_RIGHT_OF_WAY_103,NO_IMPROPER_ACTION
2639510,2,ANGLE_FRONT_TO_SIDE,-111.790495482282,33.3644465976462,3,T_INTERSECTION,ANGLE_FRONT_TO_SIDE,GILBERT,2012-08-11 11:42:00,NO_IMPROPER_ACTION,INATTENTION_DISTRACTION+NOT_APPLICABLE_MINUS_1
2639530,2,ANGLE_FRONT_TO_SIDE,-111.454853247562,36.9193523938509,3,T_INTERSECTION,ANGLE_FRONT_TO_SIDE,PAGE,2012-08-03 18:47:00,INATTENTION_DISTRACTION,INATTENTION_DISTRACTION
2639573,2,ANGLE_FRONT_TO_SIDE,-111.79833680529,33.3064383857657,1,FOUR_WAY_INTERSECTION,ANGLE_FRONT_TO_SIDE,CHANDLER,2012-06-12 09:09:00,NO_IMPROPER_ACTION,OTHER_97+NOT_APPLICABLE_MINUS_1
2639575,2,ANGLE_FRONT_TO_SIDE,-111.864970194953,33.2474880171306,2,FOUR_WAY_INTERSECTION,ANGLE_FRONT_TO_SIDE,CHANDLER,2012-06-12 10:37:00,OTHER_97,OTHER_97
2639585,2,ANGLE_FRONT_TO_SIDE,-111.82414146099,33.3170033223414,1,T_INTERSECTION,ANGLE_FRONT_TO_SIDE,CHANDLER,2012-06-06 17:55:00,UNKNOWN_99,UNKNOWN_99
2639854,2,ANGLE_FRONT_TO_SIDE,-112.468544049137,34.5400007083884,2,T_INTERSECTION,ANGLE_FRONT_TO_SIDE,PRESCOTT,2012-07-06 16:06:00,OTHER_97,NO_IMPROPER_ACTION
2640006,2,OTHER_97,-111.32264690457,34.2501343047885,3,FOUR_WAY_INTERSECTION,OTHER_97,PAYSON,2012-05-01 12:52:00,FAILED_TO_KEEP_IN_PROPER_LANE,INATTENTION_DISTRACTION
2640027,2,ANGLE_FRONT_TO_SIDE,-111.934521172424,33.3346502017175,3,NOT_AT_INTERSECTION_0,ANGLE_FRONT_TO_SIDE,TEMPE,2012-05-28 18:21:00,DID_NOT_USE_CROSSWALK,NO_IMPROPER_ACTION+NOT_APPLICABLE_MINUS_1
2640041,2,LEFT_TURN,-111.582097117806,35.1879051825573,2,T_INTERSECTION,LEFT_TURN,FLAGSTAFF,2012-08-14 09:14:00,NO_IMPROPER_ACTION,INATTENTION_DISTRACTION
2640101,2,ANGLE_FRONT_TO_SIDE,-111.909097106675,33.4208787104297,2,NOT_AT_INTERSECTION_0,ANGLE_FRONT_TO_SIDE,TEMPE,2012-07-20 15:42:00,OTHER_97,NO_IMPROPER_ACTION
2640110,2,ANGLE_FRONT_TO_SIDE,-111.939450303274,33.3782101973556,2,FOUR_WAY_INTERSECTION,ANGLE_FRONT_TO_SIDE,TEMPE,2012-07-20 05:34:00,DISREGARDED_TRAFFIC_SIGNAL,NO_IMPROPER_ACTION
2640168,2,OTHER_97,-110.901199600838,32.2361857153825,3,FOUR_WAY_INTERSECTION,OTHER_97,TUCSON,2012-04-25 19:50:00,NO_IMPROPER_ACTION,FAILED_TO_YIELD_RIGHT_OF_WAY_103
2640204,2,OTHER_97,-110.905313461285,32.2288740826701,3,FOUR_WAY_INTERSECTION,OTHER_97,TUCSON,2012-04-24 16:33:00,NO_IMPROPER_ACTION,FAILED_TO_YIELD_RIGHT_OF_WAY_103
2640217,2,ANGLE_FRONT_TO_SIDE,-110.989529898764,31.4475310502579,2,T_INTERSECTION,ANGLE_FRONT_TO_SIDE,UNSPECIFIED_999,2012-06-24 15:48:00,RAN_STOP_SIGN,NO_IMPROPER_ACTION
2640375,2,OTHER_97,-110.943784492769,32.2795346218096,1,FOUR_WAY_INTERSECTION,OTHER_97,TUCSON,2012-04-15 04:50:00,NO_IMPROPER_ACTION,UNKNOWN_99
2640381,2,OTHER_97,-110.827721956128,32.1846696772187,3,UNKNOWN_99,OTHER_97,TUCSON,2012-04-24 06:17:00,NO_IMPROPER_ACTION,FAILED_TO_YIELD_RIGHT_OF_WAY_103
2640413,2,SIDESWIPE_SAME_DIRECTION,-110.975204923125,32.4529714959398,4,NOT_AT_INTERSECTION_0,SIDESWIPE_SAME_DIRECTION,ORO VALLEY,2012-08-15 10:13:00,NO_IMPROPER_ACTION,OTHER_UNSAFE_PASSING
2640449,2,ANGLE_FRONT_TO_SIDE,-112.030234595457,33.5053311815245,3,UNKNOWN_99,ANGLE_FRONT_TO_SIDE,PHOENIX,2012-07-12 14:20:00,NO_IMPROPER_ACTION,NOT_APPLICABLE_MINUS_1+FAILED_TO_YIELD_RIGHT_OF_WAY_103
2640457,2,REAR_END,-112.030191689427,33.4802825844341,3,FOUR_WAY_INTERSECTION,REAR_END,PHOENIX,2012-07-12 16:17:00,NO_IMPROPER_ACTION,FAILED_TO_YIELD_RIGHT_OF_WAY_103
2640523,2,OTHER_97,-110.956846806733,32.2498421300692,3,FOUR_WAY_INTERSECTION,OTHER_97,TUCSON,2012-04-17 17:26:00,DISREGARDED_TRAFFIC_SIGNAL,NO_IMPROPER_ACTION
2640547,2,ANGLE_FRONT_TO_SIDE,-112.108062594465,33.5907059085541,2,FOUR_WAY_INTERSECTION,ANGLE_FRONT_TO_SIDE,PHOENIX,2012-07-09 10:27:00,FAILED_TO_YIELD_RIGHT_OF_WAY_103,NO_IMPROPER_ACTION
2640633,3,REAR_END,-112.032140772798,33.6405064211988,3,UNKNOWN_99,REAR_END,PHOENIX,2012-06-18 16:16:00,FOLLOWED_TOO_CLOSELY,NO_IMPROPER_ACTION+NO_IMPROPER_ACTION
2640677,2,SIDESWIPE_OPPOSITE_DIRECTION,-112.091309577675,33.494975347282,2,FOUR_WAY_INTERSECTION,SIDESWIPE_OPPOSITE_DIRECTION,PHOENIX,2012-07-09 21:00:00,DROVE_RODE_IN_OPPOSING_TRAFFIC_LANE,NO_IMPROPER_ACTION
2640730,2,OTHER_97,-112.036727694484,33.4948784352711,2,T_INTERSECTION,OTHER_97,PHOENIX,2012-07-10 11:15:00,NO_IMPROPER_ACTION,NO_IMPROPER_ACTION
2640734,2,ANGLE_FRONT_TO_SIDE,-112.134303236696,33.5458153391866,3,FOUR_WAY_INTERSECTION,ANGLE_FRONT_TO_SIDE,PHOENIX,2012-07-13 14:50:00,OTHER_97,NO_IMPROPER_ACTION
2640767,2,ANGLE_FRONT_TO_SIDE,-112.121741508127,33.5385509331698,3,T_INTERSECTION,ANGLE_FRONT_TO_SIDE,PHOENIX,2012-07-12 07:17:00,FAILED_TO_YIELD_RIGHT_OF_WAY_103,NO_IMPROPER_ACTION
2640808,2,ANGLE_FRONT_TO_SIDE,-112.09945175757,33.408465922424,2,UNKNOWN_99,ANGLE_FRONT_TO_SIDE,PHOENIX,2012-07-10 11:21:00,DROVE_RODE_IN_OPPOSING_TRAFFIC_LANE,NO_IMPROPER_ACTION
2641052,2,ANGLE_FRONT_TO_SIDE,-111.789581328722,33.3494364294885,3,UNKNOWN_99,ANGLE_FRONT_TO_SIDE,GILBERT,2012-08-10 15:12:00,NO_IMPROPER_ACTION,INATTENTION_DISTRACTION+NOT_APPLICABLE_MINUS_1
2641064,3,REAR_END,-112.103957178408,33.5308105226314,4,NOT_AT_INTERSECTION_0,REAR_END,PHOENIX,2012-07-19 01:05:00,NO_IMPROPER_ACTION+NO_IMPROPER_ACTION,SPEED_TOO_FAST_FOR_CONDITIONS
2641070,2,LEFT_TURN,-112.134163605181,33.5385351591573,1,NOT_AT_INTERSECTION_0,LEFT_TURN,PHOENIX,2012-07-19 07:45:00,OTHER_97,NO_IMPROPER_ACTION
2641095,2,ANGLE_FRONT_TO_SIDE,-112.004217817237,33.4951695654315,3,FOUR_WAY_INTERSECTION,ANGLE_FRONT_TO_SIDE,PHOENIX,2012-07-19 17:34:00,DROVE_RODE_IN_OPPOSING_TRAFFIC_LANE,INATTENTION_DISTRACTION
2641119,2,OTHER_97,-112.058011366329,33.4907090470264,2,UNKNOWN_99,OTHER_97,PHOENIX,2012-04-20 14:38:00,FAILED_TO_YIELD_RIGHT_OF_WAY_103,NO_IMPROPER_ACTION
2641150,2,ANGLE_FRONT_TO_SIDE,-111.667525249112,33.3792870974207,3,FOUR_WAY_INTERSECTION,ANGLE_FRONT_TO_SIDE,MESA,2012-08-08 17:25:00,WALKED_ON_WRONG_SIDE_OF_ROAD,INATTENTION_DISTRACTION
2641154,2,SIDESWIPE_SAME_DIRECTION,-111.779828139267,33.408135854701,3,FOUR_WAY_INTERSECTION,SIDESWIPE_SAME_DIRECTION,MESA,2012-08-07 17:25:00,NO_IMPROPER_ACTION,NOT_APPLICABLE_MINUS_1+NOT_APPLICABLE_MINUS_1+NOT_APPLICABLE_MINUS_1+NO_IMPROPER_ACTION
2641191,2,REAR_END,-111.856627462101,33.4113227157706,3,NOT_AT_INTERSECTION_0,REAR_END,MESA,2012-08-14 07:00:00,NO_IMPROPER_ACTION,UNKNOWN_99
2641206,2,ANGLE_FRONT_TO_SIDE,-111.87461647799,33.3921621091277,3,T_INTERSECTION,ANGLE_FRONT_TO_SIDE,MESA,2012-08-14 14:41:00,OTHER_97,OTHER_97
2641244,2,OTHER_97,-112.254986816419,33.6816017063369,3,FOUR_WAY_INTERSECTION,OTHER_97,PEORIA,2012-08-11 18:31:00,INATTENTION_DISTRACTION,NOT_APPLICABLE_MINUS_1+NO_IMPROPER_ACTION
2641416,2,REAR_END,-112.134351981014,33.4814588706231,3,UNKNOWN_99,REAR_END,PHOENIX,2012-07-17 09:36:00,NO_IMPROPER_ACTION,SPEED_TOO_FAST_FOR_CONDITIONS
2641470,2,ANGLE_FRONT_TO_SIDE,-111.930452051301,33.4912536590733,3,FOUR_WAY_INTERSECTION,ANGLE_FRONT_TO_SIDE,SCOTTSDALE,2012-07-31 18:47:00,OTHER_97,NO_IMPROPER_ACTION
2641488,2,SIDESWIPE_OPPOSITE_DIRECTION,-110.059223980293,34.2564808916341,2,FOUR_WAY_INTERSECTION,SIDESWIPE_OPPOSITE_DIRECTION,SHOW LOW,2012-08-16 15:31:00,MADE_IMPROPER_TURN,NOT_APPLICABLE_MINUS_1+NO_IMPROPER_ACTION+NOT_APPLICABLE_MINUS_1
2641587,2,ANGLE_FRONT_TO_SIDE,-111.925051866856,33.5241281627343,3,NOT_AT_INTERSECTION_0,ANGLE_FRONT_TO_SIDE,SCOTTSDALE,2012-04-25 10:58:00,NO_IMPROPER_ACTION,INATTENTION_DISTRACTION
2641614,2,OTHER_97,-112.017233407464,33.4804421707311,2,FOUR_WAY_INTERSECTION,OTHER_97,PHOENIX,2012-07-17 10:29:00,DROVE_RODE_IN_OPPOSING_TRAFFIC_LANE,NO_IMPROPER_ACTION
2641641,2,SIDESWIPE_SAME_DIRECTION,-110.721907784449,32.3598936391504,3,NOT_AT_INTERSECTION_0,SIDESWIPE_SAME_DIRECTION,UNSPECIFIED_999,2012-08-11 17:24:00,NO_IMPROPER_ACTION,OTHER_UNSAFE_PASSING
2641657,2,OTHER_97,-112.131273465464,33.6108213257511,3,NOT_AT_INTERSECTION_0,OTHER_97,PHOENIX,2012-06-19 16:27:00,OTHER_97,NO_IMPROPER_ACTION
2641670,2,SIDESWIPE_SAME_DIRECTION,-112.134479348182,33.6552113636317,3,NOT_AT_INTERSECTION_0,SIDESWIPE_SAME_DIRECTION,PHOENIX,2012-05-05 17:43:00,INATTENTION_DISTRACTION,NOT_APPLICABLE_MINUS_1+NO_IMPROPER_ACTION
2641672,2,OTHER_97,-112.13120539775,33.4364370596206,4,NOT_AT_INTERSECTION_0,OTHER_97,PHOENIX,2012-07-13 08:45:00,NO_IMPROPER_ACTION,MADE_IMPROPER_TURN
2641674,2,SIDESWIPE_SAME_DIRECTION,-111.65051915232,35.1973546604696,2,NOT_AT_INTERSECTION_0,SIDESWIPE_SAME_DIRECTION,FLAGSTAFF,2012-08-12 12:18:00,NO_IMPROPER_ACTION,NOT_APPLICABLE_MINUS_1+FAILED_TO_YIELD_RIGHT_OF_WAY_103
2641692,2,ANGLE_FRONT_TO_SIDE,-111.655783938391,35.1948784389949,3,NOT_AT_INTERSECTION_0,ANGLE_FRONT_TO_SIDE,FLAGSTAFF,2012-08-06 12:42:00,NO_IMPROPER_ACTION,INATTENTION_DISTRACTION
2641760,2,ANGLE_FRONT_TO_SIDE,-111.913176183118,33.5021648039553,1,FOUR_WAY_INTERSECTION,ANGLE_FRONT_TO_SIDE,SCOTTSDALE,2012-04-23 08:29:00,DROVE_RODE_IN_OPPOSING_TRAFFIC_LANE,NO_IMPROPER_ACTION
2641761,2,ANGLE_FRONT_TO_SIDE,-111.896176121243,33.5166491742844,3,NOT_REPORTED_255,ANGLE_FRONT_TO_SIDE,SCOTTSDALE,2012-04-20 07:42:00,WALKED_ON_WRONG_SIDE_OF_ROAD,INATTENTION_DISTRACTION
2641768,2,REAR_END,-111.924845277641,33.4990347622597,1,FOUR_WAY_INTERSECTION,REAR_END,SCOTTSDALE,2012-04-29 01:09:00,NO_IMPROPER_ACTION,INATTENTION_DISTRACTION
2641837,3,OTHER_97,-110.968586949202,32.2213511970569,3,NOT_REPORTED_255,OTHER_97,TUCSON,2012-04-18 17:27:00,UNKNOWN_99,UNKNOWN_99
2641852,2,ANGLE_FRONT_TO_SIDE,-111.960948431314,33.4271234542262,3,NOT_AT_INTERSECTION_0,ANGLE_FRONT_TO_SIDE,TEMPE,2012-07-14 21:00:00,NO_IMPROPER_ACTION,DISREGARDED_PAVEMENT_MARKINGS
2641871,2,ANGLE_FRONT_TO_SIDE,-111.926571439631,33.453413791107,1,T_INTERSECTION,ANGLE_FRONT_TO_SIDE,TEMPE,2012-07-05 13:40:00,INATTENTION_DISTRACTION,INATTENTION_DISTRACTION
2641872,2,ANGLE_FRONT_TO_SIDE,-111.947840656708,33.407250968899,2,FOUR_WAY_INTERSECTION,ANGLE_FRONT_TO_SIDE,TEMPE,2012-07-06 07:25:00,DROVE_RODE_IN_OPPOSING_TRAFFIC_LANE,NO_IMPROPER_ACTION
2641889,2,ANGLE_FRONT_TO_SIDE,-111.955023044918,33.3782210123451,2,NOT_REPORTED_255,ANGLE_FRONT_TO_SIDE,TEMPE,2012-08-15 21:38:00,DROVE_RODE_IN_OPPOSING_TRAFFIC_LANE,FAILED_TO_YIELD_RIGHT_OF_WAY_103
2641898,2,ANGLE_FRONT_TO_SIDE,-111.934901224789,33.3980683465853,3,T_INTERSECTION,ANGLE_FRONT_TO_SIDE,TEMPE,2012-07-15 18:20:00,NO_IMPROPER_ACTION,FAILED_TO_YIELD_RIGHT_OF_WAY_103
2641988,2,OTHER_97,0,0,4,UNKNOWN_99,OTHER_97,SAHUARITA,2012-08-24 18:17:00,INATTENTION_DISTRACTION,NO_IMPROPER_ACTION
2642065,2,ANGLE_FRONT_TO_SIDE,-112.472902966224,34.5419562486865,1,FOUR_WAY_INTERSECTION,ANGLE_FRONT_TO_SIDE,PRESCOTT,2012-08-21 10:05:00,DISREGARDED_TRAFFIC_SIGNAL,NO_IMPROPER_ACTION
2642175,2,LEFT_TURN,-111.638530287071,35.2058693569174,3,FOUR_WAY_INTERSECTION,LEFT_TURN,FLAGSTAFF,2012-08-17 21:06:00,KNOWINGLY_OPERATED_WITH_FAULTY_MISSING_EQUIPMENT,NOT_APPLICABLE_MINUS_1+NOT_APPLICABLE_MINUS_1+NO_IMPROPER_ACTION
2642212,2,OTHER_97,-112.099604854854,33.5357819931852,3,NOT_AT_INTERSECTION_0,OTHER_97,PHOENIX,2012-07-02 08:39:00,OTHER_97,NO_IMPROPER_ACTION
2642213,2,ANGLE_FRONT_TO_SIDE,-112.116381862737,33.5819946172828,2,INTERSECTION_AS_PART_OF_INTERCHANGE,ANGLE_FRONT_TO_SIDE,PHOENIX,2012-07-17 15:25:00,DROVE_RODE_IN_OPPOSING_TRAFFIC_LANE,NO_IMPROPER_ACTION
2642504,2,ANGLE_FRONT_TO_SIDE,-112.16915635948,33.4585906443797,3,FOUR_WAY_INTERSECTION,ANGLE_FRONT_TO_SIDE,PHOENIX,2012-07-17 22:23:00,NO_IMPROPER_ACTION,INATTENTION_DISTRACTION
2642589,2,UNKNOWN_99,-112.078213662739,33.4875509304588,2,FOUR_WAY_INTERSECTION,UNKNOWN_99,PHOENIX,2012-07-07 10:25:00,DISREGARDED_TRAFFIC_SIGNAL,NO_IMPROPER_ACTION
2642624,2,ANGLE_FRONT_TO_SIDE,-112.074071175724,33.4460722797838,4,FOUR_WAY_INTERSECTION,ANGLE_FRONT_TO_SIDE,PHOENIX,2012-07-26 07:00:00,NO_IMPROPER_ACTION,MADE_IMPROPER_TURN
2642664,2,HEAD_ON,-111.929550527575,33.4803243835217,2,UNKNOWN_99,HEAD_ON,SCOTTSDALE,2012-05-30 18:38:00,DROVE_RODE_IN_OPPOSING_TRAFFIC_LANE,NO_IMPROPER_ACTION
2642995,2,ANGLE_FRONT_TO_SIDE,-112.100092651767,33.4454896934029,3,UNKNOWN_99,ANGLE_FRONT_TO_SIDE,PHOENIX,2012-07-25 04:34:00,NO_IMPROPER_ACTION,FAILED_TO_YIELD_RIGHT_OF_WAY_103
2643030,2,ANGLE_FRONT_TO_SIDE,-111.891453972304,33.552968336584,2,FOUR_WAY_INTERSECTION,ANGLE_FRONT_TO_SIDE,SCOTTSDALE,2012-06-02 11:19:00,NO_IMPROPER_ACTION,INATTENTION_DISTRACTION
2643117,2,SIDESWIPE_SAME_DIRECTION,-111.85642864402,33.422144830413,2,FOUR_WAY_INTERSECTION,SIDESWIPE_SAME_DIRECTION,MESA,2012-08-21 07:47:00,NO_IMPROPER_ACTION,MADE_IMPROPER_TURN
2643228,2,ANGLE_FRONT_TO_SIDE,-111.787822356196,33.4403556145389,3,T_INTERSECTION,ANGLE_FRONT_TO_SIDE,MESA,2012-08-22 08:14:00,UNSAFE_LANE_CHANGE,OTHER_97
2643288,2,SIDESWIPE_SAME_DIRECTION,-112.327936378921,33.608990594437,2,UNKNOWN_99,SIDESWIPE_SAME_DIRECTION,EL MIRAGE,2012-08-17 13:00:00,NO_IMPROPER_ACTION,INATTENTION_DISTRACTION
2643450,2,LEFT_TURN,-111.856872089083,33.4003639043981,2,FOUR_WAY_INTERSECTION,LEFT_TURN,MESA,2012-08-19 06:15:00,NO_IMPROPER_ACTION,NO_IMPROPER_ACTION
2643464,3,SIDESWIPE_SAME_DIRECTION,-111.701751211914,33.4156107547787,3,FOUR_WAY_INTERSECTION,SIDESWIPE_SAME_DIRECTION,MESA,2012-08-15 12:59:00,NO_IMPROPER_ACTION,NO_IMPROPER_ACTION+SPEED_TOO_FAST_FOR_CONDITIONS
2643472,2,OTHER_97,-111.788351818226,33.3795485464494,1,UNKNOWN_99,OTHER_97,MESA,2012-07-28 19:39:00,DROVE_RODE_IN_OPPOSING_TRAFFIC_LANE,NO_IMPROPER_ACTION
2643645,2,OTHER_97,-109.763033200508,32.8508616775705,4,NOT_AT_INTERSECTION_0,OTHER_97,THATCHER,2012-08-27 07:38:00,UNKNOWN_99,NO_IMPROPER_ACTION+NOT_APPLICABLE_MINUS_1
2643745,2,LEFT_TURN,-111.190855099124,32.3427210686899,4,FOUR_WAY_INTERSECTION,LEFT_TURN,UNSPECIFIED_999,2012-08-17 07:03:00,NO_IMPROPER_ACTION,INATTENTION_DISTRACTION
2643820,2,ANGLE_FRONT_TO_SIDE,-111.939592011462,33.3928593290303,2,FOUR_WAY_INTERSECTION,ANGLE_FRONT_TO_SIDE,TEMPE,2012-07-31 20:27:00,DISREGARDED_TRAFFIC_SIGNAL,NO_IMPROPER_ACTION
2643885,2,ANGLE_FRONT_TO_SIDE,-111.812744337614,33.3363732213146,1,T_INTERSECTION,ANGLE_FRONT_TO_SIDE,GILBERT,2012-08-28 09:00:00,NO_IMPROPER_ACTION,INATTENTION_DISTRACTION
2643918,2,ANGLE_FRONT_TO_SIDE,-111.908719243847,33.4147557343762,1,NOT_AT_INTERSECTION_0,ANGLE_FRONT_TO_SIDE,TEMPE,2012-07-29 16:37:00,OTHER_97,NO_IMPROPER_ACTION
2643928,2,ANGLE_FRONT_TO_SIDE,-112.306417489187,33.4351323772377,3,T_INTERSECTION,ANGLE_FRONT_TO_SIDE,AVONDALE,2012-09-01 19:30:00,NO_IMPROPER_ACTION,FAILED_TO_YIELD_RIGHT_OF_WAY_103
2643987,2,ANGLE_FRONT_TO_SIDE,-112.194521923823,33.6339761478215,2,T_INTERSECTION,ANGLE_FRONT_TO_SIDE,GLENDALE,2012-06-18 20:37:00,NO_IMPROPER_ACTION,UNKNOWN_99
2644029,3,ANGLE_FRONT_TO_SIDE,-112.229028586591,33.6527278019973,2,FOUR_WAY_INTERSECTION,ANGLE_FRONT_TO_SIDE,GLENDALE,2012-07-20 17:26:00,NO_IMPROPER_ACTION+NO_IMPROPER_ACTION,FAILED_TO_YIELD_RIGHT_OF_WAY_103
2644101,2,ANGLE_FRONT_TO_SIDE,-112.18613242695,33.5398253438103,2,FOUR_WAY_INTERSECTION,ANGLE_FRONT_TO_SIDE,GLENDALE,2012-07-02 12:17:00,SPEED_TOO_FAST_FOR_CONDITIONS,SPEED_TOO_FAST_FOR_CONDITIONS
2644203,2,ANGLE_FRONT_TO_SIDE,-112.202942039049,33.5671675862349,2,FOUR_WAY_INTERSECTION,ANGLE_FRONT_TO_SIDE,GLENDALE,2012-07-11 12:25:00,UNKNOWN_99,UNKNOWN_99
2644221,2,ANGLE_FRONT_TO_SIDE,-112.160182296406,33.5805197473916,1,FOUR_WAY_INTERSECTION,ANGLE_FRONT_TO_SIDE,GLENDALE,2012-07-04 21:14:00,KNOWINGLY_OPERATED_WITH_FAULTY_MISSING_EQUIPMENT,FAILED_TO_YIELD_RIGHT_OF_WAY_103
2644347,2,LEFT_TURN,-112.01714675349,34.7395350388151,2,T_INTERSECTION,LEFT_TURN,COTTONWOOD,2012-08-24 06:59:00,NO_IMPROPER_ACTION,FAILED_TO_YIELD_RIGHT_OF_WAY_103
2644363,2,ANGLE_FRONT_TO_SIDE,-111.655286508074,35.1953041929236,1,FOUR_WAY_INTERSECTION,ANGLE_FRONT_TO_SIDE,FLAGSTAFF,2012-08-29 23:41:00,OTHER_97,NOT_APPLICABLE_MINUS_1+NO_IMPROPER_ACTION
2644364,2,ANGLE_FRONT_TO_SIDE,-111.64984824312,35.1987950541114,3,FOUR_WAY_INTERSECTION,ANGLE_FRONT_TO_SIDE,FLAGSTAFF,2012-08-27 19:04:00,NO_IMPROPER_ACTION,DISREGARDED_TRAFFIC_SIGNAL+NOT_APPLICABLE_MINUS_1+NOT_APPLICABLE_MINUS_1+NOT_APPLICABLE_MINUS_1+NOT_APPLICABLE_MINUS_1