IncidentID,num_vehicles_involved,eCollisionManner,Longitude,Latitude,InjurySeverity,eIntersectionType,eCollisionManner,city_name,IncidentDateTime,cyclist_citations,driver_citations
2659198,2,ANGLE_FRONT_TO_SIDE,-111.93469993592,33.5021278120824,2,FOUR_WAY_INTERSECTION,ANGLE_FRONT_TO_SIDE,SCOTTSDALE,2012-09-17 19:04:00,OTHER_97,NO_IMPROPER_ACTION
2659208,2,ANGLE_FRONT_TO_SIDE,-110.959603613679,32.4048001420747,2,T_INTERSECTION,ANGLE_FRONT_TO_SIDE,ORO VALLEY,2012-10-01 18:58:00,NO_IMPROPER_ACTION,FAILED_TO_YIELD_RIGHT_OF_WAY_103
2659226,2,LEFT_TURN,-112.116903256727,33.5240146112815,3,FOUR_WAY_INTERSECTION,LEFT_TURN,PHOENIX,2012-09-11 12:31:00,DISREGARDED_TRAFFIC_SIGNAL,NO_IMPROPER_ACTION
2659268,2,ANGLE_FRONT_TO_SIDE,-112.028689385643,33.6405174297259,3,T_INTERSECTION,ANGLE_FRONT_TO_SIDE,PHOENIX,2012-09-04 07:40:00,OTHER_97,NOT_APPLICABLE_MINUS_1+NO_IMPROPER_ACTION+NOT_APPLICABLE_MINUS_1
2659276,2,SIDESWIPE_SAME_DIRECTION,-112.056285996813,33.5379139364609,2,FOUR_WAY_INTERSECTION,SIDESWIPE_SAME_DIRECTION,PHOENIX,2012-09-04 16:02:00,FAILED_TO_YIELD_RIGHT_OF_WAY_103,NO_IMPROPER_ACTION
2659300,2,OTHER_97,-112.117527112776,33.8439201505886,3,UNKNOWN_99,OTHER_97,UNSPECIFIED_999,2012-09-21 17:49:00,OTHER_97,OTHER_97
2659319,2,ANGLE_FRONT_TO_SIDE,-111.999851036406,33.4804660324929,3,FOUR_WAY_INTERSECTION,ANGLE_FRONT_TO_SIDE,PHOENIX,2012-09-08 05:20:00,NO_IMPROPER_ACTION,DISREGARDED_TRAFFIC_SIGNAL
2659515,2,ANGLE_FRONT_TO_SIDE,-112.116837908809,33.5167801313603,3,FOUR_WAY_INTERSECTION,ANGLE_FRONT_TO_SIDE,PHOENIX,2012-09-12 11:19:00,FAILED_TO_YIELD_RIGHT_OF_WAY_103,NO_IMPROPER_ACTION
2659738,2,ANGLE_FRONT_TO_SIDE,-111.932645726518,33.319996822753,2,FOUR_WAY_INTERSECTION,ANGLE_FRONT_TO_SIDE,TEMPE,2012-07-25 13:52:00,DROVE_RODE_IN_OPPOSING_TRAFFIC_LANE,NO_IMPROPER_ACTION
2659744,2,SIDESWIPE_SAME_DIRECTION,-111.789493947328,33.2536015017635,4,UNKNOWN_99,SIDESWIPE_SAME_DIRECTION,CHANDLER,2012-07-25 20:15:00,NO_IMPROPER_ACTION,SPEED_TOO_FAST_FOR_CONDITIONS
2659824,2,UNKNOWN_99,-112.468378235692,34.5399992828903,1,NOT_AT_INTERSECTION_0,UNKNOWN_99,PRESCOTT,2012-10-22 17:18:00,INATTENTION_DISTRACTION,NO_IMPROPER_ACTION
2659886,2,SIDESWIPE_SAME_DIRECTION,-111.905927400446,33.3055185613357,3,T_INTERSECTION,SIDESWIPE_SAME_DIRECTION,CHANDLER,2012-07-23 14:17:00,NO_IMPROPER_ACTION,INATTENTION_DISTRACTION
2659887,2,ANGLE_FRONT_TO_SIDE,-111.824063963876,33.2478162767964,2,FOUR_WAY_INTERSECTION,ANGLE_FRONT_TO_SIDE,CHANDLER,2012-07-23 15:23:00,NO_IMPROPER_ACTION,INATTENTION_DISTRACTION
2659899,2,ANGLE_FRONT_TO_SIDE,-111.841511018533,33.3134200758724,1,FOUR_WAY_INTERSECTION,ANGLE_FRONT_TO_SIDE,CHANDLER,2012-07-31 08:57:00,DROVE_RODE_IN_OPPOSING_TRAFFIC_LANE,NO_IMPROPER_ACTION
2659919,2,SIDESWIPE_SAME_DIRECTION,-111.876208029824,33.281030779891,3,NOT_AT_INTERSECTION_0,SIDESWIPE_SAME_DIRECTION,CHANDLER,2012-07-31 17:32:00,NO_IMPROPER_ACTION,FAILED_TO_KEEP_IN_PROPER_LANE
2659923,2,ANGLE_FRONT_TO_SIDE,-111.987063910997,33.4693100708359,4,FOUR_WAY_INTERSECTION,ANGLE_FRONT_TO_SIDE,PHOENIX,2012-09-08 19:36:00,DID_NOT_USE_CROSSWALK,NO_IMPROPER_ACTION
2659928,3,ANGLE_FRONT_TO_SIDE,-111.841673382607,33.3401740484011,3,T_INTERSECTION,ANGLE_FRONT_TO_SIDE,CHANDLER,2012-07-26 13:59:00,DROVE_RODE_IN_OPPOSING_TRAFFIC_LANE+DROVE_RODE_IN_OPPOSING_TRAFFIC_LANE,NO_IMPROPER_ACTION
2660310,2,ANGLE_FRONT_TO_SIDE,0,0,1,T_INTERSECTION,ANGLE_FRONT_TO_SIDE,FLAGSTAFF,2012-10-16 07:55:00,INATTENTION_DISTRACTION,FAILED_TO_YIELD_RIGHT_OF_WAY_103
2660328,2,ANGLE_FRONT_TO_SIDE,-111.664695734878,35.1678038584531,1,NOT_REPORTED_255,ANGLE_FRONT_TO_SIDE,FLAGSTAFF,2012-10-18 18:34:00,UNKNOWN_99,FAILED_TO_YIELD_RIGHT_OF_WAY_103
2660346,2,ANGLE_FRONT_TO_SIDE,-111.661565696454,35.1884892111804,2,NOT_AT_INTERSECTION_0,ANGLE_FRONT_TO_SIDE,FLAGSTAFF,2012-10-25 06:36:00,NO_IMPROPER_ACTION,FAILED_TO_YIELD_RIGHT_OF_WAY_103
2660396,2,OTHER_97,-112.012903175386,33.450881375224,1,NOT_AT_INTERSECTION_0,OTHER_97,PHOENIX,2012-09-13 16:10:00,NO_IMPROPER_ACTION,FAILED_TO_YIELD_RIGHT_OF_WAY_103
2660491,2,REAR_END,-112.036420196402,33.5967826519607,3,NOT_AT_INTERSECTION_0,REAR_END,PHOENIX,2012-09-06 09:42:00,NO_IMPROPER_ACTION,FAILED_TO_YIELD_RIGHT_OF_WAY_103
2660506,2,ANGLE_FRONT_TO_SIDE,-112.064854934719,33.5164828588011,3,FOUR_WAY_INTERSECTION,ANGLE_FRONT_TO_SIDE,PHOENIX,2012-09-11 15:00:00,OTHER_97,NO_IMPROPER_ACTION
2660635,2,ANGLE_FRONT_TO_SIDE,-112.087048362975,33.3631270516286,3,NOT_REPORTED_255,ANGLE_FRONT_TO_SIDE,PHOENIX,2012-09-19 07:01:00,DROVE_RODE_IN_OPPOSING_TRAFFIC_LANE,INATTENTION_DISTRACTION
2660705,2,OTHER_97,-112.048754064678,33.4802202616854,2,UNKNOWN_99,OTHER_97,PHOENIX,2012-09-20 17:00:00,NO_IMPROPER_ACTION,FAILED_TO_YIELD_RIGHT_OF_WAY_103
2660825,2,ANGLE_FRONT_TO_SIDE,-112.16810685711,33.6545135630755,3,T_INTERSECTION,ANGLE_FRONT_TO_SIDE,PHOENIX,2012-09-18 07:51:00,NO_IMPROPER_ACTION,INATTENTION_DISTRACTION+NOT_APPLICABLE_MINUS_1
2660962,2,LEFT_TURN,-111.217688363375,32.1149501629269,3,T_INTERSECTION,LEFT_TURN,UNSPECIFIED_999,2012-10-19 08:11:00,NO_IMPROPER_ACTION,MADE_IMPROPER_TURN
2661191,2,ANGLE_FRONT_TO_SIDE,-112.129950889935,33.494950981034,2,T_INTERSECTION,ANGLE_FRONT_TO_SIDE,PHOENIX,2012-09-05 19:29:00,DISREGARDED_TRAFFIC_SIGNAL,UNKNOWN_99
2661364,2,ANGLE_FRONT_TO_SIDE,-110.257367183796,31.5285210687237,2,FOUR_WAY_INTERSECTION,ANGLE_FRONT_TO_SIDE,SIERRA VISTA,2012-08-30 11:48:00,NO_IMPROPER_ACTION,FAILED_TO_YIELD_RIGHT_OF_WAY_103
2661445,2,SIDESWIPE_OPPOSITE_DIRECTION,-111.772677348913,33.2630626369623,3,FOUR_WAY_INTERSECTION,SIDESWIPE_OPPOSITE_DIRECTION,GILBERT,2012-10-20 15:50:00,DISREGARDED_TRAFFIC_SIGNAL,NO_IMPROPER_ACTION+NOT_APPLICABLE_MINUS_1+NOT_APPLICABLE_MINUS_1+NOT_APPLICABLE_MINUS_1
2661564,2,ANGLE_FRONT_TO_SIDE,-111.017842045593,32.3373079695707,3,T_INTERSECTION,ANGLE_FRONT_TO_SIDE,UNSPECIFIED_999,2012-10-12 11:43:00,OTHER_97,NO_IMPROPER_ACTION
2661618,2,ANGLE_FRONT_TO_SIDE,-110.989710690004,32.2793699926376,3,FOUR_WAY_INTERSECTION,ANGLE_FRONT_TO_SIDE,UNSPECIFIED_999,2012-09-25 11:37:00,INATTENTION_DISTRACTION,NO_IMPROPER_ACTION
2661685,2,SIDESWIPE_SAME_DIRECTION,-110.958464147981,32.3372670418639,3,UNKNOWN_99,SIDESWIPE_SAME_DIRECTION,UNSPECIFIED_999,2012-09-27 07:36:00,NO_IMPROPER_ACTION,INATTENTION_DISTRACTION
2661693,2,SIDESWIPE_SAME_DIRECTION,-111.017942558991,32.2943216505551,1,T_INTERSECTION,SIDESWIPE_SAME_DIRECTION,UNSPECIFIED_999,2012-09-20 18:55:00,NO_IMPROPER_ACTION,FAILED_TO_YIELD_RIGHT_OF_WAY_103
2661698,2,SIDESWIPE_SAME_DIRECTION,-110.844709454189,32.3088701285293,3,NOT_REPORTED_255,SIDESWIPE_SAME_DIRECTION,UNSPECIFIED_999,2012-09-02 07:08:00,NO_IMPROPER_ACTION,INATTENTION_DISTRACTION
2661703,2,ANGLE_FRONT_TO_SIDE,-111.011085963751,32.2943312472462,3,FOUR_WAY_INTERSECTION,ANGLE_FRONT_TO_SIDE,UNSPECIFIED_999,2012-10-17 20:38:00,DID_NOT_USE_CROSSWALK,NO_IMPROPER_ACTION
2662086,2,LEFT_TURN,-111.772999310261,33.3500706102575,3,FOUR_WAY_INTERSECTION,LEFT_TURN,GILBERT,2012-10-25 06:11:00,NO_IMPROPER_ACTION,INATTENTION_DISTRACTION
2662095,2,SIDESWIPE_SAME_DIRECTION,-111.646452809135,35.2060743145308,1,UNKNOWN_99,SIDESWIPE_SAME_DIRECTION,FLAGSTAFF,2012-10-26 09:48:00,NO_IMPROPER_ACTION,OTHER_UNSAFE_PASSING+NOT_APPLICABLE_MINUS_1
2662231,2,ANGLE_FRONT_TO_SIDE,-111.459809830269,36.9188469232805,2,FOUR_WAY_INTERSECTION,ANGLE_FRONT_TO_SIDE,PAGE,2012-10-21 18:37:00,INATTENTION_DISTRACTION,NO_IMPROPER_ACTION
2662382,2,OTHER_97,-110.181690017053,31.5503049644921,5,NOT_AT_INTERSECTION_0,OTHER_97,UNSPECIFIED_999,2012-09-30 10:14:00,NO_IMPROPER_ACTION,INATTENTION_DISTRACTION
2662428,2,ANGLE_FRONT_TO_SIDE,-111.701610858661,33.4446197516871,2,FOUR_WAY_INTERSECTION,ANGLE_FRONT_TO_SIDE,MESA,2012-10-23 11:30:00,NO_IMPROPER_ACTION,MADE_IMPROPER_TURN
2662458,2,ANGLE_FRONT_TO_SIDE,-110.99585394364,32.4063630733909,2,UNKNOWN_99,ANGLE_FRONT_TO_SIDE,ORO VALLEY,2012-10-30 16:50:00,NO_IMPROPER_ACTION,NOT_APPLICABLE_MINUS_1+RAN_STOP_SIGN
2662485,2,LEFT_TURN,-110.995771007221,32.4097779199393,3,FOUR_WAY_INTERSECTION,LEFT_TURN,ORO VALLEY,2012-10-31 09:21:00,OTHER_97,NOT_APPLICABLE_MINUS_1+NO_IMPROPER_ACTION
2662523,2,HEAD_ON,-111.900543274415,33.3929758324539,2,FOUR_WAY_INTERSECTION,HEAD_ON,TEMPE,2012-08-03 05:47:00,DISREGARDED_TRAFFIC_SIGNAL,NO_IMPROPER_ACTION
2662566,2,ANGLE_FRONT_TO_SIDE,-111.694707012791,33.4663280079502,2,FOUR_WAY_INTERSECTION,ANGLE_FRONT_TO_SIDE,MESA,2012-10-22 13:35:00,INATTENTION_DISTRACTION,NO_IMPROPER_ACTION
2662626,2,ANGLE_FRONT_TO_SIDE,-111.896012378354,33.3638432508486,3,NOT_AT_INTERSECTION_0,ANGLE_FRONT_TO_SIDE,TEMPE,2012-08-14 08:04:00,NO_IMPROPER_ACTION,NOT_APPLICABLE_MINUS_1+NOT_APPLICABLE_MINUS_1+FAILED_TO_YIELD_RIGHT_OF_WAY_103+NOT_APPLICABLE_MINUS_1
2662632,2,ANGLE_FRONT_TO_SIDE,-111.94584501134,33.3582169282474,2,FOUR_WAY_INTERSECTION,ANGLE_FRONT_TO_SIDE,TEMPE,2012-08-14 07:30:00,INATTENTION_DISTRACTION,NO_IMPROPER_ACTION
2662633,2,ANGLE_FRONT_TO_SIDE,-111.839911346806,33.4129423095844,1,T_INTERSECTION,ANGLE_FRONT_TO_SIDE,MESA,2012-10-18 07:18:00,UNKNOWN_99,NO_IMPROPER_ACTION
2662674,2,ANGLE_FRONT_TO_SIDE,-111.773329205677,33.3645978312316,4,FOUR_WAY_INTERSECTION,ANGLE_FRONT_TO_SIDE,GILBERT,2012-11-02 14:14:00,NO_IMPROPER_ACTION,FAILED_TO_YIELD_RIGHT_OF_WAY_103
2662787,2,LEFT_TURN,-112.203035592321,33.6719380065625,3,FOUR_WAY_INTERSECTION,LEFT_TURN,GLENDALE,2012-09-02 16:52:00,DISREGARDED_PAVEMENT_MARKINGS,NO_IMPROPER_ACTION
2662789,2,ANGLE_FRONT_TO_SIDE,-112.186270272615,33.5672958762222,1,UNKNOWN_99,ANGLE_FRONT_TO_SIDE,GLENDALE,2012-09-01 15:08:00,OTHER_97,FAILED_TO_YIELD_RIGHT_OF_WAY_103
2662810,2,REAR_TO_SIDE,-112.186798609788,33.5385754440025,2,FIVE_POINT_OR_MORE,REAR_TO_SIDE,GLENDALE,2012-08-31 20:27:00,NO_IMPROPER_ACTION,NOT_APPLICABLE_MINUS_1+NOT_APPLICABLE_MINUS_1+INATTENTION_DISTRACTION
2662895,2,ANGLE_FRONT_TO_SIDE,-112.186123116189,33.5819280911971,3,FOUR_WAY_INTERSECTION,ANGLE_FRONT_TO_SIDE,GLENDALE,2012-08-30 15:36:00,DROVE_RODE_IN_OPPOSING_TRAFFIC_LANE,INATTENTION_DISTRACTION
2662899,2,ANGLE_FRONT_TO_SIDE,-112.202801721879,33.5853370394875,1,FOUR_WAY_INTERSECTION,ANGLE_FRONT_TO_SIDE,GLENDALE,2012-09-06 15:48:00,FAILED_TO_YIELD_RIGHT_OF_WAY_103,NO_IMPROPER_ACTION
2662957,2,ANGLE_FRONT_TO_SIDE,-111.814238405449,33.3788792220156,3,FOUR_WAY_INTERSECTION,ANGLE_FRONT_TO_SIDE,GILBERT,2012-10-24 15:49:00,OTHER_97,OTHER_97
2662960,2,LEFT_TURN,-112.20305583694,33.5383749728266,2,FOUR_WAY_INTERSECTION,LEFT_TURN,GLENDALE,2012-09-07 20:49:00,DISREGARDED_TRAFFIC_SIGNAL,NO_IMPROPER_ACTION
2662980,2,ANGLE_FRONT_TO_SIDE,-111.926284683281,33.415718781075,1,UNKNOWN_99,ANGLE_FRONT_TO_SIDE,TEMPE,2012-10-28 18:48:00,NO_IMPROPER_ACTION,SPEED_TOO_FAST_FOR_CONDITIONS
2662996,2,ANGLE_FRONT_TO_SIDE,-111.648584127262,35.2041722031428,1,T_INTERSECTION,ANGLE_FRONT_TO_SIDE,FLAGSTAFF,2012-10-22 21:15:00,INATTENTION_DISTRACTION,NO_IMPROPER_ACTION
2663010,2,UNKNOWN_99,-111.92892799007,33.4220159333696,3,UNKNOWN_99,UNKNOWN_99,TEMPE,2012-10-12 16:30:00,NO_IMPROPER_ACTION,MADE_IMPROPER_TURN
2663018,2,ANGLE_FRONT_TO_SIDE,-111.94058378338,33.4254981888363,2,FOUR_WAY_INTERSECTION,ANGLE_FRONT_TO_SIDE,TEMPE,2012-10-16 17:30:00,NO_IMPROPER_ACTION,FAILED_TO_YIELD_RIGHT_OF_WAY_103
2663026,2,ANGLE_FRONT_TO_SIDE,-112.194781796624,33.5818301877452,3,FOUR_WAY_INTERSECTION,ANGLE_FRONT_TO_SIDE,GLENDALE,2012-09-09 15:46:00,UNKNOWN_99,UNKNOWN_99
2663452,2,ANGLE_FRONT_TO_SIDE,-112.188255908431,33.5240502142626,2,UNKNOWN_99,ANGLE_FRONT_TO_SIDE,GLENDALE,2012-08-20 16:10:00,NO_IMPROPER_ACTION,FAILED_TO_YIELD_RIGHT_OF_WAY_103
2663488,2,ANGLE_FRONT_TO_SIDE,-111.943671182063,33.3928337727437,1,UNKNOWN_99,ANGLE_FRONT_TO_SIDE,TEMPE,2012-10-24 17:29:00,FAILED_TO_YIELD_RIGHT_OF_WAY_103,NO_IMPROPER_ACTION
2663588,2,OTHER_97,-112.220459549992,33.5379303606081,1,FOUR_WAY_INTERSECTION,OTHER_97,GLENDALE,2012-09-06 19:15:00,OTHER_97,NO_IMPROPER_ACTION
2663606,2,LEFT_TURN,-111.926449993513,33.3949868688371,4,FOUR_WAY_INTERSECTION,LEFT_TURN,TEMPE,2012-08-24 16:21:00,DROVE_RODE_IN_OPPOSING_TRAFFIC_LANE,NOT_APPLICABLE_MINUS_1+NO_IMPROPER_ACTION
2663657,2,ANGLE_FRONT_TO_SIDE,-112.151550600415,33.5128256941694,3,T_INTERSECTION,ANGLE_FRONT_TO_SIDE,PHOENIX,2012-09-30 10:30:00,OTHER_97,RAN_STOP_SIGN
2663684,2,ANGLE_FRONT_TO_SIDE,-112.220561135553,33.472932459744,2,FOUR_WAY_INTERSECTION,ANGLE_FRONT_TO_SIDE,PHOENIX,2012-09-24 10:08:00,FAILED_TO_YIELD_RIGHT_OF_WAY_103,NO_IMPROPER_ACTION
2663692,2,ANGLE_FRONT_TO_SIDE,-112.1602235005,33.5530995714752,4,FOUR_WAY_INTERSECTION,ANGLE_FRONT_TO_SIDE,GLENDALE,2012-09-26 09:02:00,DISREGARDED_TRAFFIC_SIGNAL,NO_IMPROPER_ACTION
2663702,2,ANGLE_FRONT_TO_SIDE,-111.955752913811,33.4509992390825,3,FOUR_WAY_INTERSECTION,ANGLE_FRONT_TO_SIDE,PHOENIX,2012-09-29 09:58:00,OTHER_97,NO_IMPROPER_ACTION
2663708,2,LEFT_TURN,-112.104297119492,33.4657829632104,2,T_INTERSECTION,LEFT_TURN,PHOENIX,2012-09-26 17:25:00,NO_IMPROPER_ACTION,FAILED_TO_YIELD_RIGHT_OF_WAY_103
2663711,2,ANGLE_FRONT_TO_SIDE,-111.995369063821,33.4077610707188,3,UNKNOWN_99,ANGLE_FRONT_TO_SIDE,PHOENIX,2012-09-27 07:50:00,OTHER_97,NO_IMPROPER_ACTION
2663726,2,OTHER_97,-112.167987875164,33.3775218971721,3,FOUR_WAY_INTERSECTION,OTHER_97,PHOENIX,2012-09-25 04:00:00,OTHER_97,ELECTRONIC_COMMUNICATIONS_DEVICE
2663863,2,ANGLE_FRONT_TO_SIDE,-111.71916347924,33.4083701848967,4,FOUR_WAY_INTERSECTION,ANGLE_FRONT_TO_SIDE,MESA,2012-10-29 12:20:00,DISREGARDED_TRAFFIC_SIGNAL,NO_IMPROPER_ACTION+NOT_APPLICABLE_MINUS_1
2663874,2,UNKNOWN_99,-111.996692371659,33.48043093043,1,UNKNOWN_99,UNKNOWN_99,PHOENIX,2012-09-24 15:00:00,NO_IMPROPER_ACTION,UNKNOWN_99
2663897,2,ANGLE_FRONT_TO_SIDE,-111.811438578602,33.396978220962,3,UNKNOWN_99,ANGLE_FRONT_TO_SIDE,MESA,2012-10-25 17:21:00,OTHER_UNSAFE_PASSING,NO_IMPROPER_ACTION
2663903,2,LEFT_TURN,-111.828868079275,33.4150999989471,3,FOUR_WAY_INTERSECTION,LEFT_TURN,MESA,2012-10-20 18:22:00,NO_IMPROPER_ACTION,MADE_IMPROPER_TURN
2663905,2,LEFT_TURN,-111.753643674883,33.4227531762804,2,FOUR_WAY_INTERSECTION,LEFT_TURN,MESA,2012-10-23 20:10:00,NO_IMPROPER_ACTION,NOT_APPLICABLE_MINUS_1+INATTENTION_DISTRACTION
2663909,2,ANGLE_FRONT_TO_SIDE,-111.72242588453,33.425563729708,3,T_INTERSECTION,ANGLE_FRONT_TO_SIDE,MESA,2012-10-16 08:15:00,FAILED_TO_KEEP_IN_PROPER_LANE,NO_IMPROPER_ACTION
2663910,2,OTHER_97,-111.672385611732,33.4306420664356,2,UNKNOWN_99,OTHER_97,MESA,2012-10-30 07:41:00,OTHER_97,OTHER_97
2663930,2,HEAD_ON,-111.856285964024,33.429400530307,2,FOUR_WAY_INTERSECTION,HEAD_ON,MESA,2012-10-25 18:34:00,OTHER_97,NO_IMPROPER_ACTION
2663946,2,HEAD_ON,-111.732641092394,33.4241952121013,3,FOUR_WAY_INTERSECTION,HEAD_ON,MESA,2012-10-19 17:10:00,DROVE_RODE_IN_OPPOSING_TRAFFIC_LANE,NO_IMPROPER_ACTION
2663949,2,ANGLE_FRONT_TO_SIDE,-112.202829132835,33.5817037042712,3,FOUR_WAY_INTERSECTION,ANGLE_FRONT_TO_SIDE,GLENDALE,2012-09-19 20:33:00,DISREGARDED_TRAFFIC_SIGNAL,NO_IMPROPER_ACTION
2663951,2,ANGLE_FRONT_TO_SIDE,-111.803538626463,33.4151997098171,3,UNKNOWN_99,ANGLE_FRONT_TO_SIDE,MESA,2012-10-12 17:17:00,DROVE_RODE_IN_OPPOSING_TRAFFIC_LANE,NO_IMPROPER_ACTION
2663953,2,LEFT_TURN,-111.840072863325,33.396941187806,1,FOUR_WAY_INTERSECTION,LEFT_TURN,MESA,2012-09-20 16:26:00,NO_IMPROPER_ACTION,NOT_APPLICABLE_MINUS_1+NOT_APPLICABLE_MINUS_1+NOT_APPLICABLE_MINUS_1+NOT_APPLICABLE_MINUS_1+DROVE_RODE_IN_OPPOSING_TRAFFIC_LANE
2663973,2,OTHER_97,-112.073459887973,33.3922170935521,2,FOUR_WAY_INTERSECTION,OTHER_97,PHOENIX,2012-08-24 23:20:00,NO_IMPROPER_ACTION,DISREGARDED_TRAFFIC_SIGNAL
2663998,2,HEAD_ON,-112.055587000555,33.5767402993432,2,UNKNOWN_99,HEAD_ON,PHOENIX,2012-09-17 08:07:00,NO_IMPROPER_ACTION,SPEED_TOO_FAST_FOR_CONDITIONS
2664030,2,ANGLE_FRONT_TO_SIDE,-112.186163829803,33.5463861263744,1,UNKNOWN_99,ANGLE_FRONT_TO_SIDE,GLENDALE,2012-09-20 17:06:00,NO_IMPROPER_ACTION,FAILED_TO_YIELD_RIGHT_OF_WAY_103
2664213,2,ANGLE_FRONT_TO_SIDE,-112.203100259281,33.6805372040419,3,T_INTERSECTION,ANGLE_FRONT_TO_SIDE,GLENDALE,2012-09-13 07:56:00,DROVE_RODE_IN_OPPOSING_TRAFFIC_LANE,INATTENTION_DISTRACTION
2664217,2,ANGLE_FRONT_TO_SIDE,-112.013307396972,33.5897355600056,3,FOUR_WAY_INTERSECTION,ANGLE_FRONT_TO_SIDE,PHOENIX,2012-09-25 07:40:00,NO_IMPROPER_ACTION,INATTENTION_DISTRACTION
2664236,2,ANGLE_FRONT_TO_SIDE,-112.047645482881,33.4836074317601,4,FOUR_WAY_INTERSECTION,ANGLE_FRONT_TO_SIDE,PHOENIX,2012-09-25 14:02:00,FAILED_TO_YIELD_RIGHT_OF_WAY_103,NO_IMPROPER_ACTION
2664277,3,OTHER_97,-112.136483294192,33.639931338094,2,T_INTERSECTION,OTHER_97,PHOENIX,2012-06-20 19:41:00,DROVE_RODE_IN_OPPOSING_TRAFFIC_LANE+DROVE_RODE_IN_OPPOSING_TRAFFIC_LANE,NO_IMPROPER_ACTION
2664382,2,ANGLE_FRONT_TO_SIDE,-111.980437560316,33.3186322680046,2,UNKNOWN_99,ANGLE_FRONT_TO_SIDE,PHOENIX,2012-09-10 15:20:00,FAILED_TO_KEEP_IN_PROPER_LANE,NO_IMPROPER_ACTION
2664414,2,ANGLE_FRONT_TO_SIDE,-111.702902577494,33.2925911129703,1,UNKNOWN_99,ANGLE_FRONT_TO_SIDE,GILBERT,2012-11-05 06:10:00,INATTENTION_DISTRACTION,INATTENTION_DISTRACTION
2664416,2,ANGLE_FRONT_TO_SIDE,-111.782054926692,33.3645209836405,3,FOUR_WAY_INTERSECTION,ANGLE_FRONT_TO_SIDE,GILBERT,2012-11-04 19:01:00,DISREGARDED_TRAFFIC_SIGNAL,NOT_APPLICABLE_MINUS_1+NO_IMPROPER_ACTION
2664481,2,ANGLE_FRONT_TO_SIDE,-112.328067385143,33.4758150873652,3,FOUR_WAY_INTERSECTION,ANGLE_FRONT_TO_SIDE,AVONDALE,2012-10-31 10:19:00,NO_IMPROPER_ACTION,FAILED_TO_YIELD_RIGHT_OF_WAY_103
2664533,2,ANGLE_FRONT_TO_SIDE,-110.968424794971,32.1986211553006,3,FOUR_WAY_INTERSECTION,ANGLE_FRONT_TO_SIDE,SOUTH TUCSON,2012-11-07 07:50:00,NO_IMPROPER_ACTION,UNKNOWN_99
2664645,2,ANGLE_FRONT_TO_SIDE,-112.406123662103,33.4355924795863,3,FOUR_WAY_INTERSECTION,ANGLE_FRONT_TO_SIDE,GOODYEAR,2012-10-30 07:44:00,FAILED_TO_YIELD_RIGHT_OF_WAY_103,NOT_APPLICABLE_MINUS_1+NO_IMPROPER_ACTION
2664782,2,ANGLE_FRONT_TO_SIDE,-111.926299434636,33.4218897424904,1,UNKNOWN_99,ANGLE_FRONT_TO_SIDE,TEMPE,2012-10-13 22:38:00,OTHER_97,UNKNOWN_99
2664792,2,ANGLE_FRONT_TO_SIDE,-111.668008484473,33.3625804693998,2,T_INTERSECTION,ANGLE_FRONT_TO_SIDE,MESA,2012-09-19 15:05:00,OTHER_97,NO_IMPROPER_ACTION
2664805,2,ANGLE_FRONT_TO_SIDE,-111.599004087729,33.3933129484347,1,UNKNOWN_99,ANGLE_FRONT_TO_SIDE,MESA,2012-10-28 10:45:00,NO_IMPROPER_ACTION,MADE_IMPROPER_TURN
2664823,2,OTHER_97,-111.874485479382,33.4133571491308,3,UNKNOWN_99,OTHER_97,MESA,2012-11-03 12:39:00,NO_IMPROPER_ACTION,NO_IMPROPER_ACTION
2664825,2,ANGLE_FRONT_TO_SIDE,-111.926261889674,33.3929576339383,1,FOUR_WAY_INTERSECTION,ANGLE_FRONT_TO_SIDE,TEMPE,2012-09-25 20:01:00,DISREGARDED_TRAFFIC_SIGNAL,NO_IMPROPER_ACTION
2664839,2,LEFT_TURN,-111.601303771363,33.3643968189641,3,FOUR_WAY_INTERSECTION,LEFT_TURN,MESA,2012-11-01 07:08:00,NO_IMPROPER_ACTION,NOT_APPLICABLE_MINUS_1+OTHER_97
2664848,2,ANGLE_FRONT_TO_SIDE,-111.687656691723,33.3642405464876,2,UNKNOWN_99,ANGLE_FRONT_TO_SIDE,GILBERT,2012-11-02 07:47:00,NO_IMPROPER_ACTION,NO_IMPROPER_ACTION
2664854,2,ANGLE_FRONT_TO_SIDE,-111.856590947826,33.4149111185627,3,FOUR_WAY_INTERSECTION,ANGLE_FRONT_TO_SIDE,MESA,2012-08-07 11:03:00,NO_IMPROPER_ACTION,OTHER_97+NOT_APPLICABLE_MINUS_1
2664931,2,SIDESWIPE_OPPOSITE_DIRECTION,-111.82142058681,33.451490483655,2,UNKNOWN_99,SIDESWIPE_OPPOSITE_DIRECTION,MESA,2012-08-19 17:32:00,NO_IMPROPER_ACTION,INATTENTION_DISTRACTION
2664941,2,REAR_END,-111.961423723606,33.4074188724732,3,UNKNOWN_99,REAR_END,TEMPE,2012-10-03 06:31:00,INATTENTION_DISTRACTION,NO_IMPROPER_ACTION
2664971,2,ANGLE_FRONT_TO_SIDE,-111.926272658348,33.4071336947688,3,UNKNOWN_99,ANGLE_FRONT_TO_SIDE,TEMPE,2012-09-27 14:56:00,DROVE_RODE_IN_OPPOSING_TRAFFIC_LANE,NO_IMPROPER_ACTION