IncidentID,num_vehicles_involved,eCollisionManner,Longitude,Latitude,InjurySeverity,eIntersectionType,eCollisionManner,city_name,IncidentDateTime,cyclist_citations,driver_citations
2665030,2,ANGLE_FRONT_TO_SIDE,-112.556285713807,33.4356729853568,1,FOUR_WAY_INTERSECTION,ANGLE_FRONT_TO_SIDE,BUCKEYE,2012-10-25 06:03:00,DISREGARDED_TRAFFIC_SIGNAL,NO_IMPROPER_ACTION
2665049,2,ANGLE_FRONT_TO_SIDE,-111.841693787302,33.3496543382066,3,FOUR_WAY_INTERSECTION,ANGLE_FRONT_TO_SIDE,CHANDLER,2012-07-09 09:54:00,DROVE_RODE_IN_OPPOSING_TRAFFIC_LANE,INATTENTION_DISTRACTION
2665065,2,OTHER_97,-112.590929655022,33.398444518638,4,UNKNOWN_99,OTHER_97,BUCKEYE,2012-03-28 15:03:00,INATTENTION_DISTRACTION,NOT_APPLICABLE_MINUS_1+NO_IMPROPER_ACTION+NOT_APPLICABLE_MINUS_1
2665087,2,SIDESWIPE_SAME_DIRECTION,-111.876210191209,33.2913826365717,1,FOUR_WAY_INTERSECTION,SIDESWIPE_SAME_DIRECTION,CHANDLER,2012-08-09 06:18:00,INATTENTION_DISTRACTION,NO_IMPROPER_ACTION
2665102,2,SIDESWIPE_SAME_DIRECTION,-111.844158437166,33.3061408853573,3,UNKNOWN_99,SIDESWIPE_SAME_DIRECTION,CHANDLER,2012-08-12 18:39:00,NO_IMPROPER_ACTION,UNKNOWN_99
2665123,2,SIDESWIPE_SAME_DIRECTION,-111.953361874651,33.3547993682107,2,UNKNOWN_99,SIDESWIPE_SAME_DIRECTION,TEMPE,2012-08-06 16:46:00,NO_IMPROPER_ACTION,OTHER_97
2665130,2,ANGLE_FRONT_TO_SIDE,-111.93376734803,33.4146941758146,2,UNKNOWN_99,ANGLE_FRONT_TO_SIDE,TEMPE,2012-08-24 13:35:00,DROVE_RODE_IN_OPPOSING_TRAFFIC_LANE,NO_IMPROPER_ACTION+NOT_APPLICABLE_MINUS_1
2665142,2,ANGLE_FRONT_TO_SIDE,-111.944281096232,33.4254682030754,3,FOUR_WAY_INTERSECTION,ANGLE_FRONT_TO_SIDE,TEMPE,2012-08-28 11:35:00,NO_IMPROPER_ACTION,FAILED_TO_YIELD_RIGHT_OF_WAY_103
2665169,2,ANGLE_FRONT_TO_SIDE,-111.926815908691,33.3822796338039,4,T_INTERSECTION,ANGLE_FRONT_TO_SIDE,TEMPE,2012-08-24 13:34:00,FAILED_TO_YIELD_RIGHT_OF_WAY_103,NO_IMPROPER_ACTION
2665192,2,ANGLE_FRONT_TO_SIDE,-111.841562382173,33.2878677432284,3,INTERSECTION_AS_PART_OF_INTERCHANGE,ANGLE_FRONT_TO_SIDE,CHANDLER,2012-08-03 06:44:00,NO_IMPROPER_ACTION,INATTENTION_DISTRACTION
2665204,2,ANGLE_FRONT_TO_SIDE,-111.89492281422,33.3058987458431,2,INTERSECTION_AS_PART_OF_INTERCHANGE,ANGLE_FRONT_TO_SIDE,CHANDLER,2012-08-04 15:22:00,OTHER_97,UNKNOWN_99
2665237,2,OTHER_97,-112.237892357678,33.5519662467598,2,FOUR_WAY_INTERSECTION,OTHER_97,PEORIA,2012-11-09 18:20:00,MADE_IMPROPER_TURN,NOT_APPLICABLE_MINUS_1+NOT_APPLICABLE_MINUS_1+NO_IMPROPER_ACTION
2665277,2,ANGLE_FRONT_TO_SIDE,-112.321439733254,34.596195998014,3,FOUR_WAY_INTERSECTION,ANGLE_FRONT_TO_SIDE,PRESCOTT VALLEY,2012-10-16 22:44:00,UNKNOWN_99,NO_IMPROPER_ACTION
2665627,2,LEFT_TURN,-111.926275229005,33.412806288658,2,T_INTERSECTION,LEFT_TURN,TEMPE,2012-10-18 17:20:00,NO_IMPROPER_ACTION,FAILED_TO_YIELD_RIGHT_OF_WAY_103
2665669,2,OTHER_97,-111.852309817205,33.4294607236738,1,FOUR_WAY_INTERSECTION,OTHER_97,MESA,2012-11-09 07:58:00,NO_IMPROPER_ACTION,SPEED_TOO_FAST_FOR_CONDITIONS
2665699,2,OTHER_97,-111.840058370969,33.3933561952726,2,FOUR_WAY_INTERSECTION,OTHER_97,MESA,2012-10-29 05:17:00,DISREGARDED_TRAFFIC_SIGNAL,NO_IMPROPER_ACTION
2665701,2,ANGLE_FRONT_TO_SIDE,-111.874592761678,33.4017012858796,2,UNKNOWN_99,ANGLE_FRONT_TO_SIDE,MESA,2012-10-28 20:00:00,NO_IMPROPER_ACTION,INATTENTION_DISTRACTION
2665704,2,ANGLE_FRONT_TO_SIDE,-111.598840326321,33.3933119792724,2,NOT_AT_INTERSECTION_0,ANGLE_FRONT_TO_SIDE,MESA,2012-10-28 09:44:00,NO_IMPROPER_ACTION,MADE_IMPROPER_TURN+NOT_APPLICABLE_MINUS_1
2665722,2,ANGLE_FRONT_TO_SIDE,-111.87774148165,33.3676102688627,3,FOUR_WAY_INTERSECTION,ANGLE_FRONT_TO_SIDE,MESA,2012-11-01 15:14:00,OTHER_97,OTHER_97
2665724,2,ANGLE_FRONT_TO_SIDE,-111.81420808288,33.3907578435399,2,FOUR_WAY_INTERSECTION,ANGLE_FRONT_TO_SIDE,MESA,2012-10-30 15:04:00,OTHER_97,OTHER_97
2665747,2,ANGLE_FRONT_TO_SIDE,-111.668807581565,35.1881158769659,1,FOUR_WAY_INTERSECTION,ANGLE_FRONT_TO_SIDE,FLAGSTAFF,2012-10-25 18:34:00,NO_IMPROPER_ACTION,INATTENTION_DISTRACTION
2665768,2,SIDESWIPE_SAME_DIRECTION,-111.595828413405,35.2147229116711,2,T_INTERSECTION,SIDESWIPE_SAME_DIRECTION,FLAGSTAFF,2012-10-21 19:00:00,UNKNOWN_99,UNKNOWN_99
2665772,2,OTHER_97,-112.228966178854,33.6381757931939,3,FOUR_WAY_INTERSECTION,OTHER_97,GLENDALE,2012-11-06 20:17:00,FAILED_TO_YIELD_RIGHT_OF_WAY_103,NOT_APPLICABLE_MINUS_1+NOT_APPLICABLE_MINUS_1+NO_IMPROPER_ACTION
2665804,2,REAR_TO_SIDE,-110.968389863883,32.1945087268062,3,FOUR_WAY_INTERSECTION,REAR_TO_SIDE,SOUTH TUCSON,2012-10-24 13:54:00,OTHER_97,NO_IMPROPER_ACTION
2665814,2,OTHER_97,-112.2119618563,33.6090306670597,2,FOUR_WAY_INTERSECTION,OTHER_97,PEORIA,2012-10-31 17:36:00,NO_IMPROPER_ACTION,MADE_IMPROPER_TURN
2665953,2,REAR_END,-110.257344885341,31.5454014566366,1,FOUR_WAY_INTERSECTION,REAR_END,SIERRA VISTA,2012-08-04 13:55:00,NO_IMPROPER_ACTION,ELECTRONIC_COMMUNICATIONS_DEVICE
2666040,2,ANGLE_FRONT_TO_SIDE,-112.340942167103,33.4642341196372,1,FOUR_WAY_INTERSECTION,ANGLE_FRONT_TO_SIDE,AVONDALE,2012-11-05 06:45:00,NO_IMPROPER_ACTION,UNKNOWN_99
2666050,2,ANGLE_FRONT_TO_SIDE,-112.332181138161,33.4932423526768,3,FOUR_WAY_INTERSECTION,ANGLE_FRONT_TO_SIDE,AVONDALE,2012-10-31 18:03:00,DISREGARDED_TRAFFIC_SIGNAL,NO_IMPROPER_ACTION
2666094,2,SIDESWIPE_SAME_DIRECTION,-112.325454585601,33.4495187176275,1,FOUR_WAY_INTERSECTION,SIDESWIPE_SAME_DIRECTION,AVONDALE,2012-11-08 16:56:00,FOLLOWED_TOO_CLOSELY,NO_IMPROPER_ACTION
2666243,2,OTHER_97,-111.754055999071,33.5808829917289,5,NOT_AT_INTERSECTION_0,OTHER_97,FOUNTAIN HILLS,2012-10-14 12:25:00,NO_IMPROPER_ACTION,FAILED_TO_KEEP_IN_PROPER_LANE
2666329,2,ANGLE_FRONT_TO_SIDE,-111.106442956056,32.3513605099972,1,T_INTERSECTION,ANGLE_FRONT_TO_SIDE,MARANA,2012-10-30 18:50:00,UNKNOWN_99,UNKNOWN_99
2666648,2,ANGLE_FRONT_TO_SIDE,-111.939365638873,33.3787500016824,1,FOUR_WAY_INTERSECTION,ANGLE_FRONT_TO_SIDE,TEMPE,2012-11-02 16:20:00,SPEED_TOO_FAST_FOR_CONDITIONS,NOT_APPLICABLE_MINUS_1+NO_IMPROPER_ACTION+NOT_APPLICABLE_MINUS_1
2666649,2,SIDESWIPE_SAME_DIRECTION,-111.91776337791,33.4194275830584,1,FOUR_WAY_INTERSECTION,SIDESWIPE_SAME_DIRECTION,TEMPE,2012-11-02 16:08:00,RAN_STOP_SIGN,UNKNOWN_99
2666696,2,OTHER_97,-112.358082323429,33.5082686243555,1,FOUR_WAY_INTERSECTION,OTHER_97,LITCHFIELD PARK,2012-10-05 06:33:00,NO_IMPROPER_ACTION,UNKNOWN_99
2666861,2,ANGLE_FRONT_TO_SIDE,-111.909444518019,33.3862191008478,3,NOT_REPORTED_255,ANGLE_FRONT_TO_SIDE,TEMPE,2012-11-16 22:00:00,NO_IMPROPER_ACTION,FAILED_TO_YIELD_RIGHT_OF_WAY_103
2667018,2,HEAD_ON,-112.012914689744,33.4699305006072,3,T_INTERSECTION,HEAD_ON,PHOENIX,2012-09-15 19:55:00,DID_NOT_USE_CROSSWALK,NO_IMPROPER_ACTION
2667051,2,OTHER_97,-112.069413589529,33.5455303696413,3,FOUR_WAY_INTERSECTION,OTHER_97,PHOENIX,2012-09-26 10:31:00,RAN_STOP_SIGN,NO_IMPROPER_ACTION
2667059,2,ANGLE_FRONT_TO_SIDE,-112.054303392511,33.4366827603055,2,T_INTERSECTION,ANGLE_FRONT_TO_SIDE,PHOENIX,2012-10-04 08:06:00,NO_IMPROPER_ACTION,FAILED_TO_YIELD_RIGHT_OF_WAY_103
2667091,2,OTHER_97,-112.099640984737,33.6110039714725,2,FOUR_WAY_INTERSECTION,OTHER_97,PHOENIX,2012-09-20 14:30:00,NO_IMPROPER_ACTION,FAILED_TO_YIELD_RIGHT_OF_WAY_103
2667164,2,ANGLE_FRONT_TO_SIDE,-112.13420919869,33.6396086305883,4,FOUR_WAY_INTERSECTION,ANGLE_FRONT_TO_SIDE,PHOENIX,2012-08-20 13:03:00,NO_IMPROPER_ACTION,NO_IMPROPER_ACTION
2667294,2,ANGLE_FRONT_TO_SIDE,-112.116912277348,33.5310861689847,3,UNKNOWN_99,ANGLE_FRONT_TO_SIDE,PHOENIX,2012-10-01 09:04:00,UNKNOWN_99,OTHER_97
2667418,2,ANGLE_FRONT_TO_SIDE,-111.961509457765,33.4654714696349,3,NOT_AT_INTERSECTION_0,ANGLE_FRONT_TO_SIDE,PHOENIX,2012-09-06 09:57:00,OTHER_97,NO_IMPROPER_ACTION
2667550,2,ANGLE_FRONT_TO_SIDE,-112.008303852242,33.4512812037977,1,UNKNOWN_99,ANGLE_FRONT_TO_SIDE,PHOENIX,2012-10-02 13:55:00,DROVE_RODE_IN_OPPOSING_TRAFFIC_LANE,NO_IMPROPER_ACTION
2667587,2,ANGLE_FRONT_TO_SIDE,-111.757687060224,33.3356871972839,4,FOUR_WAY_INTERSECTION,ANGLE_FRONT_TO_SIDE,GILBERT,2012-11-18 07:57:00,DROVE_RODE_IN_OPPOSING_TRAFFIC_LANE,NO_IMPROPER_ACTION
2667613,2,ANGLE_FRONT_TO_SIDE,-111.741300593845,33.3736992960884,3,T_INTERSECTION,ANGLE_FRONT_TO_SIDE,GILBERT,2012-11-16 14:43:00,DROVE_RODE_IN_OPPOSING_TRAFFIC_LANE,NO_IMPROPER_ACTION
2667651,2,ANGLE_FRONT_TO_SIDE,-112.047999823064,33.0584585746474,4,NOT_REPORTED_255,ANGLE_FRONT_TO_SIDE,MARICOPA,2012-10-17 08:03:00,INATTENTION_DISTRACTION,INATTENTION_DISTRACTION
2667746,2,ANGLE_FRONT_TO_SIDE,-111.794030005347,33.2918729130266,2,FOUR_WAY_INTERSECTION,ANGLE_FRONT_TO_SIDE,CHANDLER,2012-08-22 15:56:00,NO_IMPROPER_ACTION,DISREGARDED_PAVEMENT_MARKINGS
2667752,2,ANGLE_FRONT_TO_SIDE,-111.834211440807,33.3061815301169,3,T_INTERSECTION,ANGLE_FRONT_TO_SIDE,CHANDLER,2012-08-23 07:58:00,INATTENTION_DISTRACTION,INATTENTION_DISTRACTION
2667785,2,SIDESWIPE_SAME_DIRECTION,-111.876205360907,33.2876667195357,3,FOUR_WAY_INTERSECTION,SIDESWIPE_SAME_DIRECTION,CHANDLER,2012-08-24 15:44:00,OTHER_97,NO_IMPROPER_ACTION+NOT_APPLICABLE_MINUS_1
2667905,2,ANGLE_FRONT_TO_SIDE,-111.661004424903,33.3648267618161,2,NOT_AT_INTERSECTION_0,ANGLE_FRONT_TO_SIDE,MESA,2012-11-18 08:37:00,NO_IMPROPER_ACTION,NO_IMPROPER_ACTION+NOT_APPLICABLE_MINUS_1+NOT_APPLICABLE_MINUS_1
2667975,2,ANGLE_FRONT_TO_SIDE,-111.707099924679,33.437365170459,1,FOUR_WAY_INTERSECTION,ANGLE_FRONT_TO_SIDE,MESA,2012-10-18 08:42:00,DISREGARDED_TRAFFIC_SIGNAL,NO_IMPROPER_ACTION
2667984,2,HEAD_ON,-111.856338152005,33.4439835268496,3,T_INTERSECTION,HEAD_ON,MESA,2012-11-14 07:11:00,INATTENTION_DISTRACTION,INATTENTION_DISTRACTION
2668014,2,ANGLE_FRONT_TO_SIDE,0,0,3,UNKNOWN_99,ANGLE_FRONT_TO_SIDE,UNSPECIFIED_999,2012-06-09 19:50:00,UNKNOWN_99,NOT_APPLICABLE_MINUS_1+NOT_APPLICABLE_MINUS_1+NOT_APPLICABLE_MINUS_1+NOT_APPLICABLE_MINUS_1+NO_IMPROPER_ACTION
2668024,2,OTHER_97,-111.871728169017,33.3649761013699,3,T_INTERSECTION,OTHER_97,MESA,2012-11-15 07:55:00,INATTENTION_DISTRACTION,NO_IMPROPER_ACTION+NOT_APPLICABLE_MINUS_1+NOT_APPLICABLE_MINUS_1
2668063,2,SIDESWIPE_OPPOSITE_DIRECTION,-111.7017598629,33.4373725223403,2,FOUR_WAY_INTERSECTION,SIDESWIPE_OPPOSITE_DIRECTION,MESA,2012-10-29 15:58:00,DROVE_RODE_IN_OPPOSING_TRAFFIC_LANE,OTHER_97
2668065,2,LEFT_TURN,-111.8745803933,33.4003299874045,1,FOUR_WAY_INTERSECTION,LEFT_TURN,MESA,2012-10-26 15:30:00,NO_IMPROPER_ACTION,MADE_IMPROPER_TURN
2668067,2,LEFT_TURN,-111.844297248078,33.4077779458981,1,T_INTERSECTION,LEFT_TURN,MESA,2012-11-06 16:37:00,NO_IMPROPER_ACTION,INATTENTION_DISTRACTION
2668078,2,SIDESWIPE_OPPOSITE_DIRECTION,-111.848750322151,33.3787764746283,2,FOUR_WAY_INTERSECTION,SIDESWIPE_OPPOSITE_DIRECTION,MESA,2012-11-11 09:52:00,OTHER_97,UNKNOWN_99
2668179,2,SIDESWIPE_SAME_DIRECTION,-112.484449797497,34.5596997042499,3,T_INTERSECTION,SIDESWIPE_SAME_DIRECTION,PRESCOTT,2012-11-16 14:10:00,NO_IMPROPER_ACTION,INATTENTION_DISTRACTION
2668229,2,OTHER_97,0,0,3,UNKNOWN_99,OTHER_97,UNSPECIFIED_999,2012-07-01 20:15:00,NO_IMPROPER_ACTION,OTHER_UNSAFE_PASSING
2668315,2,ANGLE_FRONT_TO_SIDE,-111.93696853315,33.4255100346068,2,NOT_AT_INTERSECTION_0,ANGLE_FRONT_TO_SIDE,TEMPE,2012-10-18 17:54:00,UNSAFE_LANE_CHANGE,NOT_APPLICABLE_MINUS_1+NO_IMPROPER_ACTION+NOT_APPLICABLE_MINUS_1
2668336,2,LEFT_TURN,-111.926285972764,33.4191385912175,1,T_INTERSECTION,LEFT_TURN,TEMPE,2012-11-01 08:46:00,FAILED_TO_YIELD_RIGHT_OF_WAY_103,NO_IMPROPER_ACTION
2668664,2,OTHER_97,-111.572017060528,33.4146617903955,1,UNKNOWN_99,OTHER_97,APACHE JUNCTION,2012-11-04 15:44:00,FAILED_TO_YIELD_RIGHT_OF_WAY_103,NO_IMPROPER_ACTION
2668797,2,LEFT_TURN,-112.096074145764,33.303965184164,3,T_INTERSECTION,LEFT_TURN,PHOENIX,2012-10-12 14:04:00,FAILED_TO_YIELD_RIGHT_OF_WAY_103,NO_IMPROPER_ACTION
2668826,3,SIDESWIPE_SAME_DIRECTION,-112.137522673235,33.5094450658246,2,NOT_AT_INTERSECTION_0,SIDESWIPE_SAME_DIRECTION,PHOENIX,2012-10-05 18:37:00,FAILED_TO_YIELD_RIGHT_OF_WAY_103+FAILED_TO_YIELD_RIGHT_OF_WAY_103,NO_IMPROPER_ACTION
2668838,2,REAR_END,-111.988569634806,33.6262900703178,2,NOT_AT_INTERSECTION_0,REAR_END,PHOENIX,2012-10-09 07:12:00,NO_IMPROPER_ACTION,SPEED_TOO_FAST_FOR_CONDITIONS
2669038,2,LEFT_TURN,-112.080165955481,33.4547382874604,3,FOUR_WAY_INTERSECTION,LEFT_TURN,PHOENIX,2012-10-11 08:51:00,MADE_IMPROPER_TURN,NOT_APPLICABLE_MINUS_1+NO_IMPROPER_ACTION
2669051,2,ANGLE_FRONT_TO_SIDE,-112.069433352431,33.4767169709556,3,FOUR_WAY_INTERSECTION,ANGLE_FRONT_TO_SIDE,PHOENIX,2012-10-03 08:48:00,OTHER_97,NO_IMPROPER_ACTION
2669072,2,SIDESWIPE_SAME_DIRECTION,-112.156680116895,33.7126561528676,3,UNKNOWN_99,SIDESWIPE_SAME_DIRECTION,PHOENIX,2012-09-28 20:39:00,FAILED_TO_KEEP_IN_PROPER_LANE,NO_IMPROPER_ACTION
2669092,2,ANGLE_FRONT_TO_SIDE,-111.996163492762,33.6394076823214,2,UNKNOWN_99,ANGLE_FRONT_TO_SIDE,PHOENIX,2012-10-07 07:18:00,INATTENTION_DISTRACTION,FAILED_TO_YIELD_RIGHT_OF_WAY_103
2669113,2,ANGLE_FRONT_TO_SIDE,-112.104172405763,33.5097013734507,2,UNKNOWN_99,ANGLE_FRONT_TO_SIDE,PHOENIX,2012-10-02 08:10:00,INATTENTION_DISTRACTION,NO_IMPROPER_ACTION
2669199,2,ANGLE_FRONT_TO_SIDE,-112.169182422126,33.4732978824346,3,T_INTERSECTION,ANGLE_FRONT_TO_SIDE,PHOENIX,2012-10-06 18:49:00,DROVE_RODE_IN_OPPOSING_TRAFFIC_LANE,FAILED_TO_YIELD_RIGHT_OF_WAY_103
2669208,2,LEFT_TURN,-112.229207572889,33.4670741285952,3,T_INTERSECTION,LEFT_TURN,PHOENIX,2012-10-04 17:21:00,NO_IMPROPER_ACTION,NOT_APPLICABLE_MINUS_1+FAILED_TO_YIELD_RIGHT_OF_WAY_103
2669228,2,OTHER_97,-112.116961355394,33.5145740163506,3,UNKNOWN_99,OTHER_97,PHOENIX,2012-10-06 14:40:00,NO_IMPROPER_ACTION,NO_IMPROPER_ACTION
2669252,2,ANGLE_FRONT_TO_SIDE,-112.099980091203,33.4610374531326,3,FOUR_WAY_INTERSECTION,ANGLE_FRONT_TO_SIDE,PHOENIX,2012-10-11 15:14:00,DROVE_RODE_IN_OPPOSING_TRAFFIC_LANE,NO_IMPROPER_ACTION
2669266,2,ANGLE_FRONT_TO_SIDE,-112.078525626054,33.4948315340593,2,UNKNOWN_99,ANGLE_FRONT_TO_SIDE,PHOENIX,2012-10-11 16:42:00,DROVE_RODE_IN_OPPOSING_TRAFFIC_LANE,NO_IMPROPER_ACTION
2669281,2,SIDESWIPE_OPPOSITE_DIRECTION,-111.987064628049,33.4691946979721,2,FOUR_WAY_INTERSECTION,SIDESWIPE_OPPOSITE_DIRECTION,PHOENIX,2012-10-15 07:33:00,DROVE_RODE_IN_OPPOSING_TRAFFIC_LANE,FAILED_TO_YIELD_RIGHT_OF_WAY_103
2669287,2,ANGLE_FRONT_TO_SIDE,-112.062817194989,33.5128549695396,3,FOUR_WAY_INTERSECTION,ANGLE_FRONT_TO_SIDE,PHOENIX,2012-10-15 17:08:00,NO_IMPROPER_ACTION,RAN_STOP_SIGN
2669312,2,LEFT_TURN,-112.000252381809,33.6550606953535,4,INTERSECTION_AS_PART_OF_INTERCHANGE,LEFT_TURN,PHOENIX,2012-10-09 08:34:00,DISREGARDED_TRAFFIC_SIGNAL,NO_IMPROPER_ACTION
2669365,2,ANGLE_FRONT_TO_SIDE,-112.151692554533,33.4949418837752,1,FOUR_WAY_INTERSECTION,ANGLE_FRONT_TO_SIDE,PHOENIX,2012-10-09 08:56:00,UNKNOWN_99,NOT_APPLICABLE_MINUS_1+NOT_APPLICABLE_MINUS_1+NO_IMPROPER_ACTION
2669458,2,LEFT_TURN,-111.748662810708,32.8736589768064,3,T_INTERSECTION,LEFT_TURN,CASA GRANDE,2012-11-06 16:37:00,FAILED_TO_YIELD_RIGHT_OF_WAY_103,NO_IMPROPER_ACTION
2669476,3,OTHER_97,-112.081756027079,33.4658131771756,2,NOT_AT_INTERSECTION_0,OTHER_97,PHOENIX,2012-10-12 12:01:00,OTHER_97+OTHER_97,NO_IMPROPER_ACTION
2669525,2,OTHER_97,-111.740025965903,32.8795841310714,3,FOUR_WAY_INTERSECTION,OTHER_97,CASA GRANDE,2012-11-01 08:10:00,NO_IMPROPER_ACTION,NOT_APPLICABLE_MINUS_1+NOT_APPLICABLE_MINUS_1+FAILED_TO_YIELD_RIGHT_OF_WAY_103
2669920,2,ANGLE_FRONT_TO_SIDE,-111.731305017765,32.8841947477455,2,UNKNOWN_99,ANGLE_FRONT_TO_SIDE,CASA GRANDE,2012-11-20 16:28:00,FAILED_TO_KEEP_IN_PROPER_LANE,NO_IMPROPER_ACTION
2669953,2,ANGLE_FRONT_TO_SIDE,-111.910184779214,33.4074967348176,3,UNKNOWN_99,ANGLE_FRONT_TO_SIDE,TEMPE,2012-11-14 17:54:00,NO_IMPROPER_ACTION,FAILED_TO_YIELD_RIGHT_OF_WAY_103
2669962,2,ANGLE_FRONT_TO_SIDE,-111.942454377167,33.4219285756024,3,FOUR_WAY_INTERSECTION,ANGLE_FRONT_TO_SIDE,TEMPE,2012-11-03 07:59:00,OTHER_97,FAILED_TO_YIELD_RIGHT_OF_WAY_103
2669994,2,ANGLE_FRONT_TO_SIDE,-111.939711863181,33.4001094814051,1,UNKNOWN_99,ANGLE_FRONT_TO_SIDE,TEMPE,2012-09-18 10:01:00,OTHER_97,NOT_APPLICABLE_MINUS_1+NO_IMPROPER_ACTION+NOT_APPLICABLE_MINUS_1
2670050,2,ANGLE_FRONT_TO_SIDE,-111.744036877909,33.3067760879278,3,FOUR_WAY_INTERSECTION,ANGLE_FRONT_TO_SIDE,GILBERT,2012-11-16 09:33:00,DROVE_RODE_IN_OPPOSING_TRAFFIC_LANE,INATTENTION_DISTRACTION
2670109,2,ANGLE_FRONT_TO_SIDE,-111.916273526623,33.4075015860694,2,UNKNOWN_99,ANGLE_FRONT_TO_SIDE,TEMPE,2012-11-14 18:00:00,OTHER_97,NO_IMPROPER_ACTION
2670112,2,SIDESWIPE_SAME_DIRECTION,-111.928923453046,33.4200873508137,2,T_INTERSECTION,SIDESWIPE_SAME_DIRECTION,TEMPE,2012-11-14 11:49:00,OTHER_97,NO_IMPROPER_ACTION
2670118,2,ANGLE_FRONT_TO_SIDE,-111.909628635705,33.4366158241797,3,T_INTERSECTION,ANGLE_FRONT_TO_SIDE,TEMPE,2012-11-15 16:33:00,FAILED_TO_YIELD_RIGHT_OF_WAY_103,NO_IMPROPER_ACTION
2670148,2,ANGLE_FRONT_TO_SIDE,-111.613564918684,35.2154946667229,1,T_INTERSECTION,ANGLE_FRONT_TO_SIDE,FLAGSTAFF,2012-11-14 08:34:00,UNKNOWN_99,UNKNOWN_99
2670164,2,ANGLE_FRONT_TO_SIDE,-111.926213874929,33.4209812629063,3,T_INTERSECTION,ANGLE_FRONT_TO_SIDE,TEMPE,2012-08-26 17:03:00,OTHER_97,NO_IMPROPER_ACTION
2670171,2,LEFT_TURN,-112.342827840913,34.5998759105262,3,FOUR_WAY_INTERSECTION,LEFT_TURN,PRESCOTT VALLEY,2012-11-14 13:24:00,NO_IMPROPER_ACTION,UNKNOWN_99
2670197,2,LEFT_TURN,-111.939968798387,33.4205820907595,3,T_INTERSECTION,LEFT_TURN,TEMPE,2012-09-06 19:44:00,KNOWINGLY_OPERATED_WITH_FAULTY_MISSING_EQUIPMENT,OTHER_97
2670331,2,ANGLE_FRONT_TO_SIDE,-112.220340451084,33.6744388880937,3,FOUR_WAY_INTERSECTION,ANGLE_FRONT_TO_SIDE,GLENDALE,2012-10-01 14:45:00,DROVE_RODE_IN_OPPOSING_TRAFFIC_LANE,NOT_APPLICABLE_MINUS_1+NO_IMPROPER_ACTION
2670427,2,ANGLE_FRONT_TO_SIDE,-111.867593253473,33.2914702321787,1,FOUR_WAY_INTERSECTION,ANGLE_FRONT_TO_SIDE,CHANDLER,2012-08-30 09:00:00,NO_IMPROPER_ACTION,INATTENTION_DISTRACTION
2670466,2,LEFT_TURN,-112.474548646716,34.5399559397513,3,UNKNOWN_99,LEFT_TURN,PRESCOTT,2012-12-03 18:50:00,NO_IMPROPER_ACTION,INATTENTION_DISTRACTION
2670491,2,ANGLE_FRONT_TO_SIDE,-112.047724648354,33.0656620461616,2,FOUR_WAY_INTERSECTION,ANGLE_FRONT_TO_SIDE,MARICOPA,2012-11-06 09:05:00,WALKED_ON_WRONG_SIDE_OF_ROAD,INATTENTION_DISTRACTION
2670497,2,SIDESWIPE_SAME_DIRECTION,-111.824113605574,33.3061881616797,2,FOUR_WAY_INTERSECTION,SIDESWIPE_SAME_DIRECTION,CHANDLER,2012-09-05 16:40:00,UNKNOWN_99,UNKNOWN_99
2670575,2,ANGLE_FRONT_TO_SIDE,-112.195016188512,33.5239571468791,2,FOUR_WAY_INTERSECTION,ANGLE_FRONT_TO_SIDE,GLENDALE,2012-10-06 11:43:00,NO_IMPROPER_ACTION,DISREGARDED_TRAFFIC_SIGNAL
2670578,2,ANGLE_FRONT_TO_SIDE,-112.202173663287,33.5817155481452,2,UNKNOWN_99,ANGLE_FRONT_TO_SIDE,GLENDALE,2012-10-05 17:47:00,NO_IMPROPER_ACTION,NO_IMPROPER_ACTION
2670772,2,ANGLE_FRONT_TO_SIDE,-112.168610357903,33.5384424616444,1,FOUR_WAY_INTERSECTION,ANGLE_FRONT_TO_SIDE,GLENDALE,2012-10-10 21:31:00,DISREGARDED_TRAFFIC_SIGNAL,NO_IMPROPER_ACTION
2670788,2,ANGLE_FRONT_TO_SIDE,-112.194945060701,33.5529659854512,2,FOUR_WAY_INTERSECTION,ANGLE_FRONT_TO_SIDE,GLENDALE,2012-10-12 07:39:00,NO_IMPROPER_ACTION,FAILED_TO_YIELD_RIGHT_OF_WAY_103
2670816,2,ANGLE_FRONT_TO_SIDE,-112.185689357116,33.6268061729067,3,UNKNOWN_99,ANGLE_FRONT_TO_SIDE,GLENDALE,2012-10-16 11:09:00,DROVE_RODE_IN_OPPOSING_TRAFFIC_LANE,NO_IMPROPER_ACTION
2670921,2,ANGLE_FRONT_TO_SIDE,-112.203062918792,33.6891850483176,2,T_INTERSECTION,ANGLE_FRONT_TO_SIDE,GLENDALE,2012-10-17 07:18:00,INATTENTION_DISTRACTION,NO_IMPROPER_ACTION
2670929,2,ANGLE_FRONT_TO_SIDE,-112.199057407057,33.65354193061,2,FOUR_WAY_INTERSECTION,ANGLE_FRONT_TO_SIDE,GLENDALE,2012-10-17 13:46:00,DROVE_RODE_IN_OPPOSING_TRAFFIC_LANE,INATTENTION_DISTRACTION