IncidentID,num_vehicles_involved,eCollisionManner,Longitude,Latitude,InjurySeverity,eIntersectionType,eCollisionManner,city_name,IncidentDateTime,cyclist_citations,driver_citations
2671208,2,ANGLE_FRONT_TO_SIDE,-112.257734273546,33.6636505416676,4,T_INTERSECTION,ANGLE_FRONT_TO_SIDE,PEORIA,2012-11-28 11:32:00,NO_IMPROPER_ACTION,FAILED_TO_YIELD_RIGHT_OF_WAY_103
2671211,2,OTHER_97,-112.267382697844,33.7248835076857,2,FOUR_WAY_INTERSECTION,OTHER_97,PEORIA,2012-11-27 17:23:00,FAILED_TO_KEEP_IN_PROPER_LANE,NO_IMPROPER_ACTION
2671212,2,ANGLE_FRONT_TO_SIDE,-112.241997096326,33.6381421963265,2,FOUR_WAY_INTERSECTION,ANGLE_FRONT_TO_SIDE,PEORIA,2012-11-27 06:40:00,DROVE_RODE_IN_OPPOSING_TRAFFIC_LANE,INATTENTION_DISTRACTION
2671273,2,ANGLE_FRONT_TO_SIDE,-112.24150543712,33.6381503088869,4,UNKNOWN_99,ANGLE_FRONT_TO_SIDE,PEORIA,2012-11-19 18:08:00,OTHER_97,NO_IMPROPER_ACTION
2671357,2,ANGLE_FRONT_TO_SIDE,-111.928672180507,33.377123709164,2,UNKNOWN_99,ANGLE_FRONT_TO_SIDE,TEMPE,2012-09-21 16:52:00,NO_IMPROPER_ACTION,MADE_IMPROPER_TURN
2671393,2,SIDESWIPE_SAME_DIRECTION,-111.839933104326,33.4298634566312,2,FOUR_WAY_INTERSECTION,SIDESWIPE_SAME_DIRECTION,MESA,2012-11-26 16:44:00,NO_IMPROPER_ACTION,NOT_APPLICABLE_MINUS_1+NOT_APPLICABLE_MINUS_1+NOT_APPLICABLE_MINUS_1+INATTENTION_DISTRACTION
2671499,2,ANGLE_FRONT_TO_SIDE,-112.168820441576,33.5819243346882,2,FOUR_WAY_INTERSECTION,ANGLE_FRONT_TO_SIDE,GLENDALE,2012-10-21 13:28:00,DISREGARDED_TRAFFIC_SIGNAL,NO_IMPROPER_ACTION+NOT_APPLICABLE_MINUS_1
2671540,2,ANGLE_FRONT_TO_SIDE,-111.719091502207,33.4227909046001,2,FOUR_WAY_INTERSECTION,ANGLE_FRONT_TO_SIDE,MESA,2012-12-02 12:06:00,NO_IMPROPER_ACTION,DISREGARDED_TRAFFIC_SIGNAL+NOT_APPLICABLE_MINUS_1+NOT_APPLICABLE_MINUS_1
2671581,2,ANGLE_FRONT_TO_SIDE,-111.794446717855,33.4152997089832,2,T_INTERSECTION,ANGLE_FRONT_TO_SIDE,MESA,2012-11-30 14:59:00,DROVE_RODE_IN_OPPOSING_TRAFFIC_LANE,NO_IMPROPER_ACTION+NOT_APPLICABLE_MINUS_1
2671588,2,ANGLE_FRONT_TO_SIDE,-111.68453576168,33.4116050092117,2,UNKNOWN_99,ANGLE_FRONT_TO_SIDE,MESA,2012-11-02 13:10:00,NO_IMPROPER_ACTION,NO_IMPROPER_ACTION
2671589,2,SIDESWIPE_OPPOSITE_DIRECTION,-111.874636537532,33.3877314538122,1,NOT_AT_INTERSECTION_0,SIDESWIPE_OPPOSITE_DIRECTION,MESA,2012-10-29 18:19:00,INATTENTION_DISTRACTION,NO_IMPROPER_ACTION
2671594,2,SIDESWIPE_OPPOSITE_DIRECTION,-111.846166541636,33.4182147079113,2,FOUR_WAY_INTERSECTION,SIDESWIPE_OPPOSITE_DIRECTION,MESA,2012-11-26 14:38:00,NO_IMPROPER_ACTION,NO_IMPROPER_ACTION
2671599,2,LEFT_TURN,-111.719002786856,33.4373489833206,3,FOUR_WAY_INTERSECTION,LEFT_TURN,MESA,2012-11-26 15:59:00,NO_IMPROPER_ACTION,INATTENTION_DISTRACTION
2671603,2,OTHER_97,-111.892513422797,33.3784518504135,4,FOUR_WAY_INTERSECTION,OTHER_97,TEMPE,2012-11-27 10:27:00,NO_IMPROPER_ACTION,FAILED_TO_YIELD_RIGHT_OF_WAY_103+NOT_APPLICABLE_MINUS_1
2671611,2,LEFT_TURN,-111.673048606457,33.3933314200661,2,T_INTERSECTION,LEFT_TURN,MESA,2012-11-26 11:47:00,NO_IMPROPER_ACTION,OTHER_97
2671615,2,ANGLE_FRONT_TO_SIDE,-111.753693406893,33.3936954481421,3,FOUR_WAY_INTERSECTION,ANGLE_FRONT_TO_SIDE,MESA,2012-11-27 12:42:00,INATTENTION_DISTRACTION,NO_IMPROPER_ACTION
2671622,2,OTHER_97,-111.618846311516,33.3750599880086,3,T_INTERSECTION,OTHER_97,MESA,2012-11-26 07:20:00,OTHER_97,OTHER_97+NOT_APPLICABLE_MINUS_1
2671645,2,SIDESWIPE_OPPOSITE_DIRECTION,-111.753770675113,33.4056143318714,1,UNKNOWN_99,SIDESWIPE_OPPOSITE_DIRECTION,MESA,2012-11-23 11:26:00,DID_NOT_USE_CROSSWALK,NO_IMPROPER_ACTION
2671916,2,OTHER_97,-111.664651450275,35.1679644925749,1,T_INTERSECTION,OTHER_97,FLAGSTAFF,2012-11-30 07:33:00,NO_IMPROPER_ACTION,FAILED_TO_YIELD_RIGHT_OF_WAY_103
2671970,2,OTHER_97,-111.661483597169,35.182973143205,2,UNKNOWN_99,OTHER_97,FLAGSTAFF,2012-11-25 15:05:00,NO_IMPROPER_ACTION,FAILED_TO_YIELD_RIGHT_OF_WAY_103+NOT_APPLICABLE_MINUS_1
2672093,2,OTHER_97,-112.108259769476,33.5333996804782,1,UNKNOWN_99,OTHER_97,PHOENIX,2012-09-20 14:45:00,INATTENTION_DISTRACTION,NOT_APPLICABLE_MINUS_1+NO_IMPROPER_ACTION+NOT_APPLICABLE_MINUS_1+NOT_APPLICABLE_MINUS_1
2672113,2,OTHER_97,-112.4647603124,34.5418795199961,1,NOT_AT_INTERSECTION_0,OTHER_97,PRESCOTT,2012-12-08 09:10:00,OTHER_97,INATTENTION_DISTRACTION
2672172,2,ANGLE_FRONT_TO_SIDE,-110.240857562084,31.5640331775854,3,FOUR_WAY_INTERSECTION,ANGLE_FRONT_TO_SIDE,SIERRA VISTA,2012-10-19 07:13:00,NO_IMPROPER_ACTION,FAILED_TO_YIELD_RIGHT_OF_WAY_103
2672240,2,ANGLE_FRONT_TO_SIDE,-111.704158288473,33.3314584738472,3,FOUR_WAY_INTERSECTION,ANGLE_FRONT_TO_SIDE,GILBERT,2012-12-06 12:03:00,DISREGARDED_TRAFFIC_SIGNAL,NO_IMPROPER_ACTION
2672279,2,ANGLE_FRONT_TO_SIDE,-112.073192121188,33.4471547898122,4,UNKNOWN_99,ANGLE_FRONT_TO_SIDE,PHOENIX,2012-10-19 10:06:00,NO_IMPROPER_ACTION,FAILED_TO_YIELD_RIGHT_OF_WAY_103
2672407,2,ANGLE_FRONT_TO_SIDE,-112.103896163572,33.538735651987,2,FOUR_WAY_INTERSECTION,ANGLE_FRONT_TO_SIDE,PHOENIX,2012-10-22 07:20:00,OTHER_97,NO_IMPROPER_ACTION
2672453,2,ANGLE_FRONT_TO_SIDE,-112.091263300139,33.5529001280846,3,FOUR_WAY_INTERSECTION,ANGLE_FRONT_TO_SIDE,PHOENIX,2012-10-11 13:10:00,OTHER_97,INATTENTION_DISTRACTION
2672475,2,ANGLE_FRONT_TO_SIDE,-112.116667945839,33.5385614951534,1,NOT_AT_INTERSECTION_0,ANGLE_FRONT_TO_SIDE,PHOENIX,2012-10-18 14:25:00,DID_NOT_USE_CROSSWALK,NO_IMPROPER_ACTION+NOT_APPLICABLE_MINUS_1
2672489,2,SIDESWIPE_SAME_DIRECTION,-112.143156893934,33.6394498400113,2,T_INTERSECTION,SIDESWIPE_SAME_DIRECTION,PHOENIX,2012-10-23 20:45:00,NO_IMPROPER_ACTION,OTHER_UNSAFE_PASSING
2672508,4,OTHER_97,-112.047247874411,33.3995621832401,2,FOUR_WAY_INTERSECTION,OTHER_97,PHOENIX,2012-09-25 16:42:00,UNKNOWN_99+FAILED_TO_YIELD_RIGHT_OF_WAY_103+UNKNOWN_99,NO_IMPROPER_ACTION
2672568,2,ANGLE_FRONT_TO_SIDE,-111.980919944369,33.5955368780668,2,FOUR_WAY_INTERSECTION,ANGLE_FRONT_TO_SIDE,PHOENIX,2012-10-20 19:31:00,NO_IMPROPER_ACTION,NOT_APPLICABLE_MINUS_1+INATTENTION_DISTRACTION
2672688,2,SIDESWIPE_SAME_DIRECTION,-112.166046187625,33.4972915774897,3,UNKNOWN_99,SIDESWIPE_SAME_DIRECTION,PHOENIX,2012-10-18 07:33:00,DROVE_RODE_IN_OPPOSING_TRAFFIC_LANE,NO_IMPROPER_ACTION
2672691,2,ANGLE_FRONT_TO_SIDE,-112.151822891858,33.4572405564247,3,UNKNOWN_99,ANGLE_FRONT_TO_SIDE,PHOENIX,2012-10-18 08:29:00,OTHER_97,NO_IMPROPER_ACTION+NOT_APPLICABLE_MINUS_1
2672725,2,ANGLE_FRONT_TO_SIDE,-112.368496486181,33.4895286825029,2,T_INTERSECTION,ANGLE_FRONT_TO_SIDE,GOODYEAR,2012-11-29 08:41:00,OTHER_97,NOT_APPLICABLE_MINUS_1+FAILED_TO_YIELD_RIGHT_OF_WAY_103
2672745,2,SIDESWIPE_OPPOSITE_DIRECTION,-112.151439826017,33.5382619041799,3,FOUR_WAY_INTERSECTION,SIDESWIPE_OPPOSITE_DIRECTION,PHOENIX,2012-10-16 01:49:00,SPEED_TOO_FAST_FOR_CONDITIONS,NO_IMPROPER_ACTION
2672792,2,ANGLE_FRONT_TO_SIDE,-111.98044494794,33.319961638013,3,FOUR_WAY_INTERSECTION,ANGLE_FRONT_TO_SIDE,PHOENIX,2012-10-25 13:55:00,FAILED_TO_YIELD_RIGHT_OF_WAY_103,NO_IMPROPER_ACTION
2672814,2,ANGLE_FRONT_TO_SIDE,-112.082726120317,33.5166170024137,2,UNKNOWN_99,ANGLE_FRONT_TO_SIDE,PHOENIX,2012-10-18 14:09:00,NO_IMPROPER_ACTION,FAILED_TO_YIELD_RIGHT_OF_WAY_103
2672831,2,OTHER_97,-112.168798820146,33.4874898030903,2,UNKNOWN_99,OTHER_97,PHOENIX,2012-10-25 18:18:00,INATTENTION_DISTRACTION,NOT_APPLICABLE_MINUS_1+INATTENTION_DISTRACTION+NOT_APPLICABLE_MINUS_1
2672847,2,OTHER_97,-112.176914422962,33.480401094721,3,NOT_AT_INTERSECTION_0,OTHER_97,PHOENIX,2012-10-08 19:30:00,UNKNOWN_99,NO_IMPROPER_ACTION
2672854,2,ANGLE_FRONT_TO_SIDE,-112.167770302788,33.4949675637549,1,UNKNOWN_99,ANGLE_FRONT_TO_SIDE,PHOENIX,2012-10-12 18:52:00,OTHER_97,NO_IMPROPER_ACTION
2672869,2,ANGLE_FRONT_TO_SIDE,-112.07326028878,33.3780253203617,3,UNKNOWN_99,ANGLE_FRONT_TO_SIDE,PHOENIX,2012-10-13 19:15:00,NO_IMPROPER_ACTION,FAILED_TO_YIELD_RIGHT_OF_WAY_103
2672930,2,ANGLE_FRONT_TO_SIDE,-112.114519595035,33.4949680205791,2,NOT_REPORTED_255,ANGLE_FRONT_TO_SIDE,PHOENIX,2012-09-22 11:15:00,OTHER_97,NOT_APPLICABLE_MINUS_1+FAILED_TO_YIELD_RIGHT_OF_WAY_103
2672968,2,OTHER_97,-111.99040300028,33.7557440867955,3,FOUR_WAY_INTERSECTION,OTHER_97,PHOENIX,2012-10-16 17:24:00,NO_IMPROPER_ACTION,INATTENTION_DISTRACTION
2672973,2,ANGLE_FRONT_TO_SIDE,-112.077607607129,33.3849625989937,2,FOUR_WAY_INTERSECTION,ANGLE_FRONT_TO_SIDE,PHOENIX,2012-10-16 17:32:00,FAILED_TO_YIELD_RIGHT_OF_WAY_103,NO_IMPROPER_ACTION
2673124,2,HEAD_ON,-111.982737058436,34.6923043121189,2,FOUR_WAY_INTERSECTION,HEAD_ON,UNSPECIFIED_999,2012-11-30 17:35:00,NO_IMPROPER_ACTION,FAILED_TO_YIELD_RIGHT_OF_WAY_103+NOT_APPLICABLE_MINUS_1+NOT_APPLICABLE_MINUS_1
2673164,2,ANGLE_FRONT_TO_SIDE,-112.141307817761,33.4659576445064,3,T_INTERSECTION,ANGLE_FRONT_TO_SIDE,PHOENIX,2012-10-23 14:15:00,DROVE_RODE_IN_OPPOSING_TRAFFIC_LANE,NO_IMPROPER_ACTION
2673237,2,ANGLE_FRONT_TO_SIDE,-111.951743249128,33.6259809069868,3,FOUR_WAY_INTERSECTION,ANGLE_FRONT_TO_SIDE,PHOENIX,2012-10-22 07:09:00,UNKNOWN_99,MADE_IMPROPER_TURN
2673278,2,ANGLE_FRONT_TO_SIDE,-112.220540724924,33.4801884587069,3,UNKNOWN_99,ANGLE_FRONT_TO_SIDE,PHOENIX,2012-10-28 16:41:00,NO_IMPROPER_ACTION,INATTENTION_DISTRACTION
2673292,2,ANGLE_FRONT_TO_SIDE,-112.132812158117,33.5675379745696,3,UNKNOWN_99,ANGLE_FRONT_TO_SIDE,PHOENIX,2012-10-29 16:07:00,OTHER_97,NO_IMPROPER_ACTION
2673316,2,ANGLE_FRONT_TO_SIDE,-112.151508383574,33.523915357769,2,UNKNOWN_99,ANGLE_FRONT_TO_SIDE,GLENDALE,2012-10-25 16:00:00,NO_IMPROPER_ACTION,UNKNOWN_99
2673318,2,ANGLE_FRONT_TO_SIDE,-112.065155053402,33.5584272442959,2,T_INTERSECTION,ANGLE_FRONT_TO_SIDE,PHOENIX,2012-10-03 19:51:00,SPEED_TOO_FAST_FOR_CONDITIONS,NO_IMPROPER_ACTION
2673345,2,SIDESWIPE_OPPOSITE_DIRECTION,-112.047784322714,33.6404021869385,2,UNKNOWN_99,SIDESWIPE_OPPOSITE_DIRECTION,PHOENIX,2012-10-16 16:45:00,INATTENTION_DISTRACTION,INATTENTION_DISTRACTION
2673364,3,SIDESWIPE_SAME_DIRECTION,-112.091086884087,33.3922351832213,3,UNKNOWN_99,SIDESWIPE_SAME_DIRECTION,PHOENIX,2012-10-29 16:30:00,NO_IMPROPER_ACTION,NOT_APPLICABLE_MINUS_1+UNSAFE_LANE_CHANGE+NO_IMPROPER_ACTION
2673368,2,SIDESWIPE_SAME_DIRECTION,-112.099653694343,33.5494085297796,3,UNKNOWN_99,SIDESWIPE_SAME_DIRECTION,PHOENIX,2012-10-29 16:47:00,OTHER_97,NO_IMPROPER_ACTION
2673400,2,ANGLE_FRONT_TO_SIDE,-112.237783998201,33.4960129347207,3,T_INTERSECTION,ANGLE_FRONT_TO_SIDE,PHOENIX,2012-10-18 07:31:00,NO_IMPROPER_ACTION,FAILED_TO_YIELD_RIGHT_OF_WAY_103+NOT_APPLICABLE_MINUS_1+NOT_APPLICABLE_MINUS_1
2673428,2,ANGLE_FRONT_TO_SIDE,-112.19944655865,33.4948668441343,3,T_INTERSECTION,ANGLE_FRONT_TO_SIDE,PHOENIX,2012-10-31 15:45:00,DROVE_RODE_IN_OPPOSING_TRAFFIC_LANE,INATTENTION_DISTRACTION
2673454,2,UNKNOWN_99,-111.987034850218,33.4762627558953,1,UNKNOWN_99,UNKNOWN_99,PHOENIX,2012-10-18 18:26:00,NO_IMPROPER_ACTION,FAILED_TO_YIELD_RIGHT_OF_WAY_103
2673469,2,ANGLE_FRONT_TO_SIDE,-112.139536106149,33.7148234395795,2,NOT_AT_INTERSECTION_0,ANGLE_FRONT_TO_SIDE,PHOENIX,2012-10-18 20:29:00,FAILED_TO_YIELD_RIGHT_OF_WAY_103,NO_IMPROPER_ACTION+NOT_APPLICABLE_MINUS_1
2673491,2,SIDESWIPE_SAME_DIRECTION,-112.064764372867,33.4513482720057,2,NOT_AT_INTERSECTION_0,SIDESWIPE_SAME_DIRECTION,PHOENIX,2012-10-26 16:41:00,NO_IMPROPER_ACTION,OTHER_UNSAFE_PASSING
2673525,2,ANGLE_FRONT_TO_SIDE,-112.220511853087,33.4642477487973,2,UNKNOWN_99,ANGLE_FRONT_TO_SIDE,PHOENIX,2012-09-30 17:01:00,UNSAFE_LANE_CHANGE,NO_IMPROPER_ACTION
2673543,2,ANGLE_FRONT_TO_SIDE,-112.047546537388,33.505608133179,2,UNKNOWN_99,ANGLE_FRONT_TO_SIDE,PHOENIX,2012-10-12 21:07:00,KNOWINGLY_OPERATED_WITH_FAULTY_MISSING_EQUIPMENT,NO_IMPROPER_ACTION
2673547,2,SIDESWIPE_SAME_DIRECTION,-112.029809736701,33.4067746192833,4,FOUR_WAY_INTERSECTION,SIDESWIPE_SAME_DIRECTION,PHOENIX,2012-10-03 06:40:00,NO_IMPROPER_ACTION,NOT_APPLICABLE_MINUS_1+INATTENTION_DISTRACTION
2673581,2,OTHER_97,-110.925089716844,32.4919377968686,3,NOT_REPORTED_255,OTHER_97,UNSPECIFIED_999,2012-12-10 10:43:00,NO_IMPROPER_ACTION,FAILED_TO_YIELD_RIGHT_OF_WAY_103
2673637,2,OTHER_97,-111.017938015823,32.2598433924423,1,NOT_AT_INTERSECTION_0,OTHER_97,TUCSON,2012-11-27 13:49:00,OTHER_97,NO_IMPROPER_ACTION
2673642,2,OTHER_97,-112.029893786617,33.4617784380201,1,NOT_AT_INTERSECTION_0,OTHER_97,PHOENIX,2012-12-07 15:40:00,UNKNOWN_99,NO_IMPROPER_ACTION
2673683,2,REAR_END,-112.062042547265,33.494720452233,2,FOUR_WAY_INTERSECTION,REAR_END,PHOENIX,2012-10-20 18:30:00,NO_IMPROPER_ACTION,OTHER_97
2673705,2,ANGLE_FRONT_TO_SIDE,-112.151739087301,33.6473043851184,3,FOUR_WAY_INTERSECTION,ANGLE_FRONT_TO_SIDE,PHOENIX,2012-10-14 14:13:00,FAILED_TO_KEEP_IN_PROPER_LANE,NO_IMPROPER_ACTION
2673729,2,ANGLE_FRONT_TO_SIDE,-111.926098832174,33.4288348983016,3,FOUR_WAY_INTERSECTION,ANGLE_FRONT_TO_SIDE,TEMPE,2012-10-09 14:54:00,FAILED_TO_YIELD_RIGHT_OF_WAY_103,NO_IMPROPER_ACTION
2673749,2,ANGLE_FRONT_TO_SIDE,-111.913740083046,33.3637619029966,3,UNKNOWN_99,ANGLE_FRONT_TO_SIDE,TEMPE,2012-09-17 07:26:00,OTHER_97,NO_IMPROPER_ACTION
2673784,2,ANGLE_FRONT_TO_SIDE,-111.926270836044,33.4076486026341,3,FOUR_WAY_INTERSECTION,ANGLE_FRONT_TO_SIDE,TEMPE,2012-10-17 16:55:00,NO_IMPROPER_ACTION,FAILED_TO_YIELD_RIGHT_OF_WAY_103
2673819,2,ANGLE_FRONT_TO_SIDE,-111.937785169388,33.3928758197448,4,NOT_AT_INTERSECTION_0,ANGLE_FRONT_TO_SIDE,TEMPE,2012-09-16 17:24:00,DROVE_RODE_IN_OPPOSING_TRAFFIC_LANE,NO_IMPROPER_ACTION
2673821,2,ANGLE_FRONT_TO_SIDE,-111.926430073742,33.4531611313687,1,NOT_REPORTED_255,ANGLE_FRONT_TO_SIDE,SCOTTSDALE,2012-09-18 15:35:00,NO_IMPROPER_ACTION,NOT_APPLICABLE_MINUS_1+FAILED_TO_YIELD_RIGHT_OF_WAY_103
2673836,2,ANGLE_FRONT_TO_SIDE,-111.936633267746,33.3637046109915,1,T_INTERSECTION,ANGLE_FRONT_TO_SIDE,TEMPE,2012-09-15 14:37:00,KNOWINGLY_OPERATED_WITH_FAULTY_MISSING_EQUIPMENT,NO_IMPROPER_ACTION
2673848,2,ANGLE_FRONT_TO_SIDE,-111.928675306788,33.3779699871603,1,T_INTERSECTION,ANGLE_FRONT_TO_SIDE,TEMPE,2012-11-28 18:30:00,UNKNOWN_99,UNKNOWN_99
2673855,2,ANGLE_FRONT_TO_SIDE,-111.907901102526,33.4074948182644,1,UNKNOWN_99,ANGLE_FRONT_TO_SIDE,TEMPE,2012-11-21 17:51:00,DROVE_RODE_IN_OPPOSING_TRAFFIC_LANE,NO_IMPROPER_ACTION
2674015,2,REAR_END,-111.940006064281,33.4219318917497,3,FOUR_WAY_INTERSECTION,REAR_END,TEMPE,2012-10-02 17:03:00,NO_IMPROPER_ACTION,NOT_APPLICABLE_MINUS_1+SPEED_TOO_FAST_FOR_CONDITIONS
2674017,2,ANGLE_FRONT_TO_SIDE,-111.886685104642,33.4294671210393,2,UNKNOWN_99,ANGLE_FRONT_TO_SIDE,TEMPE,2012-10-08 09:47:00,NO_IMPROPER_ACTION,FAILED_TO_YIELD_RIGHT_OF_WAY_103
2674031,2,LEFT_TURN,-111.930181845195,33.4219990177751,3,UNKNOWN_99,LEFT_TURN,TEMPE,2012-10-30 17:00:00,NO_IMPROPER_ACTION,NOT_APPLICABLE_MINUS_1+FAILED_TO_YIELD_RIGHT_OF_WAY_103+NOT_APPLICABLE_MINUS_1
2674037,2,ANGLE_FRONT_TO_SIDE,-112.401142521616,33.4936130471272,3,FOUR_WAY_INTERSECTION,ANGLE_FRONT_TO_SIDE,GOODYEAR,2012-12-12 06:42:00,KNOWINGLY_OPERATED_WITH_FAULTY_MISSING_EQUIPMENT,NO_IMPROPER_ACTION
2674059,2,ANGLE_FRONT_TO_SIDE,-111.944236413755,33.4189105317685,3,T_INTERSECTION,ANGLE_FRONT_TO_SIDE,TEMPE,2012-10-25 10:26:00,FAILED_TO_YIELD_RIGHT_OF_WAY_103,NO_IMPROPER_ACTION
2674065,2,ANGLE_FRONT_TO_SIDE,-111.926276645872,33.4289788466907,3,FOUR_WAY_INTERSECTION,ANGLE_FRONT_TO_SIDE,TEMPE,2012-10-23 08:40:00,FAILED_TO_YIELD_RIGHT_OF_WAY_103,NO_IMPROPER_ACTION
2674075,2,ANGLE_FRONT_TO_SIDE,-111.931467290756,33.4219846703601,1,UNKNOWN_99,ANGLE_FRONT_TO_SIDE,TEMPE,2012-10-23 11:59:00,FAILED_TO_YIELD_RIGHT_OF_WAY_103,NOT_APPLICABLE_MINUS_1+NO_IMPROPER_ACTION
2674083,2,SIDESWIPE_SAME_DIRECTION,-111.878722536025,33.4221179237603,1,T_INTERSECTION,SIDESWIPE_SAME_DIRECTION,TEMPE,2012-09-22 07:45:00,UNKNOWN_99,FAILED_TO_YIELD_RIGHT_OF_WAY_103
2674109,2,HEAD_ON,-111.9264039172,33.3893760762967,2,T_INTERSECTION,HEAD_ON,TEMPE,2012-09-30 16:55:00,DROVE_RODE_IN_OPPOSING_TRAFFIC_LANE,NOT_APPLICABLE_MINUS_1+NO_IMPROPER_ACTION
2674169,2,ANGLE_FRONT_TO_SIDE,-111.82271795917,33.432402014585,4,UNKNOWN_99,ANGLE_FRONT_TO_SIDE,MESA,2012-11-03 15:10:00,DROVE_RODE_IN_OPPOSING_TRAFFIC_LANE,NO_IMPROPER_ACTION
2674186,2,ANGLE_FRONT_TO_SIDE,-111.82768037272,33.4005360840536,3,FOUR_WAY_INTERSECTION,ANGLE_FRONT_TO_SIDE,MESA,2012-10-26 22:15:00,RAN_STOP_SIGN,NO_IMPROPER_ACTION
2674364,2,ANGLE_FRONT_TO_SIDE,-112.421850110282,33.6681556748689,3,UNKNOWN_99,ANGLE_FRONT_TO_SIDE,SURPRISE,2012-12-05 11:25:00,DISREGARDED_PAVEMENT_MARKINGS,INATTENTION_DISTRACTION
2674417,2,ANGLE_FRONT_TO_SIDE,-111.875132951989,33.4148473120149,2,UNKNOWN_99,ANGLE_FRONT_TO_SIDE,MESA,2012-12-08 06:59:00,NO_IMPROPER_ACTION,OTHER_97
2674441,2,ANGLE_FRONT_TO_SIDE,-111.788183225868,33.4198834828136,3,UNKNOWN_99,ANGLE_FRONT_TO_SIDE,MESA,2012-12-07 16:32:00,OTHER_97,NO_IMPROPER_ACTION+NOT_APPLICABLE_MINUS_1+NOT_APPLICABLE_MINUS_1+NOT_APPLICABLE_MINUS_1
2674446,2,ANGLE_FRONT_TO_SIDE,-111.848892636729,33.3642346549933,1,T_INTERSECTION,ANGLE_FRONT_TO_SIDE,MESA,2012-12-07 08:04:00,NO_IMPROPER_ACTION,UNKNOWN_99+NOT_APPLICABLE_MINUS_1
2674586,2,OTHER_97,-111.687291281009,33.3277989507754,3,T_INTERSECTION,OTHER_97,GILBERT,2012-11-26 12:50:00,NO_IMPROPER_ACTION,SPEED_TOO_FAST_FOR_CONDITIONS
2674747,2,ANGLE_FRONT_TO_SIDE,-111.945656830567,33.3331791041488,3,UNKNOWN_99,ANGLE_FRONT_TO_SIDE,TEMPE,2012-10-11 16:28:00,DROVE_RODE_IN_OPPOSING_TRAFFIC_LANE,NO_IMPROPER_ACTION
2674759,2,ANGLE_FRONT_TO_SIDE,-111.904841981872,33.3929680712521,3,UNKNOWN_99,ANGLE_FRONT_TO_SIDE,TEMPE,2012-10-17 07:40:00,OTHER_97,NO_IMPROPER_ACTION
2674783,2,LEFT_TURN,-111.917639970612,33.407502199357,3,FOUR_WAY_INTERSECTION,LEFT_TURN,TEMPE,2012-12-11 09:04:00,NO_IMPROPER_ACTION,FAILED_TO_YIELD_RIGHT_OF_WAY_103
2674791,2,UNKNOWN_99,-111.909246863223,33.3789696820466,2,NOT_AT_INTERSECTION_0,UNKNOWN_99,TEMPE,2012-12-06 08:30:00,UNKNOWN_99,UNKNOWN_99
2674793,2,ANGLE_FRONT_TO_SIDE,-111.960958872607,33.4297065547629,3,FOUR_WAY_INTERSECTION,ANGLE_FRONT_TO_SIDE,TEMPE,2012-10-28 05:30:00,DISREGARDED_TRAFFIC_SIGNAL,NO_IMPROPER_ACTION
2674834,2,ANGLE_FRONT_TO_SIDE,-111.96075701537,33.3930091630979,2,UNKNOWN_99,ANGLE_FRONT_TO_SIDE,TEMPE,2012-12-04 12:19:00,DISREGARDED_TRAFFIC_SIGNAL,NO_IMPROPER_ACTION
2674860,2,REAR_END,-111.773338732248,34.8667787603965,3,NOT_AT_INTERSECTION_0,REAR_END,SEDONA,2012-12-02 11:38:00,NO_IMPROPER_ACTION,FAILED_TO_KEEP_IN_PROPER_LANE
2674861,2,SIDESWIPE_SAME_DIRECTION,-111.764734110252,34.8659754220329,3,ROUNDABOUT,SIDESWIPE_SAME_DIRECTION,SEDONA,2012-12-06 14:13:00,NO_IMPROPER_ACTION,FAILED_TO_YIELD_RIGHT_OF_WAY_103+NOT_APPLICABLE_MINUS_1
2674872,2,SIDESWIPE_SAME_DIRECTION,-111.926246029229,33.4348897287649,2,NOT_AT_INTERSECTION_0,SIDESWIPE_SAME_DIRECTION,TEMPE,2012-10-18 17:06:00,NO_IMPROPER_ACTION,INATTENTION_DISTRACTION
2674874,2,ANGLE_FRONT_TO_SIDE,-112.250221844004,33.6096721656058,3,FOUR_WAY_INTERSECTION,ANGLE_FRONT_TO_SIDE,PEORIA,2012-12-10 15:44:00,OTHER_97,FAILED_TO_YIELD_RIGHT_OF_WAY_103
2674889,2,ANGLE_FRONT_TO_SIDE,-111.932428565051,33.3928468612241,3,T_INTERSECTION,ANGLE_FRONT_TO_SIDE,TEMPE,2012-10-23 16:47:00,OTHER_97,NO_IMPROPER_ACTION
2675211,2,ANGLE_FRONT_TO_SIDE,-110.961046438291,32.2757550138671,4,FOUR_WAY_INTERSECTION,ANGLE_FRONT_TO_SIDE,TUCSON,2012-09-02 00:42:00,DID_NOT_USE_CROSSWALK,SPEED_TOO_FAST_FOR_CONDITIONS
2675219,3,ANGLE_FRONT_TO_SIDE,-111.02026552935,32.2249670652624,4,FOUR_WAY_INTERSECTION,ANGLE_FRONT_TO_SIDE,TUCSON,2012-09-03 12:59:00,NO_IMPROPER_ACTION,NOT_APPLICABLE_MINUS_1+DISREGARDED_TRAFFIC_SIGNAL+NO_IMPROPER_ACTION
2675226,2,SIDESWIPE_SAME_DIRECTION,-110.909349482962,32.2361919210137,3,FOUR_WAY_INTERSECTION,SIDESWIPE_SAME_DIRECTION,TUCSON,2012-09-04 07:50:00,NO_IMPROPER_ACTION,UNSAFE_LANE_CHANGE