IncidentID,num_vehicles_involved,eCollisionManner,Longitude,Latitude,InjurySeverity,eIntersectionType,eCollisionManner,city_name,IncidentDateTime,cyclist_citations,driver_citations
2675238,2,ANGLE_FRONT_TO_SIDE,-110.87515561298,32.2169250583496,2,FOUR_WAY_INTERSECTION,ANGLE_FRONT_TO_SIDE,TUCSON,2012-09-04 15:45:00,NO_IMPROPER_ACTION,FAILED_TO_YIELD_RIGHT_OF_WAY_103
2675284,2,ANGLE_FRONT_TO_SIDE,-110.972031463308,32.2643437934351,4,NOT_REPORTED_255,ANGLE_FRONT_TO_SIDE,TUCSON,2012-09-06 07:11:00,UNKNOWN_99,UNKNOWN_99
2675285,2,ANGLE_FRONT_TO_SIDE,-111.920489679249,33.3783195192063,3,FOUR_WAY_INTERSECTION,ANGLE_FRONT_TO_SIDE,TEMPE,2012-10-16 14:43:00,DISREGARDED_TRAFFIC_SIGNAL,NO_IMPROPER_ACTION+NOT_APPLICABLE_MINUS_1
2675294,2,ANGLE_FRONT_TO_SIDE,-110.875325516288,32.252326413191,1,FOUR_WAY_INTERSECTION,ANGLE_FRONT_TO_SIDE,TUCSON,2012-09-07 16:30:00,UNKNOWN_99,NO_IMPROPER_ACTION
2675306,2,ANGLE_FRONT_TO_SIDE,-111.932771996768,33.4145784819235,2,UNKNOWN_99,ANGLE_FRONT_TO_SIDE,TEMPE,2012-10-02 13:21:00,OTHER_97,NO_IMPROPER_ACTION
2675313,2,ANGLE_FRONT_TO_SIDE,-110.961072373887,32.2793599287798,2,FOUR_WAY_INTERSECTION,ANGLE_FRONT_TO_SIDE,TUCSON,2012-08-30 17:47:00,NO_IMPROPER_ACTION,FAILED_TO_YIELD_RIGHT_OF_WAY_103
2675315,2,REAR_END,-110.941442303831,32.2869559088911,3,T_INTERSECTION,REAR_END,TUCSON,2012-08-30 13:29:00,NO_IMPROPER_ACTION,FAILED_TO_YIELD_RIGHT_OF_WAY_103
2675319,2,ANGLE_FRONT_TO_SIDE,-110.959479170777,32.2360193877107,1,FOUR_WAY_INTERSECTION,ANGLE_FRONT_TO_SIDE,TUCSON,2012-08-30 21:26:00,UNKNOWN_99,UNKNOWN_99+NOT_APPLICABLE_MINUS_1
2675362,2,ANGLE_FRONT_TO_SIDE,-110.884042121054,32.2325447945107,3,FOUR_WAY_INTERSECTION,ANGLE_FRONT_TO_SIDE,TUCSON,2012-08-24 14:32:00,DROVE_RODE_IN_OPPOSING_TRAFFIC_LANE,NO_IMPROPER_ACTION
2675394,2,ANGLE_FRONT_TO_SIDE,-111.939795368679,33.4066292390204,2,UNKNOWN_99,ANGLE_FRONT_TO_SIDE,TEMPE,2012-10-04 09:58:00,NO_IMPROPER_ACTION,OTHER_97
2675395,2,ANGLE_FRONT_TO_SIDE,-110.926719333083,32.2649765811354,4,FOUR_WAY_INTERSECTION,ANGLE_FRONT_TO_SIDE,TUCSON,2012-09-12 16:24:00,NO_IMPROPER_ACTION,FAILED_TO_YIELD_RIGHT_OF_WAY_103
2675578,2,HEAD_ON,-111.926334453131,33.4191323587716,2,FOUR_WAY_INTERSECTION,HEAD_ON,TEMPE,2012-09-12 22:17:00,DROVE_RODE_IN_OPPOSING_TRAFFIC_LANE,NO_IMPROPER_ACTION
2675579,2,ANGLE_FRONT_TO_SIDE,-111.923951907986,33.428923627203,3,UNKNOWN_99,ANGLE_FRONT_TO_SIDE,TEMPE,2012-11-18 11:38:00,NO_IMPROPER_ACTION,NOT_APPLICABLE_MINUS_1+FAILED_TO_YIELD_RIGHT_OF_WAY_103
2675587,2,SIDESWIPE_SAME_DIRECTION,-111.924070711805,33.4147663792468,1,UNKNOWN_99,SIDESWIPE_SAME_DIRECTION,TEMPE,2012-10-15 18:42:00,OTHER_97,FAILED_TO_YIELD_RIGHT_OF_WAY_103
2675597,2,ANGLE_FRONT_TO_SIDE,-111.926270825692,33.4076321128248,3,FOUR_WAY_INTERSECTION,ANGLE_FRONT_TO_SIDE,TEMPE,2012-10-10 10:50:00,OTHER_97,NO_IMPROPER_ACTION
2675603,2,OTHER_97,-110.906689906139,32.2070139686208,2,T_INTERSECTION,OTHER_97,TUCSON,2012-07-31 16:54:00,OTHER_97,NO_IMPROPER_ACTION
2675649,2,ANGLE_FRONT_TO_SIDE,-111.970419603332,33.4135851213394,3,UNKNOWN_99,ANGLE_FRONT_TO_SIDE,TEMPE,2012-11-21 12:16:00,UNSAFE_LANE_CHANGE,NO_IMPROPER_ACTION
2675650,2,ANGLE_FRONT_TO_SIDE,-111.934906917425,33.409630897047,2,T_INTERSECTION,ANGLE_FRONT_TO_SIDE,TEMPE,2012-11-30 18:25:00,NO_IMPROPER_ACTION,RAN_STOP_SIGN
2675668,2,ANGLE_FRONT_TO_SIDE,-111.943876320531,33.3782149043716,1,T_INTERSECTION,ANGLE_FRONT_TO_SIDE,TEMPE,2012-10-26 18:16:00,FAILED_TO_YIELD_RIGHT_OF_WAY_103,NO_IMPROPER_ACTION
2675705,2,SIDESWIPE_SAME_DIRECTION,-111.924388261865,33.407506327528,3,UNKNOWN_99,SIDESWIPE_SAME_DIRECTION,TEMPE,2012-11-27 08:41:00,NO_IMPROPER_ACTION,INATTENTION_DISTRACTION
2675708,2,ANGLE_FRONT_TO_SIDE,-111.93935230164,33.3782075683466,2,FOUR_WAY_INTERSECTION,ANGLE_FRONT_TO_SIDE,TEMPE,2012-11-30 00:36:00,NO_IMPROPER_ACTION,FAILED_TO_YIELD_RIGHT_OF_WAY_103
2675724,2,ANGLE_FRONT_TO_SIDE,-110.978043246561,32.2491795076732,3,FOUR_WAY_INTERSECTION,ANGLE_FRONT_TO_SIDE,TUCSON,2012-08-01 15:00:00,DROVE_RODE_IN_OPPOSING_TRAFFIC_LANE,NO_IMPROPER_ACTION
2675751,2,LEFT_TURN,-110.961072373887,32.2793599287798,3,FOUR_WAY_INTERSECTION,LEFT_TURN,TUCSON,2012-08-03 06:01:00,NO_IMPROPER_ACTION,FAILED_TO_YIELD_RIGHT_OF_WAY_103
2675787,2,LEFT_TURN,-111.834085465812,33.4150905865647,2,FOUR_WAY_INTERSECTION,LEFT_TURN,MESA,2012-10-31 16:18:00,NO_IMPROPER_ACTION,MADE_IMPROPER_TURN
2675834,2,SIDESWIPE_OPPOSITE_DIRECTION,-110.946779726574,32.2447762743676,4,FOUR_WAY_INTERSECTION,SIDESWIPE_OPPOSITE_DIRECTION,TUCSON,2012-09-14 16:24:00,NO_IMPROPER_ACTION,FAILED_TO_YIELD_RIGHT_OF_WAY_103
2675858,2,ANGLE_FRONT_TO_SIDE,-111.830946386931,33.4349543364728,3,UNKNOWN_99,ANGLE_FRONT_TO_SIDE,MESA,2012-12-14 08:50:00,FAILED_TO_YIELD_RIGHT_OF_WAY_103,NO_IMPROPER_ACTION
2675863,2,ANGLE_FRONT_TO_SIDE,-111.670822298671,33.3682862850391,2,T_INTERSECTION,ANGLE_FRONT_TO_SIDE,MESA,2012-12-09 11:36:00,DROVE_RODE_IN_OPPOSING_TRAFFIC_LANE,NO_IMPROPER_ACTION+NOT_APPLICABLE_MINUS_1
2675913,2,SIDESWIPE_SAME_DIRECTION,-111.787709862782,33.4486606855072,4,UNKNOWN_99,SIDESWIPE_SAME_DIRECTION,MESA,2012-12-12 14:14:00,NO_IMPROPER_ACTION,OTHER_UNSAFE_PASSING
2675950,2,REAR_END,-110.857922572987,32.2358277839223,3,FOUR_WAY_INTERSECTION,REAR_END,TUCSON,2012-09-20 08:39:00,NO_IMPROPER_ACTION,FAILED_TO_KEEP_IN_PROPER_LANE
2675983,2,ANGLE_FRONT_TO_SIDE,-110.957952522807,32.2360353022355,2,T_INTERSECTION,ANGLE_FRONT_TO_SIDE,TUCSON,2012-09-21 12:21:00,DROVE_RODE_IN_OPPOSING_TRAFFIC_LANE,UNKNOWN_99
2676287,2,SIDESWIPE_SAME_DIRECTION,-110.875338112976,32.2216189051425,1,UNKNOWN_99,SIDESWIPE_SAME_DIRECTION,TUCSON,2012-08-07 16:31:00,NO_IMPROPER_ACTION,OTHER_97
2676305,2,OTHER_97,-110.943782955044,32.2795082789861,3,FOUR_WAY_INTERSECTION,OTHER_97,TUCSON,2012-08-10 13:33:00,NO_IMPROPER_ACTION,FAILED_TO_YIELD_RIGHT_OF_WAY_103
2676361,2,ANGLE_FRONT_TO_SIDE,-111.909528772894,33.4147581060378,3,UNKNOWN_99,ANGLE_FRONT_TO_SIDE,TEMPE,2012-10-09 22:22:00,DROVE_RODE_IN_OPPOSING_TRAFFIC_LANE,NO_IMPROPER_ACTION
2676366,2,ANGLE_FRONT_TO_SIDE,-111.95221287426,33.4220159946078,1,FOUR_WAY_INTERSECTION,ANGLE_FRONT_TO_SIDE,TEMPE,2012-11-29 09:20:00,DROVE_RODE_IN_OPPOSING_TRAFFIC_LANE,NO_IMPROPER_ACTION
2676372,2,ANGLE_FRONT_TO_SIDE,-111.96736784011,33.3782954815216,3,FOUR_WAY_INTERSECTION,ANGLE_FRONT_TO_SIDE,TEMPE,2012-08-25 17:28:00,UNKNOWN_99,NO_IMPROPER_ACTION+NOT_APPLICABLE_MINUS_1+NOT_APPLICABLE_MINUS_1
2676430,2,LEFT_TURN,-111.739974575274,32.9087579921232,3,FOUR_WAY_INTERSECTION,LEFT_TURN,CASA GRANDE,2012-11-25 17:01:00,NO_IMPROPER_ACTION,FAILED_TO_YIELD_RIGHT_OF_WAY_103
2676483,2,OTHER_97,-111.731377491796,32.8795769142625,3,FOUR_WAY_INTERSECTION,OTHER_97,CASA GRANDE,2012-11-21 15:57:00,INATTENTION_DISTRACTION,FAILED_TO_YIELD_RIGHT_OF_WAY_103+NOT_APPLICABLE_MINUS_1
2676602,2,HEAD_ON,-111.699972941081,32.8875004248242,1,FOUR_WAY_INTERSECTION,HEAD_ON,CASA GRANDE,2012-12-12 15:45:00,NO_IMPROPER_ACTION,NO_IMPROPER_ACTION
2676688,2,ANGLE_FRONT_TO_SIDE,-112.233499430508,33.6804796349049,2,FOUR_WAY_INTERSECTION,ANGLE_FRONT_TO_SIDE,PEORIA,2012-12-11 07:35:00,DROVE_RODE_IN_OPPOSING_TRAFFIC_LANE,FAILED_TO_YIELD_RIGHT_OF_WAY_103
2676698,2,ANGLE_FRONT_TO_SIDE,-112.26385587164,33.5732875422538,2,T_INTERSECTION,ANGLE_FRONT_TO_SIDE,PEORIA,2012-12-11 08:29:00,OTHER_97,NO_IMPROPER_ACTION+NOT_APPLICABLE_MINUS_1
2676938,2,OTHER_97,-111.759689752111,33.3212014398821,1,T_INTERSECTION,OTHER_97,GILBERT,2012-12-16 11:56:00,DID_NOT_USE_CROSSWALK,NO_IMPROPER_ACTION
2676967,2,OTHER_97,-111.571962037947,33.4078341734875,2,FOUR_WAY_INTERSECTION,OTHER_97,APACHE JUNCTION,2012-11-29 10:10:00,DROVE_RODE_IN_OPPOSING_TRAFFIC_LANE,NO_IMPROPER_ACTION
2677305,2,ANGLE_FRONT_TO_SIDE,-111.876542531651,33.3588844899388,3,UNKNOWN_99,ANGLE_FRONT_TO_SIDE,MESA,2012-12-18 16:54:00,DISREGARDED_TRAFFIC_SIGNAL,NO_IMPROPER_ACTION
2677444,2,SIDESWIPE_SAME_DIRECTION,-111.846241763816,33.4223003062872,2,UNKNOWN_99,SIDESWIPE_SAME_DIRECTION,MESA,2012-12-24 11:52:00,NO_IMPROPER_ACTION,OTHER_UNSAFE_PASSING
2677484,2,ANGLE_FRONT_TO_SIDE,-111.805292126602,33.4197595783481,3,T_INTERSECTION,ANGLE_FRONT_TO_SIDE,MESA,2012-12-14 18:15:00,OTHER_97,NO_IMPROPER_ACTION
2677490,2,LEFT_TURN,-111.872564306109,33.3755038448604,3,T_INTERSECTION,LEFT_TURN,MESA,2012-11-20 18:05:00,NO_IMPROPER_ACTION,MADE_IMPROPER_TURN
2677516,2,ANGLE_FRONT_TO_SIDE,-111.702040618195,33.3938796591558,3,FOUR_WAY_INTERSECTION,ANGLE_FRONT_TO_SIDE,MESA,2012-11-22 11:16:00,NO_IMPROPER_ACTION,NO_IMPROPER_ACTION
2677527,2,ANGLE_FRONT_TO_SIDE,-111.874653135654,33.3857992484662,2,UNKNOWN_99,ANGLE_FRONT_TO_SIDE,MESA,2012-12-17 07:12:00,NO_IMPROPER_ACTION,NO_IMPROPER_ACTION
2677530,2,ANGLE_FRONT_TO_SIDE,-111.851533552752,33.3585440784736,2,T_INTERSECTION,ANGLE_FRONT_TO_SIDE,MESA,2012-12-17 09:00:00,NO_IMPROPER_ACTION,OTHER_97+NOT_APPLICABLE_MINUS_1+NOT_APPLICABLE_MINUS_1
2677606,2,ANGLE_FRONT_TO_SIDE,-111.703719104708,33.2925947674525,1,T_INTERSECTION,ANGLE_FRONT_TO_SIDE,GILBERT,2012-12-20 22:55:00,NO_IMPROPER_ACTION,DISREGARDED_TRAFFIC_SIGNAL
2677622,2,SIDESWIPE_SAME_DIRECTION,-111.900208028623,33.51407285328,2,FOUR_WAY_INTERSECTION,SIDESWIPE_SAME_DIRECTION,SCOTTSDALE,2012-10-02 07:33:00,INATTENTION_DISTRACTION,NOT_APPLICABLE_MINUS_1+NO_IMPROPER_ACTION+NOT_APPLICABLE_MINUS_1
2677635,2,ANGLE_FRONT_TO_SIDE,-111.896272920237,33.523877961107,4,FOUR_WAY_INTERSECTION,ANGLE_FRONT_TO_SIDE,SCOTTSDALE,2012-09-28 17:53:00,DISREGARDED_TRAFFIC_SIGNAL,NO_IMPROPER_ACTION
2677645,2,ANGLE_FRONT_TO_SIDE,-111.96956869893,33.4800539277625,2,FOUR_WAY_INTERSECTION,ANGLE_FRONT_TO_SIDE,PHOENIX,2012-11-08 16:28:00,UNKNOWN_99,UNKNOWN_99
2677652,2,ANGLE_FRONT_TO_SIDE,-111.661541198163,35.1856677627536,2,NOT_AT_INTERSECTION_0,ANGLE_FRONT_TO_SIDE,FLAGSTAFF,2012-11-20 21:15:00,WALKED_ON_WRONG_SIDE_OF_ROAD,OTHER_UNSAFE_PASSING
2677679,2,ANGLE_FRONT_TO_SIDE,-112.119459553268,33.5094587547898,2,UNKNOWN_99,ANGLE_FRONT_TO_SIDE,PHOENIX,2012-10-01 16:56:00,NO_IMPROPER_ACTION,FAILED_TO_YIELD_RIGHT_OF_WAY_103
2677819,2,ANGLE_FRONT_TO_SIDE,-111.939503565681,33.3806310630716,2,UNKNOWN_99,ANGLE_FRONT_TO_SIDE,TEMPE,2012-11-27 15:18:00,OTHER_97,NO_IMPROPER_ACTION
2677852,2,ANGLE_FRONT_TO_SIDE,-111.928592275946,33.36374961854,3,FOUR_WAY_INTERSECTION,ANGLE_FRONT_TO_SIDE,TEMPE,2012-11-21 01:15:00,KNOWINGLY_OPERATED_WITH_FAULTY_MISSING_EQUIPMENT,NOT_APPLICABLE_MINUS_1+OTHER_97
2677886,2,UNKNOWN_99,-111.841737956514,33.3351246603923,4,FOUR_WAY_INTERSECTION,UNKNOWN_99,CHANDLER,2012-09-13 17:48:00,UNKNOWN_99,UNKNOWN_99
2677896,2,LEFT_TURN,-112.406929647137,33.6459474970003,3,FOUR_WAY_INTERSECTION,LEFT_TURN,SURPRISE,2012-12-18 11:02:00,NO_IMPROPER_ACTION,FAILED_TO_YIELD_RIGHT_OF_WAY_103
2677909,2,ANGLE_FRONT_TO_SIDE,-111.928916089503,33.4219178642188,3,UNKNOWN_99,ANGLE_FRONT_TO_SIDE,TEMPE,2012-11-19 16:16:00,FAILED_TO_YIELD_RIGHT_OF_WAY_103,NO_IMPROPER_ACTION
2677969,2,LEFT_TURN,-111.909096713967,33.4174045461589,1,FOUR_WAY_INTERSECTION,LEFT_TURN,TEMPE,2012-11-07 15:05:00,NO_IMPROPER_ACTION,NOT_APPLICABLE_MINUS_1+NOT_APPLICABLE_MINUS_1+MADE_IMPROPER_TURN
2677974,2,ANGLE_FRONT_TO_SIDE,-111.93989599317,33.4147503399162,4,FOUR_WAY_INTERSECTION,ANGLE_FRONT_TO_SIDE,TEMPE,2012-11-16 13:21:00,DISREGARDED_TRAFFIC_SIGNAL,NO_IMPROPER_ACTION
2677998,2,ANGLE_FRONT_TO_SIDE,-111.859069041974,33.3352480352492,3,FOUR_WAY_INTERSECTION,ANGLE_FRONT_TO_SIDE,CHANDLER,2012-09-14 21:47:00,INATTENTION_DISTRACTION,INATTENTION_DISTRACTION+NOT_APPLICABLE_MINUS_1+NOT_APPLICABLE_MINUS_1
2678007,2,ANGLE_FRONT_TO_SIDE,-111.88643485451,33.39301442374,3,T_INTERSECTION,ANGLE_FRONT_TO_SIDE,TEMPE,2012-10-28 21:42:00,DROVE_RODE_IN_OPPOSING_TRAFFIC_LANE,NO_IMPROPER_ACTION
2678072,2,ANGLE_FRONT_TO_SIDE,-111.91970341524,33.4167034542999,3,UNKNOWN_99,ANGLE_FRONT_TO_SIDE,TEMPE,2012-11-12 09:27:00,KNOWINGLY_OPERATED_WITH_FAULTY_MISSING_EQUIPMENT,INATTENTION_DISTRACTION
2678077,2,OTHER_97,-111.945706282374,33.3053397313816,1,FOUR_WAY_INTERSECTION,OTHER_97,CHANDLER,2012-09-19 05:30:00,UNKNOWN_99,NO_IMPROPER_ACTION
2678102,2,ANGLE_FRONT_TO_SIDE,-111.938610070882,33.3928683720842,1,UNKNOWN_99,ANGLE_FRONT_TO_SIDE,TEMPE,2012-12-05 12:30:00,DROVE_RODE_IN_OPPOSING_TRAFFIC_LANE,FAILED_TO_YIELD_RIGHT_OF_WAY_103
2678106,2,ANGLE_FRONT_TO_SIDE,-111.926300271766,33.4002240656781,1,FOUR_WAY_INTERSECTION,ANGLE_FRONT_TO_SIDE,TEMPE,2012-12-08 08:30:00,UNKNOWN_99,UNKNOWN_99
2678121,2,ANGLE_FRONT_TO_SIDE,-111.917676300234,33.4218873691178,1,FOUR_WAY_INTERSECTION,ANGLE_FRONT_TO_SIDE,TEMPE,2012-11-08 11:55:00,OTHER_97,NO_IMPROPER_ACTION
2678123,2,ANGLE_FRONT_TO_SIDE,-111.926457286417,33.4507810039188,1,UNKNOWN_99,ANGLE_FRONT_TO_SIDE,TEMPE,2012-12-17 07:19:00,DROVE_RODE_IN_OPPOSING_TRAFFIC_LANE,NO_IMPROPER_ACTION
2678150,2,ANGLE_FRONT_TO_SIDE,-111.867052077051,33.3060194542364,3,UNKNOWN_99,ANGLE_FRONT_TO_SIDE,CHANDLER,2012-09-14 13:50:00,SPEED_TOO_FAST_FOR_CONDITIONS,NO_IMPROPER_ACTION
2678155,2,ANGLE_FRONT_TO_SIDE,-111.943936840345,33.4074552448446,1,T_INTERSECTION,ANGLE_FRONT_TO_SIDE,TEMPE,2012-12-12 14:27:00,FAILED_TO_YIELD_RIGHT_OF_WAY_103,NO_IMPROPER_ACTION
2678352,2,ANGLE_FRONT_TO_SIDE,-111.898862355743,33.3930751525584,1,FOUR_WAY_INTERSECTION,ANGLE_FRONT_TO_SIDE,TEMPE,2012-12-12 10:25:00,NO_IMPROPER_ACTION,FAILED_TO_YIELD_RIGHT_OF_WAY_103
2678364,2,ANGLE_FRONT_TO_SIDE,-111.864291239746,33.3351087335429,4,T_INTERSECTION,ANGLE_FRONT_TO_SIDE,CHANDLER,2012-09-29 16:19:00,UNKNOWN_99,NO_IMPROPER_ACTION
2678388,2,ANGLE_FRONT_TO_SIDE,-111.929149321782,33.3929393731161,3,FOUR_WAY_INTERSECTION,ANGLE_FRONT_TO_SIDE,TEMPE,2012-12-12 18:05:00,DROVE_RODE_IN_OPPOSING_TRAFFIC_LANE,NO_IMPROPER_ACTION
2678402,2,ANGLE_FRONT_TO_SIDE,-111.883615597635,33.3536892954785,2,T_INTERSECTION,ANGLE_FRONT_TO_SIDE,CHANDLER,2012-09-11 13:03:00,NO_IMPROPER_ACTION,OTHER_97
2678411,2,ANGLE_FRONT_TO_SIDE,-111.841621419304,33.2946594119111,2,UNKNOWN_99,ANGLE_FRONT_TO_SIDE,CHANDLER,2012-09-26 14:46:00,DROVE_RODE_IN_OPPOSING_TRAFFIC_LANE,NO_IMPROPER_ACTION
2678431,3,LEFT_TURN,-111.926284649177,33.4171327877673,3,UNKNOWN_99,LEFT_TURN,TEMPE,2012-12-17 09:08:00,NO_IMPROPER_ACTION,MADE_IMPROPER_TURN+NO_IMPROPER_ACTION
2678449,2,ANGLE_FRONT_TO_SIDE,-111.857010911244,33.2583602845766,2,UNKNOWN_99,ANGLE_FRONT_TO_SIDE,CHANDLER,2012-09-24 09:38:00,UNKNOWN_99,UNKNOWN_99
2678451,2,ANGLE_FRONT_TO_SIDE,-111.879012429344,33.3350948295587,2,T_INTERSECTION,ANGLE_FRONT_TO_SIDE,CHANDLER,2012-09-24 14:26:00,OTHER_97,DISREGARDED_TRAFFIC_SIGNAL
2678687,2,ANGLE_FRONT_TO_SIDE,-112.047517087813,33.5187370650162,4,T_INTERSECTION,ANGLE_FRONT_TO_SIDE,PHOENIX,2012-11-03 10:04:00,FAILED_TO_YIELD_RIGHT_OF_WAY_103,NOT_APPLICABLE_MINUS_1+NO_IMPROPER_ACTION
2678690,2,ANGLE_FRONT_TO_SIDE,-112.186249468762,33.4659713437126,1,UNKNOWN_99,ANGLE_FRONT_TO_SIDE,PHOENIX,2012-11-03 14:28:00,NO_IMPROPER_ACTION,INATTENTION_DISTRACTION
2678705,2,ANGLE_FRONT_TO_SIDE,-111.909117647632,33.3958048551238,2,UNKNOWN_99,ANGLE_FRONT_TO_SIDE,TEMPE,2012-12-14 11:53:00,DROVE_RODE_IN_OPPOSING_TRAFFIC_LANE,NO_IMPROPER_ACTION
2678709,2,ANGLE_FRONT_TO_SIDE,-111.909248048317,33.3788323473064,1,UNKNOWN_99,ANGLE_FRONT_TO_SIDE,TEMPE,2012-12-08 17:02:00,DROVE_RODE_IN_OPPOSING_TRAFFIC_LANE,UNKNOWN_99+NOT_APPLICABLE_MINUS_1
2678742,2,ANGLE_FRONT_TO_SIDE,-111.926271860911,33.4100358815729,1,T_INTERSECTION,ANGLE_FRONT_TO_SIDE,TEMPE,2012-12-12 17:31:00,DISREGARDED_TRAFFIC_SIGNAL,NO_IMPROPER_ACTION
2678756,2,OTHER_97,-112.106658755598,33.5820024285793,1,UNKNOWN_99,OTHER_97,PHOENIX,2012-11-05 13:56:00,UNKNOWN_99,UNKNOWN_99
2678763,2,SIDESWIPE_SAME_DIRECTION,-112.056300977088,33.5017508867477,3,UNKNOWN_99,SIDESWIPE_SAME_DIRECTION,PHOENIX,2012-11-06 17:33:00,INATTENTION_DISTRACTION,NO_IMPROPER_ACTION
2678780,2,ANGLE_FRONT_TO_SIDE,-111.945636722988,33.4218934481914,1,UNKNOWN_99,ANGLE_FRONT_TO_SIDE,TEMPE,2012-12-13 13:14:00,DROVE_RODE_IN_OPPOSING_TRAFFIC_LANE,NO_IMPROPER_ACTION
2678791,2,OTHER_97,-111.996206280577,33.6479602107865,4,T_INTERSECTION,OTHER_97,PHOENIX,2012-11-06 07:23:00,DISREGARDED_TRAFFIC_SIGNAL,NOT_APPLICABLE_MINUS_1+NOT_APPLICABLE_MINUS_1+NOT_APPLICABLE_MINUS_1+NOT_APPLICABLE_MINUS_1+NOT_APPLICABLE_MINUS_1+NO_IMPROPER_ACTION
2678799,2,LEFT_TURN,-111.990580808299,33.7558142746848,2,FOUR_WAY_INTERSECTION,LEFT_TURN,PHOENIX,2012-11-05 05:35:00,NO_IMPROPER_ACTION,FAILED_TO_YIELD_RIGHT_OF_WAY_103
2678806,2,ANGLE_FRONT_TO_SIDE,-111.940037622711,33.4296219032996,2,FOUR_WAY_INTERSECTION,ANGLE_FRONT_TO_SIDE,TEMPE,2012-12-13 12:49:00,NO_IMPROPER_ACTION,FAILED_TO_YIELD_RIGHT_OF_WAY_103
2678837,2,ANGLE_FRONT_TO_SIDE,-112.056255961275,33.5337087827642,3,FOUR_WAY_INTERSECTION,ANGLE_FRONT_TO_SIDE,PHOENIX,2012-11-06 17:31:00,NO_IMPROPER_ACTION,FAILED_TO_YIELD_RIGHT_OF_WAY_103
2678904,2,ANGLE_FRONT_TO_SIDE,-112.151508388944,33.5239016191463,4,FOUR_WAY_INTERSECTION,ANGLE_FRONT_TO_SIDE,GLENDALE,2012-10-31 12:00:00,FAILED_TO_YIELD_RIGHT_OF_WAY_103,NO_IMPROPER_ACTION
2678917,2,LEFT_TURN,-111.934701890461,33.3053995332215,3,FOUR_WAY_INTERSECTION,LEFT_TURN,CHANDLER,2012-09-27 18:49:00,NO_IMPROPER_ACTION,MADE_IMPROPER_TURN
2678961,2,ANGLE_FRONT_TO_SIDE,-112.132618444482,33.6546504882261,3,UNKNOWN_99,ANGLE_FRONT_TO_SIDE,PHOENIX,2012-11-05 06:53:00,OTHER_97,OTHER_97+NOT_APPLICABLE_MINUS_1
2679010,2,LEFT_TURN,-112.004220879118,33.4657015199029,4,FOUR_WAY_INTERSECTION,LEFT_TURN,PHOENIX,2012-11-02 17:37:00,NO_IMPROPER_ACTION,FAILED_TO_YIELD_RIGHT_OF_WAY_103
2679037,2,ANGLE_FRONT_TO_SIDE,-111.843771105448,33.2924189333816,1,T_INTERSECTION,ANGLE_FRONT_TO_SIDE,CHANDLER,2012-09-22 12:28:00,INATTENTION_DISTRACTION,NO_IMPROPER_ACTION
2679126,2,UNKNOWN_99,-111.208468920906,32.4524726515844,1,UNKNOWN_99,UNKNOWN_99,MARANA,2012-12-07 07:36:00,UNKNOWN_99,NOT_APPLICABLE_MINUS_1+NOT_APPLICABLE_MINUS_1+NOT_APPLICABLE_MINUS_1+NOT_APPLICABLE_MINUS_1+NOT_APPLICABLE_MINUS_1+UNKNOWN_99
2679171,2,ANGLE_FRONT_TO_SIDE,-112.030247206041,33.469443037759,1,UNKNOWN_99,ANGLE_FRONT_TO_SIDE,PHOENIX,2012-11-03 16:19:00,NO_IMPROPER_ACTION,FAILED_TO_YIELD_RIGHT_OF_WAY_103
2679243,2,ANGLE_FRONT_TO_SIDE,-111.92515502391,33.4220239591493,2,UNKNOWN_99,ANGLE_FRONT_TO_SIDE,TEMPE,2012-11-07 19:05:00,FAILED_TO_YIELD_RIGHT_OF_WAY_103,NOT_APPLICABLE_MINUS_1+NOT_APPLICABLE_MINUS_1+NO_IMPROPER_ACTION
2679276,2,OTHER_97,-109.559565643507,31.3372235705171,3,T_INTERSECTION,OTHER_97,DOUGLAS,2012-10-27 13:10:00,FAILED_TO_KEEP_IN_PROPER_LANE,INATTENTION_DISTRACTION
2679284,2,ANGLE_FRONT_TO_SIDE,-111.952501874012,33.3780643334925,2,UNKNOWN_99,ANGLE_FRONT_TO_SIDE,TEMPE,2012-11-01 09:32:00,OTHER_97,NO_IMPROPER_ACTION
2679293,2,OTHER_97,-111.926271830661,33.4097610410671,1,T_INTERSECTION,OTHER_97,TEMPE,2012-11-01 03:20:00,OTHER_97,NO_IMPROPER_ACTION
2679302,2,ANGLE_FRONT_TO_SIDE,-111.920437819903,33.4149726969089,2,FOUR_WAY_INTERSECTION,ANGLE_FRONT_TO_SIDE,TEMPE,2012-11-01 13:26:00,DROVE_RODE_IN_OPPOSING_TRAFFIC_LANE,NOT_APPLICABLE_MINUS_1+NOT_APPLICABLE_MINUS_1+NO_IMPROPER_ACTION
2679358,2,SIDESWIPE_SAME_DIRECTION,-112.121609048119,33.4949437613054,2,T_INTERSECTION,SIDESWIPE_SAME_DIRECTION,PHOENIX,2012-09-14 13:16:00,OTHER_97,NO_IMPROPER_ACTION+NOT_APPLICABLE_MINUS_1
2679430,2,ANGLE_FRONT_TO_SIDE,-111.981263076775,33.4655742501207,1,INTERSECTION_AS_PART_OF_INTERCHANGE,ANGLE_FRONT_TO_SIDE,PHOENIX,2012-11-04 15:23:00,DROVE_RODE_IN_OPPOSING_TRAFFIC_LANE,INATTENTION_DISTRACTION
2679442,3,LEFT_TURN,-110.989559652257,32.2296163804137,4,FOUR_WAY_INTERSECTION,LEFT_TURN,TUCSON,2012-09-27 10:09:00,NO_IMPROPER_ACTION,NOT_APPLICABLE_MINUS_1+NO_IMPROPER_ACTION+FAILED_TO_YIELD_RIGHT_OF_WAY_103+NOT_APPLICABLE_MINUS_1+NOT_APPLICABLE_MINUS_1