IncidentID,num_vehicles_involved,eCollisionManner,Longitude,Latitude,InjurySeverity,eIntersectionType,eCollisionManner,city_name,IncidentDateTime,cyclist_citations,driver_citations
2701263,2,ANGLE_FRONT_TO_SIDE,-111.911418697005,33.3784156618064,2,T_INTERSECTION,ANGLE_FRONT_TO_SIDE,TEMPE,2013-02-24 10:49:00,INATTENTION_DISTRACTION,NO_IMPROPER_ACTION+NOT_APPLICABLE_MINUS_1
2701296,2,ANGLE_FRONT_TO_SIDE,-111.943095837834,33.4219189753943,2,UNKNOWN_99,ANGLE_FRONT_TO_SIDE,TEMPE,2013-02-28 14:27:00,NO_IMPROPER_ACTION,OTHER_97+NOT_APPLICABLE_MINUS_1
2701350,2,OTHER_97,-112.527754367003,33.4492589269505,3,T_INTERSECTION,OTHER_97,BUCKEYE,2013-02-25 16:11:00,UNKNOWN_99,UNKNOWN_99
2701517,2,ANGLE_FRONT_TO_SIDE,-110.974948111776,32.3517915066499,4,FOUR_WAY_INTERSECTION,ANGLE_FRONT_TO_SIDE,ORO VALLEY,2013-02-27 06:06:00,NO_IMPROPER_ACTION,OTHER_97
2701561,2,REAR_END,0,0,3,UNKNOWN_99,REAR_END,TUCSON,2013-03-05 12:48:00,SPEED_TOO_FAST_FOR_CONDITIONS,OTHER_97+NOT_APPLICABLE_MINUS_1
2701645,2,SIDESWIPE_SAME_DIRECTION,-112.556285713807,33.4356729853568,2,FOUR_WAY_INTERSECTION,SIDESWIPE_SAME_DIRECTION,BUCKEYE,2013-02-27 15:51:00,FAILED_TO_KEEP_IN_PROPER_LANE,NO_IMPROPER_ACTION
2701710,2,OTHER_97,-112.044056986274,33.4948597515744,2,FOUR_WAY_INTERSECTION,OTHER_97,PHOENIX,2013-03-11 07:13:00,DISREGARDED_TRAFFIC_SIGNAL,NO_IMPROPER_ACTION
2701845,4,REAR_END,-111.925816934093,33.5268288517886,4,NOT_AT_INTERSECTION_0,REAR_END,SCOTTSDALE,2013-01-04 03:05:00,NO_IMPROPER_ACTION+NO_IMPROPER_ACTION+NO_IMPROPER_ACTION,INATTENTION_DISTRACTION+NOT_APPLICABLE_MINUS_1+NOT_APPLICABLE_MINUS_1
2702279,2,ANGLE_FRONT_TO_SIDE,0,0,3,FOUR_WAY_INTERSECTION,ANGLE_FRONT_TO_SIDE,COLORADO CITY,2013-02-04 16:16:00,NO_IMPROPER_ACTION,NO_IMPROPER_ACTION
2702354,2,ANGLE_FRONT_TO_SIDE,-111.072699068994,32.3375819164243,1,UNKNOWN_99,ANGLE_FRONT_TO_SIDE,MARANA,2013-02-14 08:57:00,DROVE_RODE_IN_OPPOSING_TRAFFIC_LANE,NO_IMPROPER_ACTION
2702458,2,ANGLE_FRONT_TO_SIDE,-112.186245778976,33.5675155733976,2,FOUR_WAY_INTERSECTION,ANGLE_FRONT_TO_SIDE,GLENDALE,2013-01-21 12:04:00,DISREGARDED_TRAFFIC_SIGNAL,NO_IMPROPER_ACTION
2702598,2,ANGLE_FRONT_TO_SIDE,-110.917768076045,32.1488550376089,3,FOUR_WAY_INTERSECTION,ANGLE_FRONT_TO_SIDE,UNSPECIFIED_999,2013-02-19 06:05:00,DISREGARDED_TRAFFIC_SIGNAL,NO_IMPROPER_ACTION
2702658,2,ANGLE_FRONT_TO_SIDE,-110.915837764265,32.1665782113878,1,UNKNOWN_99,ANGLE_FRONT_TO_SIDE,UNSPECIFIED_999,2013-02-22 12:12:00,INATTENTION_DISTRACTION,NO_IMPROPER_ACTION
2702689,2,LEFT_TURN,-110.971448511534,31.8434429403698,3,T_INTERSECTION,LEFT_TURN,UNSPECIFIED_999,2013-02-26 15:20:00,NO_IMPROPER_ACTION,INATTENTION_DISTRACTION
2702699,2,LEFT_TURN,-110.987124143295,32.337189824829,3,T_INTERSECTION,LEFT_TURN,UNSPECIFIED_999,2013-02-15 17:23:00,NO_IMPROPER_ACTION,UNKNOWN_99
2702716,2,OTHER_97,-110.987375046899,31.8814385679216,2,UNKNOWN_99,OTHER_97,UNSPECIFIED_999,2013-03-01 12:36:00,NO_IMPROPER_ACTION,FAILED_TO_YIELD_RIGHT_OF_WAY_103
2702720,2,ANGLE_FRONT_TO_SIDE,-110.995135792795,32.2954678678456,3,FOUR_WAY_INTERSECTION,ANGLE_FRONT_TO_SIDE,UNSPECIFIED_999,2013-03-01 17:42:00,NO_IMPROPER_ACTION,INATTENTION_DISTRACTION
2702750,2,ANGLE_FRONT_TO_SIDE,-111.924545954841,33.4949611360399,2,T_INTERSECTION,ANGLE_FRONT_TO_SIDE,SCOTTSDALE,2013-01-06 16:32:00,NO_IMPROPER_ACTION,INATTENTION_DISTRACTION
2702791,3,ANGLE_FRONT_TO_SIDE,-112.190335427748,33.5963390067847,1,UNKNOWN_99,ANGLE_FRONT_TO_SIDE,GLENDALE,2013-01-24 10:36:00,DISREGARDED_TRAFFIC_SIGNAL,NO_IMPROPER_ACTION+NOT_APPLICABLE_MINUS_1+NO_IMPROPER_ACTION
2703011,2,OTHER_97,-111.908425232897,33.4876227453517,1,UNKNOWN_99,OTHER_97,SCOTTSDALE,2013-01-27 16:07:00,OTHER_97,NO_IMPROPER_ACTION
2703255,2,ANGLE_FRONT_TO_SIDE,-111.906245437908,33.575207256472,3,FOUR_WAY_INTERSECTION,ANGLE_FRONT_TO_SIDE,SCOTTSDALE,2013-01-21 13:45:00,NO_IMPROPER_ACTION,OTHER_97
2703330,2,OTHER_97,-111.719563181044,33.3214135392831,1,NOT_AT_INTERSECTION_0,OTHER_97,GILBERT,2013-03-04 09:52:00,OTHER_97,INATTENTION_DISTRACTION
2703336,2,SIDESWIPE_SAME_DIRECTION,-111.824368804402,33.3497676160801,3,FOUR_WAY_INTERSECTION,SIDESWIPE_SAME_DIRECTION,GILBERT,2013-03-06 07:24:00,OTHER_97,OTHER_97
2703567,2,OTHER_97,-111.742498129129,32.8740297601588,3,UNKNOWN_99,OTHER_97,CASA GRANDE,2013-03-01 07:49:00,FAILED_TO_YIELD_RIGHT_OF_WAY_103,NOT_APPLICABLE_MINUS_1+NO_IMPROPER_ACTION
2703595,3,OTHER_97,-111.911083020433,33.4657735880963,3,T_INTERSECTION,OTHER_97,SCOTTSDALE,2013-01-28 16:58:00,OTHER_97+OTHER_97,NO_IMPROPER_ACTION
2703671,2,ANGLE_FRONT_TO_SIDE,0,0,2,T_INTERSECTION,ANGLE_FRONT_TO_SIDE,SIERRA VISTA,2013-02-08 10:37:00,INATTENTION_DISTRACTION,INATTENTION_DISTRACTION
2703792,2,SIDESWIPE_SAME_DIRECTION,-110.965643376107,32.2355660015207,4,FOUR_WAY_INTERSECTION,SIDESWIPE_SAME_DIRECTION,TUCSON,2013-01-10 12:36:00,NO_IMPROPER_ACTION,OTHER_UNSAFE_PASSING
2703811,2,UNKNOWN_99,-111.046922913436,32.3826514645859,3,T_INTERSECTION,UNKNOWN_99,UNSPECIFIED_999,2013-02-19 10:08:00,NO_IMPROPER_ACTION,OTHER_97
2703844,2,LEFT_TURN,-110.839340343423,32.100969345625,3,NOT_AT_INTERSECTION_0,LEFT_TURN,UNSPECIFIED_999,2013-03-02 20:20:00,NO_IMPROPER_ACTION,FAILED_TO_YIELD_RIGHT_OF_WAY_103
2704305,2,ANGLE_FRONT_TO_SIDE,-112.281051300192,33.4937247935362,3,T_INTERSECTION,ANGLE_FRONT_TO_SIDE,UNSPECIFIED_999,2013-02-23 16:03:00,DROVE_RODE_IN_OPPOSING_TRAFFIC_LANE,FAILED_TO_YIELD_RIGHT_OF_WAY_103
2704319,2,OTHER_97,-110.956695816688,32.2647886684744,3,T_INTERSECTION,OTHER_97,TUCSON,2013-01-14 17:03:00,NO_IMPROPER_ACTION,FAILED_TO_YIELD_RIGHT_OF_WAY_103
2704330,2,ANGLE_FRONT_TO_SIDE,-111.584620384801,33.3933017851657,4,UNKNOWN_99,ANGLE_FRONT_TO_SIDE,UNSPECIFIED_999,2013-02-16 15:58:00,UNSAFE_LANE_CHANGE,NO_IMPROPER_ACTION
2704348,2,UNKNOWN_99,-112.272922464479,33.6526228493804,4,FOUR_WAY_INTERSECTION,UNKNOWN_99,UNSPECIFIED_999,2013-02-15 16:18:00,UNKNOWN_99,FAILED_TO_YIELD_RIGHT_OF_WAY_103
2704366,2,SIDESWIPE_SAME_DIRECTION,-111.688180065035,33.3084907427354,2,UNKNOWN_99,SIDESWIPE_SAME_DIRECTION,GILBERT,2013-02-13 07:44:00,UNKNOWN_99,UNKNOWN_99
2704423,2,HEAD_ON,-112.141328359624,33.8762615816295,3,UNKNOWN_99,HEAD_ON,UNSPECIFIED_999,2013-02-12 15:58:00,DROVE_RODE_IN_OPPOSING_TRAFFIC_LANE,NO_IMPROPER_ACTION
2704748,2,LEFT_TURN,-110.772669343553,32.1959488596907,4,FOUR_WAY_INTERSECTION,LEFT_TURN,TUCSON,2013-01-25 14:28:00,NO_IMPROPER_ACTION,FAILED_TO_YIELD_RIGHT_OF_WAY_103
2704749,2,ANGLE_FRONT_TO_SIDE,-110.952473856314,32.2437038636945,3,FOUR_WAY_INTERSECTION,ANGLE_FRONT_TO_SIDE,TUCSON,2013-01-21 18:14:00,NO_IMPROPER_ACTION,RAN_STOP_SIGN
2704756,2,ANGLE_FRONT_TO_SIDE,-110.823791996623,32.1803100147297,1,FOUR_WAY_INTERSECTION,ANGLE_FRONT_TO_SIDE,TUCSON,2013-01-22 07:35:00,OTHER_97,MADE_IMPROPER_TURN
2704763,3,ANGLE_FRONT_TO_SIDE,-110.908960344288,32.2070347037752,3,NOT_AT_INTERSECTION_0,ANGLE_FRONT_TO_SIDE,TUCSON,2013-01-25 12:21:00,INATTENTION_DISTRACTION+INATTENTION_DISTRACTION,NO_IMPROPER_ACTION
2704788,2,SIDESWIPE_SAME_DIRECTION,-110.93536114727,32.2454934878876,3,T_INTERSECTION,SIDESWIPE_SAME_DIRECTION,TUCSON,2013-01-22 22:21:00,FAILED_TO_KEEP_IN_PROPER_LANE,UNKNOWN_99
2704811,2,ANGLE_FRONT_TO_SIDE,-110.85569736229,32.2355672334662,1,UNKNOWN_99,ANGLE_FRONT_TO_SIDE,TUCSON,2013-01-17 14:45:00,NO_IMPROPER_ACTION,OTHER_97
2704818,3,LEFT_TURN,-110.959531693137,32.2405717216323,3,FOUR_WAY_INTERSECTION,LEFT_TURN,TUCSON,2013-01-17 15:31:00,NO_IMPROPER_ACTION+NO_IMPROPER_ACTION,MADE_IMPROPER_TURN
2704852,2,ANGLE_FRONT_TO_SIDE,-110.986580431239,32.2296989435495,3,T_INTERSECTION,ANGLE_FRONT_TO_SIDE,TUCSON,2013-01-24 08:00:00,NO_IMPROPER_ACTION,FAILED_TO_YIELD_RIGHT_OF_WAY_103
2704859,2,LEFT_TURN,-110.806823666421,32.2064207352542,3,FOUR_WAY_INTERSECTION,LEFT_TURN,TUCSON,2013-01-18 17:30:00,NO_IMPROPER_ACTION,UNKNOWN_99
2704898,2,REAR_END,-110.901154960388,32.2288599773912,2,FOUR_WAY_INTERSECTION,REAR_END,TUCSON,2013-01-24 11:00:00,NO_IMPROPER_ACTION,SPEED_TOO_FAST_FOR_CONDITIONS
2704910,2,LEFT_TURN,-112.055829081902,33.4513530003228,4,T_INTERSECTION,LEFT_TURN,PHOENIX,2013-01-29 13:30:00,NO_IMPROPER_ACTION,FAILED_TO_YIELD_RIGHT_OF_WAY_103
2704912,2,ANGLE_FRONT_TO_SIDE,-112.038671522476,33.4658344614027,2,INTERSECTION_AS_PART_OF_INTERCHANGE,ANGLE_FRONT_TO_SIDE,PHOENIX,2013-01-29 10:54:00,UNKNOWN_99,UNKNOWN_99
2704933,2,ANGLE_FRONT_TO_SIDE,-110.89624240963,32.2214921669469,3,T_INTERSECTION,ANGLE_FRONT_TO_SIDE,TUCSON,2013-01-25 12:23:00,NO_IMPROPER_ACTION,FAILED_TO_YIELD_RIGHT_OF_WAY_103
2704992,2,ANGLE_FRONT_TO_SIDE,-112.110557308758,33.5241208997596,2,FOUR_WAY_INTERSECTION,ANGLE_FRONT_TO_SIDE,PHOENIX,2013-01-27 19:00:00,NO_IMPROPER_ACTION,UNKNOWN_99
2705103,2,LEFT_TURN,-110.965644314509,32.2359230006414,2,FOUR_WAY_INTERSECTION,LEFT_TURN,TUCSON,2013-02-01 11:55:00,NO_IMPROPER_ACTION,FAILED_TO_YIELD_RIGHT_OF_WAY_103+NOT_APPLICABLE_MINUS_1
2705105,2,OTHER_97,-112.0367086156,33.604263620854,2,FOUR_WAY_INTERSECTION,OTHER_97,PHOENIX,2013-01-23 16:32:00,NO_IMPROPER_ACTION,FAILED_TO_YIELD_RIGHT_OF_WAY_103
2705108,2,ANGLE_FRONT_TO_SIDE,-112.118821755889,33.5094595905548,3,FOUR_WAY_INTERSECTION,ANGLE_FRONT_TO_SIDE,PHOENIX,2013-01-23 16:41:00,FAILED_TO_YIELD_RIGHT_OF_WAY_103,NO_IMPROPER_ACTION+NOT_APPLICABLE_MINUS_1
2705136,2,ANGLE_FRONT_TO_SIDE,-112.065609097257,33.4802015381852,4,UNKNOWN_99,ANGLE_FRONT_TO_SIDE,PHOENIX,2013-01-21 21:28:00,FAILED_TO_YIELD_RIGHT_OF_WAY_103,UNKNOWN_99
2705171,2,ANGLE_FRONT_TO_SIDE,-110.961062191123,32.2757013729058,4,FOUR_WAY_INTERSECTION,ANGLE_FRONT_TO_SIDE,TUCSON,2013-02-13 14:31:00,FAILED_TO_YIELD_RIGHT_OF_WAY_103,UNKNOWN_99
2705194,2,ANGLE_FRONT_TO_SIDE,-112.039261017068,33.3928640984251,2,UNKNOWN_99,ANGLE_FRONT_TO_SIDE,PHOENIX,2013-01-24 08:05:00,INATTENTION_DISTRACTION,INATTENTION_DISTRACTION
2705225,2,OTHER_97,-110.978149611491,32.2828469675739,1,FOUR_WAY_INTERSECTION,OTHER_97,TUCSON,2013-02-11 09:09:00,DROVE_RODE_IN_OPPOSING_TRAFFIC_LANE,NO_IMPROPER_ACTION
2705252,2,ANGLE_FRONT_TO_SIDE,-111.991889849425,33.7563329853339,1,UNKNOWN_99,ANGLE_FRONT_TO_SIDE,PHOENIX,2013-01-10 13:20:00,DROVE_RODE_IN_OPPOSING_TRAFFIC_LANE,NO_IMPROPER_ACTION+NOT_APPLICABLE_MINUS_1
2705345,2,ANGLE_FRONT_TO_SIDE,-112.099672066092,33.5875195575201,3,T_INTERSECTION,ANGLE_FRONT_TO_SIDE,PHOENIX,2013-02-05 22:27:00,DROVE_RODE_IN_OPPOSING_TRAFFIC_LANE,INATTENTION_DISTRACTION
2705387,2,SIDESWIPE_SAME_DIRECTION,-112.030237318653,33.4715702891269,1,UNKNOWN_99,SIDESWIPE_SAME_DIRECTION,PHOENIX,2013-01-26 17:13:00,NO_IMPROPER_ACTION,OTHER_97
2705412,2,ANGLE_FRONT_TO_SIDE,-112.117052413486,33.4943734351798,3,UNKNOWN_99,ANGLE_FRONT_TO_SIDE,PHOENIX,2013-01-24 16:40:00,FAILED_TO_YIELD_RIGHT_OF_WAY_103,NO_IMPROPER_ACTION
2705435,2,OTHER_97,-110.978113981878,32.2274951140015,4,FOUR_WAY_INTERSECTION,OTHER_97,TUCSON,2013-02-08 07:56:00,UNKNOWN_99,NO_IMPROPER_ACTION
2705524,2,OTHER_97,-110.974605876574,32.2067707428358,4,FOUR_WAY_INTERSECTION,OTHER_97,TUCSON,2013-02-08 06:39:00,UNKNOWN_99,NO_IMPROPER_ACTION
2705546,2,LEFT_TURN,-111.999386438493,33.4512659860543,2,UNKNOWN_99,LEFT_TURN,PHOENIX,2013-01-31 17:14:00,NO_IMPROPER_ACTION,FAILED_TO_YIELD_RIGHT_OF_WAY_103
2705559,2,ANGLE_FRONT_TO_SIDE,-112.105819095511,33.560340636392,2,T_INTERSECTION,ANGLE_FRONT_TO_SIDE,PHOENIX,2013-01-17 09:28:00,NO_IMPROPER_ACTION,FAILED_TO_YIELD_RIGHT_OF_WAY_103
2705585,2,OTHER_97,-112.142523084611,33.5675263935769,2,UNKNOWN_99,OTHER_97,PHOENIX,2013-01-18 07:49:00,NO_IMPROPER_ACTION,FAILED_TO_YIELD_RIGHT_OF_WAY_103
2705712,2,ANGLE_FRONT_TO_SIDE,-112.041376610129,33.5310169002069,3,UNKNOWN_99,ANGLE_FRONT_TO_SIDE,PHOENIX,2013-01-22 08:49:00,OTHER_97,NO_IMPROPER_ACTION
2705783,2,OTHER_97,-112.461493887808,33.4646726245863,1,FOUR_WAY_INTERSECTION,OTHER_97,UNSPECIFIED_999,2013-02-17 19:10:00,DISREGARDED_TRAFFIC_SIGNAL,NO_IMPROPER_ACTION
2705840,2,ANGLE_FRONT_TO_SIDE,-112.094858391235,33.3842739159678,3,T_INTERSECTION,ANGLE_FRONT_TO_SIDE,PHOENIX,2013-01-26 00:35:00,INATTENTION_DISTRACTION,NO_IMPROPER_ACTION
2705865,2,ANGLE_FRONT_TO_SIDE,-111.877573690543,33.3673747055081,1,FOUR_WAY_INTERSECTION,ANGLE_FRONT_TO_SIDE,MESA,2013-03-04 15:09:00,INATTENTION_DISTRACTION,INATTENTION_DISTRACTION
2705877,2,ANGLE_FRONT_TO_SIDE,-112.034411143272,33.3914684890762,3,T_INTERSECTION,ANGLE_FRONT_TO_SIDE,PHOENIX,2013-01-28 17:29:00,FAILED_TO_YIELD_RIGHT_OF_WAY_103,NO_IMPROPER_ACTION
2705909,2,LEFT_TURN,-112.142956616365,33.4803397049301,3,UNKNOWN_99,LEFT_TURN,PHOENIX,2013-02-07 17:20:00,INATTENTION_DISTRACTION,MADE_IMPROPER_TURN
2705965,2,SIDESWIPE_SAME_DIRECTION,-110.926679315083,32.2285622241771,2,FOUR_WAY_INTERSECTION,SIDESWIPE_SAME_DIRECTION,TUCSON,2013-02-05 14:01:00,OTHER_UNSAFE_PASSING,NO_IMPROPER_ACTION
2705975,2,ANGLE_FRONT_TO_SIDE,-110.87511612137,32.2104624608088,1,T_INTERSECTION,ANGLE_FRONT_TO_SIDE,TUCSON,2013-02-06 08:00:00,FAILED_TO_YIELD_RIGHT_OF_WAY_103,NOT_APPLICABLE_MINUS_1+NO_IMPROPER_ACTION
2706008,2,ANGLE_FRONT_TO_SIDE,-111.782581000301,33.3802892311646,3,FOUR_WAY_INTERSECTION,ANGLE_FRONT_TO_SIDE,MESA,2013-03-08 20:48:00,OTHER_97,NO_IMPROPER_ACTION
2706013,2,OTHER_97,-110.95231994075,32.2646648340878,2,UNKNOWN_99,OTHER_97,TUCSON,2013-02-05 07:34:00,NO_IMPROPER_ACTION,MADE_IMPROPER_TURN
2706067,2,ANGLE_FRONT_TO_SIDE,-111.72773952796,33.4083340687717,2,T_INTERSECTION,ANGLE_FRONT_TO_SIDE,MESA,2013-03-12 15:11:00,NO_IMPROPER_ACTION,INATTENTION_DISTRACTION
2706090,2,ANGLE_FRONT_TO_SIDE,-110.870806684238,32.201111419283,3,FOUR_WAY_INTERSECTION,ANGLE_FRONT_TO_SIDE,TUCSON,2013-02-05 15:52:00,UNKNOWN_99,UNKNOWN_99
2706113,2,ANGLE_FRONT_TO_SIDE,-112.025339228661,33.6285158304054,3,FOUR_WAY_INTERSECTION,ANGLE_FRONT_TO_SIDE,PHOENIX,2013-02-02 14:04:00,DID_NOT_USE_CROSSWALK,NOT_APPLICABLE_MINUS_1+NO_IMPROPER_ACTION
2706115,2,ANGLE_FRONT_TO_SIDE,-112.134550464501,33.4296607976348,3,T_INTERSECTION,ANGLE_FRONT_TO_SIDE,PHOENIX,2013-02-02 13:11:00,NO_IMPROPER_ACTION,FAILED_TO_YIELD_RIGHT_OF_WAY_103
2706135,2,ANGLE_FRONT_TO_SIDE,-110.946097504042,32.2360394324389,3,T_INTERSECTION,ANGLE_FRONT_TO_SIDE,TUCSON,2013-02-04 13:31:00,NO_IMPROPER_ACTION,INATTENTION_DISTRACTION
2706142,2,ANGLE_FRONT_TO_SIDE,-110.959553931833,32.2447185376038,2,UNKNOWN_99,ANGLE_FRONT_TO_SIDE,TUCSON,2013-02-04 16:29:00,INATTENTION_DISTRACTION,NO_IMPROPER_ACTION
2706149,2,SIDESWIPE_SAME_DIRECTION,-112.568387814361,33.3775821407802,2,UNKNOWN_99,SIDESWIPE_SAME_DIRECTION,UNSPECIFIED_999,2013-02-23 18:48:00,NO_IMPROPER_ACTION,INATTENTION_DISTRACTION
2706188,2,OTHER_97,-112.340880251305,33.499305941064,1,T_INTERSECTION,OTHER_97,UNSPECIFIED_999,2013-01-18 16:25:00,NO_IMPROPER_ACTION,FAILED_TO_YIELD_RIGHT_OF_WAY_103
2706200,2,OTHER_97,-110.249220361971,31.5328047680997,4,FOUR_WAY_INTERSECTION,OTHER_97,SIERRA VISTA,2013-03-11 18:17:00,MADE_IMPROPER_TURN,NOT_APPLICABLE_MINUS_1+NOT_APPLICABLE_MINUS_1+NO_IMPROPER_ACTION
2706213,2,SIDESWIPE_OPPOSITE_DIRECTION,-111.918184650115,33.8222887493121,1,UNKNOWN_99,SIDESWIPE_OPPOSITE_DIRECTION,CAREFREE,2013-02-03 14:20:00,NO_IMPROPER_ACTION,INATTENTION_DISTRACTION
2706232,2,SIDESWIPE_SAME_DIRECTION,-111.763346066013,34.8659464447631,3,ROUNDABOUT,SIDESWIPE_SAME_DIRECTION,SEDONA,2013-03-15 12:32:00,UNSAFE_LANE_CHANGE,NO_IMPROPER_ACTION
2706244,2,ANGLE_FRONT_TO_SIDE,0,0,3,UNKNOWN_99,ANGLE_FRONT_TO_SIDE,TUCSON,2013-03-04 10:59:00,NO_IMPROPER_ACTION,SPEED_TOO_FAST_FOR_CONDITIONS
2706394,2,REAR_END,-112.139543075762,33.8367655645733,1,FOUR_WAY_INTERSECTION,REAR_END,UNSPECIFIED_999,2013-02-05 06:42:00,NO_IMPROPER_ACTION,INATTENTION_DISTRACTION
2706402,2,OTHER_97,-111.640544658615,33.3791304095925,2,UNKNOWN_99,OTHER_97,MESA,2013-03-04 15:06:00,OTHER_97,NO_IMPROPER_ACTION
2706444,2,ANGLE_FRONT_TO_SIDE,-111.722244623549,33.3069414749952,1,T_INTERSECTION,ANGLE_FRONT_TO_SIDE,GILBERT,2013-03-14 12:46:00,NO_IMPROPER_ACTION,INATTENTION_DISTRACTION
2706457,2,ANGLE_FRONT_TO_SIDE,-111.768622274885,33.3279378362298,3,FOUR_WAY_INTERSECTION,ANGLE_FRONT_TO_SIDE,GILBERT,2013-03-16 08:47:00,RAN_STOP_SIGN,NO_IMPROPER_ACTION
2706469,2,ANGLE_FRONT_TO_SIDE,-111.832145717981,33.4349520237335,2,UNKNOWN_99,ANGLE_FRONT_TO_SIDE,MESA,2013-03-07 16:35:00,DROVE_RODE_IN_OPPOSING_TRAFFIC_LANE,NOT_APPLICABLE_MINUS_1+NO_IMPROPER_ACTION+NOT_APPLICABLE_MINUS_1+NOT_APPLICABLE_MINUS_1+NOT_APPLICABLE_MINUS_1
2706506,2,OTHER_97,-110.89228215864,32.2362015456964,3,T_INTERSECTION,OTHER_97,TUCSON,2013-02-02 11:30:00,DROVE_RODE_IN_OPPOSING_TRAFFIC_LANE,NO_IMPROPER_ACTION
2706581,2,OTHER_97,-111.546046222894,33.4126341530048,2,FOUR_WAY_INTERSECTION,OTHER_97,APACHE JUNCTION,2013-03-04 15:54:00,NO_IMPROPER_ACTION,FAILED_TO_KEEP_IN_PROPER_LANE
2706599,2,ANGLE_FRONT_TO_SIDE,-111.817105716872,33.404650362294,1,UNKNOWN_99,ANGLE_FRONT_TO_SIDE,MESA,2013-03-02 18:32:00,SPEED_TOO_FAST_FOR_CONDITIONS,NO_IMPROPER_ACTION
2706622,2,OTHER_97,-110.950853214544,32.2348625003627,3,FOUR_WAY_INTERSECTION,OTHER_97,TUCSON,2013-03-19 10:23:00,DISREGARDED_TRAFFIC_SIGNAL,NO_IMPROPER_ACTION
2706701,2,UNKNOWN_99,-112.01261731922,33.3861245992672,4,UNKNOWN_99,UNKNOWN_99,PHOENIX,2013-01-16 06:56:00,UNKNOWN_99,UNKNOWN_99+NOT_APPLICABLE_MINUS_1
2706708,2,OTHER_97,-112.09962281448,33.5667378415563,2,UNKNOWN_99,OTHER_97,PHOENIX,2013-01-19 15:24:00,NO_IMPROPER_ACTION,FAILED_TO_YIELD_RIGHT_OF_WAY_103+NOT_APPLICABLE_MINUS_1
2706724,2,ANGLE_FRONT_TO_SIDE,-112.130131179565,33.553102242541,2,FOUR_WAY_INTERSECTION,ANGLE_FRONT_TO_SIDE,PHOENIX,2013-01-30 23:31:00,NO_IMPROPER_ACTION,UNKNOWN_99
2706789,2,ANGLE_FRONT_TO_SIDE,-112.061013883769,33.4938246896662,2,FOUR_WAY_INTERSECTION,ANGLE_FRONT_TO_SIDE,PHOENIX,2013-01-30 18:45:00,FAILED_TO_YIELD_RIGHT_OF_WAY_103,NO_IMPROPER_ACTION
2706799,2,SIDESWIPE_SAME_DIRECTION,-112.06499896639,33.5167485029557,3,NOT_AT_INTERSECTION_0,SIDESWIPE_SAME_DIRECTION,PHOENIX,2013-01-30 17:36:00,FAILED_TO_YIELD_RIGHT_OF_WAY_103,NOT_APPLICABLE_MINUS_1+NO_IMPROPER_ACTION
2706959,2,SIDESWIPE_SAME_DIRECTION,-111.087255581503,33.3037775085427,3,NOT_AT_INTERSECTION_0,SIDESWIPE_SAME_DIRECTION,UNSPECIFIED_999,2013-03-20 13:24:00,UNKNOWN_99,UNKNOWN_99+NOT_APPLICABLE_MINUS_1
2707001,2,OTHER_97,-112.009262179834,34.7285912622998,1,FOUR_WAY_INTERSECTION,OTHER_97,COTTONWOOD,2013-01-26 10:31:00,UNKNOWN_99,NOT_APPLICABLE_MINUS_1+FAILED_TO_YIELD_RIGHT_OF_WAY_103+NOT_APPLICABLE_MINUS_1+NOT_APPLICABLE_MINUS_1
2707052,2,ANGLE_FRONT_TO_SIDE,-111.941170879001,33.4254961383258,1,T_INTERSECTION,ANGLE_FRONT_TO_SIDE,TEMPE,2013-03-19 16:45:00,NO_IMPROPER_ACTION,FAILED_TO_YIELD_RIGHT_OF_WAY_103
2707068,2,ANGLE_FRONT_TO_SIDE,-111.939454612739,33.3928607414179,2,NOT_AT_INTERSECTION_0,ANGLE_FRONT_TO_SIDE,TEMPE,2013-03-18 11:49:00,OTHER_97,NO_IMPROPER_ACTION
2707090,2,ANGLE_FRONT_TO_SIDE,-112.22008590873,33.6103408692428,3,FOUR_WAY_INTERSECTION,ANGLE_FRONT_TO_SIDE,PEORIA,2013-03-04 13:12:00,DROVE_RODE_IN_OPPOSING_TRAFFIC_LANE,INATTENTION_DISTRACTION
2707118,2,LEFT_TURN,-111.886286331401,33.4148004968105,2,T_INTERSECTION,LEFT_TURN,TEMPE,2013-03-04 15:03:00,NO_IMPROPER_ACTION,FAILED_TO_YIELD_RIGHT_OF_WAY_103
2707121,2,ANGLE_FRONT_TO_SIDE,-111.926121954334,33.412879857648,2,T_INTERSECTION,ANGLE_FRONT_TO_SIDE,TEMPE,2013-03-21 09:24:00,FAILED_TO_YIELD_RIGHT_OF_WAY_103,NO_IMPROPER_ACTION
2707190,2,OTHER_97,-112.099410352146,33.5676151492151,3,FOUR_WAY_INTERSECTION,OTHER_97,PHOENIX,2013-02-06 06:33:00,OTHER_97,NO_IMPROPER_ACTION
2707222,2,ANGLE_FRONT_TO_SIDE,-112.134246536919,33.5694764642804,2,NOT_AT_INTERSECTION_0,ANGLE_FRONT_TO_SIDE,PHOENIX,2013-02-12 07:22:00,NO_IMPROPER_ACTION,RAN_STOP_SIGN