IncidentID,num_vehicles_involved,eCollisionManner,Longitude,Latitude,InjurySeverity,eIntersectionType,eCollisionManner,city_name,IncidentDateTime,cyclist_citations,driver_citations
2707307,2,ANGLE_FRONT_TO_SIDE,-112.112428709353,33.5095016742506,3,NOT_AT_INTERSECTION_0,ANGLE_FRONT_TO_SIDE,PHOENIX,2013-02-07 12:56:00,DISREGARDED_TRAFFIC_SIGNAL,NO_IMPROPER_ACTION
2707368,2,LEFT_TURN,-111.943320448926,33.499526304624,3,T_INTERSECTION,LEFT_TURN,PHOENIX,2013-02-06 07:00:00,NO_IMPROPER_ACTION,FAILED_TO_YIELD_RIGHT_OF_WAY_103
2707596,2,ANGLE_FRONT_TO_SIDE,-112.125558688955,33.5673993302233,4,FOUR_WAY_INTERSECTION,ANGLE_FRONT_TO_SIDE,PHOENIX,2013-02-04 20:23:00,KNOWINGLY_OPERATED_WITH_FAULTY_MISSING_EQUIPMENT,NO_IMPROPER_ACTION
2707857,2,OTHER_97,-111.981686371399,33.4656521674308,3,T_INTERSECTION,OTHER_97,PHOENIX,2013-03-28 22:12:00,DISREGARDED_TRAFFIC_SIGNAL,NO_IMPROPER_ACTION+NOT_APPLICABLE_MINUS_1
2707910,2,ANGLE_FRONT_TO_SIDE,-112.220275680221,33.6382194224234,4,FOUR_WAY_INTERSECTION,ANGLE_FRONT_TO_SIDE,GLENDALE,2013-02-05 17:07:00,DID_NOT_USE_CROSSWALK,NOT_APPLICABLE_MINUS_1+NO_IMPROPER_ACTION
2708060,2,UNKNOWN_99,-111.632710864122,33.4078451581168,3,FOUR_WAY_INTERSECTION,UNKNOWN_99,UNSPECIFIED_999,2013-02-27 15:28:00,NO_IMPROPER_ACTION,FAILED_TO_YIELD_RIGHT_OF_WAY_103
2708223,2,LEFT_TURN,-111.782087651829,33.3645207403666,1,FOUR_WAY_INTERSECTION,LEFT_TURN,GILBERT,2013-03-19 05:46:00,FAILED_TO_KEEP_IN_PROPER_LANE,NO_IMPROPER_ACTION
2708268,2,ANGLE_FRONT_TO_SIDE,-111.945738052816,33.3418994674816,3,T_INTERSECTION,ANGLE_FRONT_TO_SIDE,TEMPE,2013-03-26 07:54:00,UNKNOWN_99,UNKNOWN_99
2708483,2,ANGLE_FRONT_TO_SIDE,0,0,3,UNKNOWN_99,ANGLE_FRONT_TO_SIDE,TUCSON,2013-03-04 10:57:00,NO_IMPROPER_ACTION,FAILED_TO_YIELD_RIGHT_OF_WAY_103
2708502,2,ANGLE_FRONT_TO_SIDE,-111.781129591269,33.3360160252089,1,T_INTERSECTION,ANGLE_FRONT_TO_SIDE,GILBERT,2013-03-21 15:32:00,RAN_STOP_SIGN,NO_IMPROPER_ACTION
2708720,2,ANGLE_FRONT_TO_SIDE,-111.6663767817,35.170527898406,3,FOUR_WAY_INTERSECTION,ANGLE_FRONT_TO_SIDE,FLAGSTAFF,2013-03-23 11:57:00,NO_IMPROPER_ACTION,INATTENTION_DISTRACTION
2708846,2,LEFT_TURN,-111.075725877248,32.3753903616869,2,T_INTERSECTION,LEFT_TURN,UNSPECIFIED_999,2013-03-12 07:57:00,DISREGARDED_TRAFFIC_SIGNAL,UNKNOWN_99
2708965,2,ANGLE_FRONT_TO_SIDE,-110.257320059139,31.561903989201,4,FOUR_WAY_INTERSECTION,ANGLE_FRONT_TO_SIDE,SIERRA VISTA,2013-03-30 13:06:00,DISREGARDED_TRAFFIC_SIGNAL,NOT_APPLICABLE_MINUS_1+NOT_APPLICABLE_MINUS_1+NO_IMPROPER_ACTION
2708989,2,ANGLE_FRONT_TO_SIDE,-111.961030595886,33.3820167574148,1,UNKNOWN_99,ANGLE_FRONT_TO_SIDE,TEMPE,2013-03-11 07:42:00,DROVE_RODE_IN_OPPOSING_TRAFFIC_LANE,NO_IMPROPER_ACTION
2709048,2,ANGLE_FRONT_TO_SIDE,-111.96401624673,33.3782421255932,2,UNKNOWN_99,ANGLE_FRONT_TO_SIDE,TEMPE,2013-03-13 13:55:00,OTHER_97,NO_IMPROPER_ACTION
2709080,2,ANGLE_FRONT_TO_SIDE,-111.789458906093,33.4226255301444,2,FOUR_WAY_INTERSECTION,ANGLE_FRONT_TO_SIDE,MESA,2013-03-07 14:45:00,DROVE_RODE_IN_OPPOSING_TRAFFIC_LANE,SPEED_TOO_FAST_FOR_CONDITIONS
2709091,2,ANGLE_FRONT_TO_SIDE,-111.653610334598,33.379195244353,3,T_INTERSECTION,ANGLE_FRONT_TO_SIDE,MESA,2013-01-22 19:52:00,DROVE_RODE_IN_OPPOSING_TRAFFIC_LANE,NO_IMPROPER_ACTION
2709107,2,ANGLE_FRONT_TO_SIDE,-111.778846290497,33.4081362751853,3,FOUR_WAY_INTERSECTION,ANGLE_FRONT_TO_SIDE,MESA,2013-03-06 11:37:00,OTHER_97,NO_IMPROPER_ACTION
2709109,2,ANGLE_FRONT_TO_SIDE,-111.736581306388,33.3890918939585,1,FOUR_WAY_INTERSECTION,ANGLE_FRONT_TO_SIDE,MESA,2013-03-14 12:41:00,NO_IMPROPER_ACTION,SPEED_TOO_FAST_FOR_CONDITIONS
2709114,2,ANGLE_FRONT_TO_SIDE,-111.684191572093,33.4450830279972,2,T_INTERSECTION,ANGLE_FRONT_TO_SIDE,MESA,2013-03-13 15:07:00,OTHER_97,NO_IMPROPER_ACTION
2709201,2,ANGLE_FRONT_TO_SIDE,-111.822731342435,33.431101786115,3,UNKNOWN_99,ANGLE_FRONT_TO_SIDE,MESA,2013-03-20 16:53:00,DROVE_RODE_IN_OPPOSING_TRAFFIC_LANE,NO_IMPROPER_ACTION
2709228,2,OTHER_97,-111.598019109691,33.3935294177029,2,FOUR_WAY_INTERSECTION,OTHER_97,MESA,2013-04-01 07:19:00,NO_IMPROPER_ACTION,NOT_APPLICABLE_MINUS_1+OTHER_97
2709305,2,OTHER_97,-111.037814843675,32.3374866936921,2,FOUR_WAY_INTERSECTION,OTHER_97,UNSPECIFIED_999,2013-03-20 15:57:00,UNKNOWN_99,UNKNOWN_99
2709650,2,ANGLE_FRONT_TO_SIDE,-111.936588075676,33.414800310896,3,FOUR_WAY_INTERSECTION,ANGLE_FRONT_TO_SIDE,TEMPE,2013-03-22 08:48:00,FAILED_TO_YIELD_RIGHT_OF_WAY_103,NO_IMPROPER_ACTION
2709662,2,ANGLE_FRONT_TO_SIDE,-112.320178948012,33.6097582089445,3,NOT_REPORTED_255,ANGLE_FRONT_TO_SIDE,EL MIRAGE,2013-03-29 18:47:00,INATTENTION_DISTRACTION,NO_IMPROPER_ACTION+NOT_APPLICABLE_MINUS_1
2709663,3,ANGLE_FRONT_TO_SIDE,-112.324450728621,33.5654610256472,2,FOUR_WAY_INTERSECTION,ANGLE_FRONT_TO_SIDE,EL MIRAGE,2013-03-27 20:32:00,DISREGARDED_TRAFFIC_SIGNAL+DISREGARDED_TRAFFIC_SIGNAL,NO_IMPROPER_ACTION
2709768,2,ANGLE_FRONT_TO_SIDE,-111.94564692831,33.3347146542447,2,UNKNOWN_99,ANGLE_FRONT_TO_SIDE,TEMPE,2013-03-25 16:04:00,NO_IMPROPER_ACTION,OTHER_97
2709827,2,OTHER_97,-110.909719932675,32.2511624579369,2,NOT_REPORTED_255,OTHER_97,TUCSON,2013-02-18 17:13:00,DISREGARDED_TRAFFIC_SIGNAL,NO_IMPROPER_ACTION
2709998,2,REAR_TO_SIDE,-112.341046974333,33.4534447539711,3,T_INTERSECTION,REAR_TO_SIDE,AVONDALE,2013-04-01 11:04:00,NO_IMPROPER_ACTION,NO_IMPROPER_ACTION
2710034,2,ANGLE_FRONT_TO_SIDE,-112.462189218152,34.5418566199461,3,FOUR_WAY_INTERSECTION,ANGLE_FRONT_TO_SIDE,PRESCOTT,2013-03-28 11:53:00,NO_IMPROPER_ACTION,UNKNOWN_99
2710042,2,SIDESWIPE_SAME_DIRECTION,-110.806807626128,32.2231073054084,3,FOUR_WAY_INTERSECTION,SIDESWIPE_SAME_DIRECTION,TUCSON,2013-02-21 12:49:00,UNKNOWN_99,UNKNOWN_99
2710127,3,SIDESWIPE_SAME_DIRECTION,-110.817995347475,32.1202049853774,3,NOT_AT_INTERSECTION_0,SIDESWIPE_SAME_DIRECTION,TUCSON,2013-02-22 10:50:00,NO_IMPROPER_ACTION+NO_IMPROPER_ACTION,OTHER_UNSAFE_PASSING
2710164,2,LEFT_TURN,-110.939352058658,32.2069350968004,2,T_INTERSECTION,LEFT_TURN,TUCSON,2013-02-23 10:00:00,OTHER_97,NO_IMPROPER_ACTION+NOT_APPLICABLE_MINUS_1+NOT_APPLICABLE_MINUS_1
2710523,2,ANGLE_FRONT_TO_SIDE,-111.620176122193,35.1951059963841,1,NOT_AT_INTERSECTION_0,ANGLE_FRONT_TO_SIDE,FLAGSTAFF,2013-04-03 07:20:00,NO_IMPROPER_ACTION,INATTENTION_DISTRACTION
2710534,2,ANGLE_FRONT_TO_SIDE,-112.23805643902,33.6099536339448,3,UNKNOWN_99,ANGLE_FRONT_TO_SIDE,PEORIA,2013-03-25 14:49:00,NO_IMPROPER_ACTION,INATTENTION_DISTRACTION
2710570,2,ANGLE_FRONT_TO_SIDE,-112.272612576439,33.5864468045458,2,T_INTERSECTION,ANGLE_FRONT_TO_SIDE,UNSPECIFIED_999,2013-03-01 14:53:00,NO_IMPROPER_ACTION,FAILED_TO_YIELD_RIGHT_OF_WAY_103
2710580,2,ANGLE_FRONT_TO_SIDE,-111.921254537057,33.4147615816394,3,NOT_REPORTED_255,ANGLE_FRONT_TO_SIDE,TEMPE,2013-03-27 14:03:00,DROVE_RODE_IN_OPPOSING_TRAFFIC_LANE,NO_IMPROPER_ACTION
2710621,2,LEFT_TURN,-112.186179474711,33.5398263607554,2,FOUR_WAY_INTERSECTION,LEFT_TURN,GLENDALE,2013-02-09 10:21:00,NO_IMPROPER_ACTION,FAILED_TO_YIELD_RIGHT_OF_WAY_103
2710647,2,ANGLE_FRONT_TO_SIDE,-111.891869443566,33.4658508370335,3,T_INTERSECTION,ANGLE_FRONT_TO_SIDE,UNSPECIFIED_999,2013-02-07 15:48:00,INATTENTION_DISTRACTION,INATTENTION_DISTRACTION+NOT_APPLICABLE_MINUS_1
2710673,2,ANGLE_FRONT_TO_SIDE,-111.926280526608,33.4143289061339,3,NOT_REPORTED_255,ANGLE_FRONT_TO_SIDE,TEMPE,2013-03-27 08:59:00,DROVE_RODE_IN_OPPOSING_TRAFFIC_LANE,NO_IMPROPER_ACTION
2710754,2,SIDESWIPE_OPPOSITE_DIRECTION,-112.185854733547,33.6107582417116,1,FOUR_WAY_INTERSECTION,SIDESWIPE_OPPOSITE_DIRECTION,GLENDALE,2013-02-18 16:08:00,NO_IMPROPER_ACTION,NO_IMPROPER_ACTION
2710768,2,ANGLE_FRONT_TO_SIDE,-112.178588832937,33.5385292750781,2,NOT_AT_INTERSECTION_0,ANGLE_FRONT_TO_SIDE,GLENDALE,2013-02-17 11:30:00,DROVE_RODE_IN_OPPOSING_TRAFFIC_LANE,NO_IMPROPER_ACTION
2710775,2,ANGLE_FRONT_TO_SIDE,-112.229030755376,33.6527548368224,2,FOUR_WAY_INTERSECTION,ANGLE_FRONT_TO_SIDE,GLENDALE,2013-02-17 11:45:00,NO_IMPROPER_ACTION,NO_IMPROPER_ACTION
2710793,3,ANGLE_FRONT_TO_SIDE,-112.155887374163,33.5531053268516,2,T_INTERSECTION,ANGLE_FRONT_TO_SIDE,GLENDALE,2013-01-31 08:22:00,NO_IMPROPER_ACTION+NO_IMPROPER_ACTION,FAILED_TO_YIELD_RIGHT_OF_WAY_103
2710801,2,ANGLE_FRONT_TO_SIDE,-112.18595092708,33.5963814578743,4,FOUR_WAY_INTERSECTION,ANGLE_FRONT_TO_SIDE,GLENDALE,2013-02-07 11:53:00,FAILED_TO_YIELD_RIGHT_OF_WAY_103,NO_IMPROPER_ACTION
2710860,2,ANGLE_FRONT_TO_SIDE,-112.190694821243,33.5240190011728,2,FOUR_WAY_INTERSECTION,ANGLE_FRONT_TO_SIDE,GLENDALE,2013-02-13 12:37:00,RAN_STOP_SIGN,UNKNOWN_99
2710911,2,LEFT_TURN,-112.186272550876,33.5669663143364,2,NOT_REPORTED_255,LEFT_TURN,GLENDALE,2013-02-13 17:09:00,DID_NOT_USE_CROSSWALK,NO_IMPROPER_ACTION
2711061,2,ANGLE_FRONT_TO_SIDE,-112.185832609253,33.6088888197513,1,T_INTERSECTION,ANGLE_FRONT_TO_SIDE,GLENDALE,2013-02-08 06:49:00,DROVE_RODE_IN_OPPOSING_TRAFFIC_LANE,NO_IMPROPER_ACTION
2711066,2,ANGLE_FRONT_TO_SIDE,-112.200830948027,33.5962221551257,3,FOUR_WAY_INTERSECTION,ANGLE_FRONT_TO_SIDE,GLENDALE,2013-02-07 15:31:00,DROVE_RODE_IN_OPPOSING_TRAFFIC_LANE,NO_IMPROPER_ACTION+NOT_APPLICABLE_MINUS_1
2711344,2,OTHER_97,-112.112654915634,33.5528870324796,2,FOUR_WAY_INTERSECTION,OTHER_97,PHOENIX,2013-04-10 15:35:00,DISREGARDED_TRAFFIC_SIGNAL,NO_IMPROPER_ACTION
2711403,2,ANGLE_FRONT_TO_SIDE,-112.255046091924,33.5375737701963,3,FOUR_WAY_INTERSECTION,ANGLE_FRONT_TO_SIDE,GLENDALE,2013-02-03 08:37:00,DISREGARDED_TRAFFIC_SIGNAL,NOT_APPLICABLE_MINUS_1+NO_IMPROPER_ACTION
2711404,2,ANGLE_FRONT_TO_SIDE,-112.168990083946,33.568600376261,2,UNKNOWN_99,ANGLE_FRONT_TO_SIDE,GLENDALE,2013-02-02 14:46:00,FAILED_TO_YIELD_RIGHT_OF_WAY_103,NO_IMPROPER_ACTION
2711468,2,LEFT_TURN,-112.032435987663,33.4367763634779,3,T_INTERSECTION,LEFT_TURN,PHOENIX,2013-02-14 04:30:00,KNOWINGLY_OPERATED_WITH_FAULTY_MISSING_EQUIPMENT,FAILED_TO_YIELD_RIGHT_OF_WAY_103
2711479,2,SIDESWIPE_SAME_DIRECTION,-112.13743135003,33.5675308992296,3,NOT_AT_INTERSECTION_0,SIDESWIPE_SAME_DIRECTION,PHOENIX,2013-02-13 09:45:00,UNSAFE_LANE_CHANGE,NO_IMPROPER_ACTION
2711575,2,ANGLE_FRONT_TO_SIDE,-112.22057082276,33.4946464468778,1,FOUR_WAY_INTERSECTION,ANGLE_FRONT_TO_SIDE,PHOENIX,2013-02-17 12:43:00,OTHER_97,UNKNOWN_99+NOT_APPLICABLE_MINUS_1
2711638,2,LEFT_TURN,-112.151555330069,33.5522928508148,3,UNKNOWN_99,LEFT_TURN,PHOENIX,2013-02-22 19:22:00,KNOWINGLY_OPERATED_WITH_FAULTY_MISSING_EQUIPMENT,NOT_APPLICABLE_MINUS_1+UNKNOWN_99
2711653,2,ANGLE_FRONT_TO_SIDE,-112.156130274803,33.6393850571503,3,T_INTERSECTION,ANGLE_FRONT_TO_SIDE,PHOENIX,2013-02-15 06:50:00,FAILED_TO_YIELD_RIGHT_OF_WAY_103,NO_IMPROPER_ACTION
2711741,2,ANGLE_FRONT_TO_SIDE,-112.289366434127,33.5023590479004,3,UNKNOWN_99,ANGLE_FRONT_TO_SIDE,PHOENIX,2013-02-18 15:20:00,FAILED_TO_YIELD_RIGHT_OF_WAY_103,NOT_APPLICABLE_MINUS_1+NO_IMPROPER_ACTION+NOT_APPLICABLE_MINUS_1+NOT_APPLICABLE_MINUS_1
2711750,2,ANGLE_FRONT_TO_SIDE,-111.839246075282,33.4129418962216,2,FOUR_WAY_INTERSECTION,ANGLE_FRONT_TO_SIDE,MESA,2013-03-21 17:37:00,OTHER_97,NO_IMPROPER_ACTION
2712003,2,ANGLE_FRONT_TO_SIDE,-112.09995424812,33.4657482542567,2,FIVE_POINT_OR_MORE,ANGLE_FRONT_TO_SIDE,PHOENIX,2013-02-19 12:19:00,FAILED_TO_YIELD_RIGHT_OF_WAY_103,NO_IMPROPER_ACTION
2712030,2,ANGLE_FRONT_TO_SIDE,-111.892026749734,33.4074934743588,3,INTERSECTION_AS_PART_OF_INTERCHANGE,ANGLE_FRONT_TO_SIDE,TEMPE,2013-04-02 15:01:00,DISREGARDED_TRAFFIC_SIGNAL,NO_IMPROPER_ACTION
2712080,2,HEAD_ON,-111.926920883838,33.4147561498084,3,UNKNOWN_99,HEAD_ON,TEMPE,2013-04-04 09:46:00,DROVE_RODE_IN_OPPOSING_TRAFFIC_LANE,NO_IMPROPER_ACTION
2712467,2,ANGLE_FRONT_TO_SIDE,-111.789740343497,33.3586624694598,1,UNKNOWN_99,ANGLE_FRONT_TO_SIDE,GILBERT,2013-03-28 08:06:00,INATTENTION_DISTRACTION,NO_IMPROPER_ACTION
2712552,2,OTHER_97,-110.995857394371,32.4048072540829,3,UNKNOWN_99,OTHER_97,ORO VALLEY,2013-03-27 18:12:00,NO_IMPROPER_ACTION,INATTENTION_DISTRACTION
2712556,2,OTHER_97,-111.900487167477,33.4658385619616,5,FOUR_WAY_INTERSECTION,OTHER_97,SCOTTSDALE,2013-02-04 14:49:00,DROVE_RODE_IN_OPPOSING_TRAFFIC_LANE,NO_IMPROPER_ACTION
2712593,2,ANGLE_FRONT_TO_SIDE,-112.469751003216,34.554921181144,3,FOUR_WAY_INTERSECTION,ANGLE_FRONT_TO_SIDE,PRESCOTT,2013-04-06 10:29:00,OTHER_97,NO_IMPROPER_ACTION
2712602,2,ANGLE_FRONT_TO_SIDE,-112.313391440351,33.4639971759589,4,NOT_AT_INTERSECTION_0,ANGLE_FRONT_TO_SIDE,AVONDALE,2013-04-05 15:29:00,NO_IMPROPER_ACTION,NOT_APPLICABLE_MINUS_1+FAILED_TO_YIELD_RIGHT_OF_WAY_103
2712745,2,SIDESWIPE_SAME_DIRECTION,-111.720940323504,33.2924444306689,3,FOUR_WAY_INTERSECTION,SIDESWIPE_SAME_DIRECTION,GILBERT,2013-03-21 10:50:00,NO_IMPROPER_ACTION,NOT_APPLICABLE_MINUS_1+MADE_IMPROPER_TURN
2712758,2,OTHER_97,0,0,1,UNKNOWN_99,OTHER_97,UNSPECIFIED_999,2013-02-06 17:21:00,NO_IMPROPER_ACTION,SPEED_TOO_FAST_FOR_CONDITIONS
2712953,2,ANGLE_FRONT_TO_SIDE,-112.073799519908,33.4653223916084,2,NOT_AT_INTERSECTION_0,ANGLE_FRONT_TO_SIDE,PHOENIX,2013-01-19 10:50:00,DROVE_RODE_IN_OPPOSING_TRAFFIC_LANE,FAILED_TO_YIELD_RIGHT_OF_WAY_103
2712965,2,ANGLE_FRONT_TO_SIDE,-111.954336951981,33.3356148749369,3,UNKNOWN_99,ANGLE_FRONT_TO_SIDE,TEMPE,2013-03-28 15:51:00,DROVE_RODE_IN_OPPOSING_TRAFFIC_LANE,NO_IMPROPER_ACTION
2713001,2,ANGLE_FRONT_TO_SIDE,-110.94768682533,32.3009453857368,3,FOUR_WAY_INTERSECTION,ANGLE_FRONT_TO_SIDE,UNSPECIFIED_999,2013-03-30 10:21:00,NO_IMPROPER_ACTION,FAILED_TO_YIELD_RIGHT_OF_WAY_103
2713043,2,ANGLE_FRONT_TO_SIDE,-111.947279886014,33.4219850502991,2,FOUR_WAY_INTERSECTION,ANGLE_FRONT_TO_SIDE,TEMPE,2013-04-06 00:41:00,OTHER_97,NO_IMPROPER_ACTION
2713063,2,ANGLE_FRONT_TO_SIDE,0,0,1,FOUR_WAY_INTERSECTION,ANGLE_FRONT_TO_SIDE,YUMA,2013-03-19 07:37:00,OTHER_97,NO_IMPROPER_ACTION+NOT_APPLICABLE_MINUS_1
2713190,2,ANGLE_FRONT_TO_SIDE,-111.865334462264,33.604271578206,2,FOUR_WAY_INTERSECTION,ANGLE_FRONT_TO_SIDE,SCOTTSDALE,2013-02-24 14:14:00,UNKNOWN_99,UNKNOWN_99
2713262,2,OTHER_97,-112.340940945413,33.4787921216771,2,FOUR_WAY_INTERSECTION,OTHER_97,UNSPECIFIED_999,2013-04-11 22:04:00,UNKNOWN_99,UNKNOWN_99
2713309,2,ANGLE_FRONT_TO_SIDE,-111.925627310634,33.4147561912021,3,NOT_AT_INTERSECTION_0,ANGLE_FRONT_TO_SIDE,TEMPE,2013-04-14 15:04:00,NO_IMPROPER_ACTION,UNKNOWN_99
2713323,2,ANGLE_FRONT_TO_SIDE,-110.840792380555,33.4065916868961,1,FOUR_WAY_INTERSECTION,ANGLE_FRONT_TO_SIDE,UNSPECIFIED_999,2013-03-05 18:58:00,RAN_STOP_SIGN,NO_IMPROPER_ACTION
2713395,2,ANGLE_FRONT_TO_SIDE,-111.857322795471,33.386424109388,2,FOUR_WAY_INTERSECTION,ANGLE_FRONT_TO_SIDE,MESA,2013-03-19 15:17:00,OTHER_97,OTHER_97
2713491,2,SIDESWIPE_SAME_DIRECTION,-111.013428069789,32.3735371255964,1,NOT_AT_INTERSECTION_0,SIDESWIPE_SAME_DIRECTION,UNSPECIFIED_999,2013-03-26 21:15:00,OTHER_97,NO_IMPROPER_ACTION
2713493,2,ANGLE_FRONT_TO_SIDE,-110.995081723659,32.2909806641133,3,T_INTERSECTION,ANGLE_FRONT_TO_SIDE,UNSPECIFIED_999,2013-03-27 16:11:00,INATTENTION_DISTRACTION,NO_IMPROPER_ACTION
2713748,2,UNKNOWN_99,-112.343179231783,34.6002602063908,3,INTERSECTION_AS_PART_OF_INTERCHANGE,UNKNOWN_99,PRESCOTT VALLEY,2013-04-05 14:26:00,UNKNOWN_99,UNKNOWN_99
2713781,2,HEAD_ON,-111.891724566254,33.5822464034807,3,T_INTERSECTION,HEAD_ON,SCOTTSDALE,2013-02-14 17:08:00,OTHER_97,NO_IMPROPER_ACTION
2713836,2,OTHER_97,-111.922637614663,33.5007199435209,1,T_INTERSECTION,OTHER_97,SCOTTSDALE,2013-02-24 02:10:00,NO_IMPROPER_ACTION,INATTENTION_DISTRACTION
2713856,2,OTHER_97,-110.914092248693,32.257813996498,1,FOUR_WAY_INTERSECTION,OTHER_97,TUCSON,2013-03-15 04:08:00,UNKNOWN_99,UNKNOWN_99
2713880,2,LEFT_TURN,-110.90967241619,32.2362090003167,2,FOUR_WAY_INTERSECTION,LEFT_TURN,TUCSON,2013-03-07 22:44:00,NO_IMPROPER_ACTION,FAILED_TO_YIELD_RIGHT_OF_WAY_103
2713916,2,OTHER_97,-110.857924490995,32.1921367895901,3,FOUR_WAY_INTERSECTION,OTHER_97,TUCSON,2013-03-13 16:10:00,OTHER_97,OTHER_97
2713936,2,OTHER_97,-110.85792297143,32.1921498323016,2,FOUR_WAY_INTERSECTION,OTHER_97,TUCSON,2013-03-08 21:35:00,NO_IMPROPER_ACTION,FAILED_TO_YIELD_RIGHT_OF_WAY_103
2714049,2,ANGLE_FRONT_TO_SIDE,-112.237585820154,33.5954841638122,4,FOUR_WAY_INTERSECTION,ANGLE_FRONT_TO_SIDE,PEORIA,2013-03-20 15:01:00,DISREGARDED_TRAFFIC_SIGNAL,DISREGARDED_TRAFFIC_SIGNAL
2714135,2,LEFT_TURN,-110.928366671584,32.5245337634561,4,NOT_AT_INTERSECTION_0,LEFT_TURN,UNSPECIFIED_999,2013-04-01 10:28:00,MADE_IMPROPER_TURN,NOT_APPLICABLE_MINUS_1+NOT_APPLICABLE_MINUS_1+NOT_APPLICABLE_MINUS_1+NO_IMPROPER_ACTION+NOT_APPLICABLE_MINUS_1
2714194,2,ANGLE_FRONT_TO_SIDE,-110.959525957185,32.2395766296245,3,FOUR_WAY_INTERSECTION,ANGLE_FRONT_TO_SIDE,TUCSON,2013-03-04 10:36:00,NO_IMPROPER_ACTION,OTHER_97
2714206,2,ANGLE_FRONT_TO_SIDE,-110.918515856744,32.2505178372344,3,FOUR_WAY_INTERSECTION,ANGLE_FRONT_TO_SIDE,TUCSON,2013-03-26 09:45:00,DID_NOT_USE_CROSSWALK,SPEED_TOO_FAST_FOR_CONDITIONS
2714215,2,HEAD_ON,-110.909819972937,32.2651234109154,3,FOUR_WAY_INTERSECTION,HEAD_ON,TUCSON,2013-03-27 10:30:00,DISREGARDED_TRAFFIC_SIGNAL,NO_IMPROPER_ACTION
2714289,2,REAR_END,-111.021532466082,32.2359216778808,3,FOUR_WAY_INTERSECTION,REAR_END,TUCSON,2013-03-30 15:08:00,NO_IMPROPER_ACTION,FOLLOWED_TOO_CLOSELY+NOT_APPLICABLE_MINUS_1
2714328,2,UNKNOWN_99,0,0,1,T_INTERSECTION,UNKNOWN_99,SAHUARITA,2013-04-15 17:40:00,FAILED_TO_YIELD_RIGHT_OF_WAY_103,NO_IMPROPER_ACTION
2714352,2,ANGLE_FRONT_TO_SIDE,-110.970744469291,32.2190767408294,3,FOUR_WAY_INTERSECTION,ANGLE_FRONT_TO_SIDE,TUCSON,2013-03-29 15:45:00,OTHER_97,UNKNOWN_99
2714357,2,ANGLE_FRONT_TO_SIDE,-110.972143639932,32.2738357913125,3,FOUR_WAY_INTERSECTION,ANGLE_FRONT_TO_SIDE,TUCSON,2013-03-16 17:45:00,INATTENTION_DISTRACTION,NOT_APPLICABLE_MINUS_1+NO_IMPROPER_ACTION+NOT_APPLICABLE_MINUS_1+NOT_APPLICABLE_MINUS_1
2714384,2,OTHER_97,-111.559026016583,32.7629843985793,2,T_INTERSECTION,OTHER_97,ELOY,2013-03-26 15:43:00,FAILED_TO_YIELD_RIGHT_OF_WAY_103,NOT_APPLICABLE_MINUS_1+NOT_APPLICABLE_MINUS_1+NO_IMPROPER_ACTION
2714419,2,ANGLE_FRONT_TO_SIDE,-110.988162021474,32.1632687218383,1,NOT_REPORTED_255,ANGLE_FRONT_TO_SIDE,TUCSON,2013-03-21 05:29:00,NO_IMPROPER_ACTION,SPEED_TOO_FAST_FOR_CONDITIONS
2714460,2,LEFT_TURN,-111.57202192565,33.4150735850865,2,FOUR_WAY_INTERSECTION,LEFT_TURN,APACHE JUNCTION,2013-04-15 06:20:00,OTHER_97,NO_IMPROPER_ACTION
2714497,2,ANGLE_FRONT_TO_SIDE,-110.959531693137,32.2405717216323,3,FOUR_WAY_INTERSECTION,ANGLE_FRONT_TO_SIDE,TUCSON,2013-03-20 17:24:00,UNKNOWN_99,UNKNOWN_99
2714690,2,ANGLE_FRONT_TO_SIDE,-110.945155638024,32.2214159073541,1,T_INTERSECTION,ANGLE_FRONT_TO_SIDE,TUCSON,2013-03-24 09:25:00,NO_IMPROPER_ACTION,OTHER_97
2714692,2,OTHER_97,-110.956315308273,32.2213500076738,3,FOUR_WAY_INTERSECTION,OTHER_97,TUCSON,2013-03-24 09:03:00,NO_IMPROPER_ACTION,OTHER_97
2714694,2,OTHER_97,-110.957952522807,32.2360353022355,1,T_INTERSECTION,OTHER_97,TUCSON,2013-03-24 10:15:00,UNKNOWN_99,OTHER_97
2714701,2,OTHER_97,-110.832343876787,32.2209657909879,3,FOUR_WAY_INTERSECTION,OTHER_97,TUCSON,2013-03-24 14:33:00,FAILED_TO_YIELD_RIGHT_OF_WAY_103,NO_IMPROPER_ACTION
2714724,2,REAR_END,-110.952398516314,32.2602712107763,3,NOT_AT_INTERSECTION_0,REAR_END,TUCSON,2013-03-25 12:22:00,NO_IMPROPER_ACTION,FAILED_TO_KEEP_IN_PROPER_LANE+NOT_APPLICABLE_MINUS_1
2714844,2,ANGLE_FRONT_TO_SIDE,-111.891960785349,33.4212638975789,1,UNKNOWN_99,ANGLE_FRONT_TO_SIDE,TEMPE,2013-04-11 14:05:00,DROVE_RODE_IN_OPPOSING_TRAFFIC_LANE,NO_IMPROPER_ACTION
2714927,2,ANGLE_FRONT_TO_SIDE,-112.37027043491,33.6540671438563,3,T_INTERSECTION,ANGLE_FRONT_TO_SIDE,SURPRISE,2013-04-22 18:23:00,DID_NOT_USE_CROSSWALK,NO_IMPROPER_ACTION