IncidentID,num_vehicles_involved,eCollisionManner,Longitude,Latitude,InjurySeverity,eIntersectionType,eCollisionManner,city_name,IncidentDateTime,cyclist_citations,driver_citations
2715036,2,HEAD_ON,-112.136774459129,33.5094472826739,3,NOT_AT_INTERSECTION_0,HEAD_ON,PHOENIX,2013-02-21 18:55:00,DROVE_RODE_IN_OPPOSING_TRAFFIC_LANE,NO_IMPROPER_ACTION
2715126,2,SIDESWIPE_SAME_DIRECTION,-111.926298045056,33.4226836691038,1,UNKNOWN_99,SIDESWIPE_SAME_DIRECTION,TEMPE,2013-04-10 13:25:00,OTHER_97,NO_IMPROPER_ACTION
2715303,2,OTHER_97,-112.039111656723,33.4803590691407,3,Y_INTERSECTION,OTHER_97,PHOENIX,2013-03-20 08:40:00,NO_IMPROPER_ACTION,NOT_APPLICABLE_MINUS_1+INATTENTION_DISTRACTION
2715538,2,SIDESWIPE_SAME_DIRECTION,-111.911255806256,33.3637610934947,2,FOUR_WAY_INTERSECTION,SIDESWIPE_SAME_DIRECTION,TEMPE,2013-04-13 07:14:00,NO_IMPROPER_ACTION,INATTENTION_DISTRACTION
2715606,2,ANGLE_FRONT_TO_SIDE,-111.899972859018,33.5384452946799,3,NOT_AT_INTERSECTION_0,ANGLE_FRONT_TO_SIDE,SCOTTSDALE,2013-02-27 16:49:00,NO_IMPROPER_ACTION,OTHER_97
2715621,2,ANGLE_FRONT_TO_SIDE,-111.926372097291,33.45848548504,1,FOUR_WAY_INTERSECTION,ANGLE_FRONT_TO_SIDE,SCOTTSDALE,2013-02-24 15:14:00,NO_IMPROPER_ACTION,INATTENTION_DISTRACTION
2715646,2,ANGLE_FRONT_TO_SIDE,-112.118549457469,33.509459943613,1,NOT_AT_INTERSECTION_0,ANGLE_FRONT_TO_SIDE,PHOENIX,2013-04-25 21:01:00,OTHER_97,NO_IMPROPER_ACTION
2715653,2,OTHER_97,-112.34958190528,33.6379345319097,3,NOT_AT_INTERSECTION_0,OTHER_97,SURPRISE,2013-04-07 12:45:00,NO_IMPROPER_ACTION,FAILED_TO_YIELD_RIGHT_OF_WAY_103
2715821,2,ANGLE_FRONT_TO_SIDE,-112.177803961534,33.4841490231922,2,FOUR_WAY_INTERSECTION,ANGLE_FRONT_TO_SIDE,PHOENIX,2013-02-21 07:56:00,NO_IMPROPER_ACTION,NOT_APPLICABLE_MINUS_1+NOT_APPLICABLE_MINUS_1+FAILED_TO_YIELD_RIGHT_OF_WAY_103
2715834,2,ANGLE_FRONT_TO_SIDE,-112.081464445071,33.4513917977443,1,FOUR_WAY_INTERSECTION,ANGLE_FRONT_TO_SIDE,PHOENIX,2013-02-22 12:52:00,NO_IMPROPER_ACTION,RAN_STOP_SIGN+NOT_APPLICABLE_MINUS_1
2715890,2,ANGLE_FRONT_TO_SIDE,-112.133964029678,33.5781195550184,3,T_INTERSECTION,ANGLE_FRONT_TO_SIDE,PHOENIX,2013-02-23 16:11:00,DROVE_RODE_IN_OPPOSING_TRAFFIC_LANE,NO_IMPROPER_ACTION
2715947,2,ANGLE_FRONT_TO_SIDE,-110.985944999618,32.4228664401969,3,T_INTERSECTION,ANGLE_FRONT_TO_SIDE,ORO VALLEY,2013-04-02 14:44:00,KNOWINGLY_OPERATED_WITH_FAULTY_MISSING_EQUIPMENT,INATTENTION_DISTRACTION
2715950,2,ANGLE_FRONT_TO_SIDE,-110.995650831484,32.4226246154907,3,T_INTERSECTION,ANGLE_FRONT_TO_SIDE,ORO VALLEY,2013-04-10 11:31:00,NO_IMPROPER_ACTION,OTHER_97
2715987,2,ANGLE_FRONT_TO_SIDE,-110.943867936968,32.2454630654516,1,T_INTERSECTION,ANGLE_FRONT_TO_SIDE,TUCSON,2013-04-12 14:20:00,NO_IMPROPER_ACTION,MADE_IMPROPER_TURN
2716156,2,ANGLE_FRONT_TO_SIDE,-112.075024293475,33.4803809300967,3,FOUR_WAY_INTERSECTION,ANGLE_FRONT_TO_SIDE,PHOENIX,2013-04-25 08:38:00,FAILED_TO_YIELD_RIGHT_OF_WAY_103,NO_IMPROPER_ACTION
2716159,2,ANGLE_FRONT_TO_SIDE,-112.073906764486,33.5678675534571,4,FOUR_WAY_INTERSECTION,ANGLE_FRONT_TO_SIDE,PHOENIX,2013-04-25 07:18:00,SPEED_TOO_FAST_FOR_CONDITIONS,NOT_APPLICABLE_MINUS_1+NOT_APPLICABLE_MINUS_1+NO_IMPROPER_ACTION+NOT_APPLICABLE_MINUS_1
2716504,2,LEFT_TURN,-112.328646831459,33.4735182919367,2,UNKNOWN_99,LEFT_TURN,AVONDALE,2013-04-23 07:35:00,NO_IMPROPER_ACTION,NOT_APPLICABLE_MINUS_1+INATTENTION_DISTRACTION+NOT_APPLICABLE_MINUS_1
2716546,2,ANGLE_FRONT_TO_SIDE,-110.965650144721,32.2372259551147,2,FOUR_WAY_INTERSECTION,ANGLE_FRONT_TO_SIDE,TUCSON,2013-04-04 22:55:00,INATTENTION_DISTRACTION,INATTENTION_DISTRACTION
2716720,2,OTHER_97,-111.740025965903,32.8795841310714,1,FOUR_WAY_INTERSECTION,OTHER_97,CASA GRANDE,2013-04-17 18:33:00,UNKNOWN_99,UNKNOWN_99
2716786,2,ANGLE_FRONT_TO_SIDE,-110.952515559325,32.2498586278871,3,FOUR_WAY_INTERSECTION,ANGLE_FRONT_TO_SIDE,TUCSON,2013-04-09 15:26:00,NO_IMPROPER_ACTION,INATTENTION_DISTRACTION+NOT_APPLICABLE_MINUS_1
2716878,2,OTHER_97,-110.815357652038,32.2209893118724,3,FOUR_WAY_INTERSECTION,OTHER_97,TUCSON,2013-04-15 10:50:00,NO_IMPROPER_ACTION,FAILED_TO_YIELD_RIGHT_OF_WAY_103
2716895,2,ANGLE_FRONT_TO_SIDE,-110.786234847758,32.2354240634738,3,FOUR_WAY_INTERSECTION,ANGLE_FRONT_TO_SIDE,TUCSON,2013-04-05 18:35:00,NO_IMPROPER_ACTION,FAILED_TO_YIELD_RIGHT_OF_WAY_103
2716917,2,SIDESWIPE_SAME_DIRECTION,-110.893007384893,32.2362000589378,3,NOT_AT_INTERSECTION_0,SIDESWIPE_SAME_DIRECTION,TUCSON,2013-04-06 17:48:00,NO_IMPROPER_ACTION,NO_IMPROPER_ACTION
2716958,2,OTHER_97,-111.805323627021,33.4079167454695,3,FOUR_WAY_INTERSECTION,OTHER_97,MESA,2013-04-22 16:40:00,NO_IMPROPER_ACTION,NOT_APPLICABLE_MINUS_1+NOT_APPLICABLE_MINUS_1+OTHER_97
2716972,2,ANGLE_FRONT_TO_SIDE,-111.823036340102,33.4223675004687,2,UNKNOWN_99,ANGLE_FRONT_TO_SIDE,MESA,2013-04-15 12:40:00,NO_IMPROPER_ACTION,OTHER_97
2717118,2,ANGLE_FRONT_TO_SIDE,-111.685062301538,33.3839314245208,3,FOUR_WAY_INTERSECTION,ANGLE_FRONT_TO_SIDE,MESA,2013-04-05 22:35:00,DISREGARDED_TRAFFIC_SIGNAL,NO_IMPROPER_ACTION
2717160,2,OTHER_97,-111.865815859213,33.3979692301929,1,NOT_AT_INTERSECTION_0,OTHER_97,MESA,2013-03-22 10:38:00,NO_IMPROPER_ACTION,NO_IMPROPER_ACTION
2717224,2,OTHER_97,-111.613532405952,35.2107302400554,2,T_INTERSECTION,OTHER_97,FLAGSTAFF,2013-04-18 21:53:00,NO_IMPROPER_ACTION,UNKNOWN_99
2717248,2,ANGLE_FRONT_TO_SIDE,-111.856590947826,33.4149111185627,1,FOUR_WAY_INTERSECTION,ANGLE_FRONT_TO_SIDE,MESA,2013-03-26 18:31:00,DROVE_RODE_IN_OPPOSING_TRAFFIC_LANE,NO_IMPROPER_ACTION
2717269,2,ANGLE_FRONT_TO_SIDE,-111.72773952796,33.4083340687717,3,T_INTERSECTION,ANGLE_FRONT_TO_SIDE,MESA,2013-03-25 16:05:00,NO_IMPROPER_ACTION,MADE_IMPROPER_TURN
2717322,2,ANGLE_FRONT_TO_SIDE,-110.936469434772,32.2360508047053,4,NOT_AT_INTERSECTION_0,ANGLE_FRONT_TO_SIDE,TUCSON,2013-04-01 16:30:00,NO_IMPROPER_ACTION,MADE_IMPROPER_TURN
2717344,2,OTHER_97,-110.977519051678,32.1603288261373,3,NOT_AT_INTERSECTION_0,OTHER_97,TUCSON,2013-04-02 11:28:00,MADE_IMPROPER_TURN,UNKNOWN_99
2717358,2,ANGLE_FRONT_TO_SIDE,-110.85488976719,32.2210279704154,3,T_INTERSECTION,ANGLE_FRONT_TO_SIDE,TUCSON,2013-04-02 15:30:00,NO_IMPROPER_ACTION,FAILED_TO_YIELD_RIGHT_OF_WAY_103
2717403,2,SIDESWIPE_SAME_DIRECTION,-110.978220086517,32.2791009901418,2,NOT_AT_INTERSECTION_0,SIDESWIPE_SAME_DIRECTION,TUCSON,2013-04-03 12:41:00,UNKNOWN_99,NO_IMPROPER_ACTION
2717477,2,OTHER_97,-112.291601816176,33.647411846311,1,FOUR_WAY_INTERSECTION,OTHER_97,UNSPECIFIED_999,2013-03-25 18:00:00,NO_IMPROPER_ACTION,INATTENTION_DISTRACTION
2718097,2,OTHER_97,-112.108092001732,33.8500170122937,1,FOUR_WAY_INTERSECTION,OTHER_97,UNSPECIFIED_999,2013-03-14 08:33:00,NO_IMPROPER_ACTION,SPEED_TOO_FAST_FOR_CONDITIONS
2718137,2,REAR_END,-111.930450177116,33.4930779880725,3,UNKNOWN_99,REAR_END,SCOTTSDALE,2013-03-06 12:35:00,NO_IMPROPER_ACTION,FAILED_TO_KEEP_IN_PROPER_LANE
2718143,2,OTHER_97,-111.926271422729,33.4086957406056,2,NOT_REPORTED_255,OTHER_97,TEMPE,2013-04-25 12:54:00,OTHER_97,NO_IMPROPER_ACTION
2718162,2,OTHER_97,-111.894262577514,33.4293615638366,2,NOT_AT_INTERSECTION_0,OTHER_97,TEMPE,2013-04-25 09:18:00,OTHER_97,NO_IMPROPER_ACTION
2718177,2,SIDESWIPE_OPPOSITE_DIRECTION,-111.922380117476,33.4615480380684,1,UNKNOWN_99,SIDESWIPE_OPPOSITE_DIRECTION,SCOTTSDALE,2013-02-26 06:52:00,NO_IMPROPER_ACTION,DROVE_RODE_IN_OPPOSING_TRAFFIC_LANE
2718179,2,ANGLE_FRONT_TO_SIDE,-111.905389949709,33.4220305075942,4,T_INTERSECTION,ANGLE_FRONT_TO_SIDE,TEMPE,2013-04-17 12:30:00,OTHER_97,NO_IMPROPER_ACTION
2718182,2,LEFT_TURN,-112.281247841092,33.4657456666348,3,NOT_AT_INTERSECTION_0,LEFT_TURN,AVONDALE,2013-04-27 15:00:00,NO_IMPROPER_ACTION,FAILED_TO_YIELD_RIGHT_OF_WAY_103
2718197,2,ANGLE_FRONT_TO_SIDE,-111.901555202644,33.4147680847056,4,T_INTERSECTION,ANGLE_FRONT_TO_SIDE,TEMPE,2013-04-19 16:22:00,DISREGARDED_TRAFFIC_SIGNAL,NO_IMPROPER_ACTION
2718210,2,LEFT_TURN,-111.952205611437,33.4232481660495,2,T_INTERSECTION,LEFT_TURN,TEMPE,2013-04-17 17:46:00,NO_IMPROPER_ACTION,NOT_APPLICABLE_MINUS_1+NOT_APPLICABLE_MINUS_1+FAILED_TO_YIELD_RIGHT_OF_WAY_103
2718216,2,OTHER_97,-111.975461031268,33.3781990293922,2,NOT_AT_INTERSECTION_0,OTHER_97,TEMPE,2013-04-17 16:54:00,NO_IMPROPER_ACTION,OTHER_97
2718326,3,LEFT_TURN,-111.772837454237,33.3065970098762,1,FOUR_WAY_INTERSECTION,LEFT_TURN,GILBERT,2013-04-30 20:24:00,NO_IMPROPER_ACTION+NO_IMPROPER_ACTION,OTHER_97+NOT_APPLICABLE_MINUS_1+NOT_APPLICABLE_MINUS_1
2718391,2,ANGLE_FRONT_TO_SIDE,-112.082673541547,33.6568239352242,3,T_INTERSECTION,ANGLE_FRONT_TO_SIDE,PHOENIX,2013-04-30 07:52:00,OTHER_97,OTHER_97
2718558,2,ANGLE_FRONT_TO_SIDE,0,0,1,T_INTERSECTION,ANGLE_FRONT_TO_SIDE,BUCKEYE,2013-04-24 10:18:00,OTHER_97,UNKNOWN_99+NOT_APPLICABLE_MINUS_1
2718575,2,ANGLE_FRONT_TO_SIDE,-111.894734122914,33.3784496292022,3,NOT_AT_INTERSECTION_0,ANGLE_FRONT_TO_SIDE,TEMPE,2013-04-29 08:29:00,OTHER_97,NO_IMPROPER_ACTION
2718594,2,LEFT_TURN,-111.909095968611,33.417475950328,3,FOUR_WAY_INTERSECTION,LEFT_TURN,TEMPE,2013-04-30 06:49:00,NO_IMPROPER_ACTION,FAILED_TO_YIELD_RIGHT_OF_WAY_103
2718604,2,ANGLE_FRONT_TO_SIDE,-111.922517607074,33.3674060319104,2,NOT_REPORTED_255,ANGLE_FRONT_TO_SIDE,TEMPE,2013-04-24 07:33:00,NO_IMPROPER_ACTION,NOT_APPLICABLE_MINUS_1+SPEED_TOO_FAST_FOR_CONDITIONS
2718609,2,SIDESWIPE_SAME_DIRECTION,0,0,2,T_INTERSECTION,SIDESWIPE_SAME_DIRECTION,SAN LUIS,2013-03-28 10:25:00,NO_IMPROPER_ACTION,FAILED_TO_YIELD_RIGHT_OF_WAY_103
2718820,2,ANGLE_FRONT_TO_SIDE,-111.012068883615,32.294355862781,3,FOUR_WAY_INTERSECTION,ANGLE_FRONT_TO_SIDE,UNSPECIFIED_999,2013-04-16 15:11:00,DISREGARDED_TRAFFIC_SIGNAL,NO_IMPROPER_ACTION
2718956,2,OTHER_97,-112.151623072558,33.5675174861959,2,FOUR_WAY_INTERSECTION,OTHER_97,PHOENIX,2013-03-04 20:09:00,OTHER_97,INATTENTION_DISTRACTION
2718983,2,ANGLE_FRONT_TO_SIDE,0,0,3,NOT_AT_INTERSECTION_0,ANGLE_FRONT_TO_SIDE,GLENDALE,2013-03-05 15:33:00,UNSAFE_LANE_CHANGE,NOT_APPLICABLE_MINUS_1+NO_IMPROPER_ACTION
2718992,2,OTHER_97,-112.190294755632,33.5963383665235,2,FOUR_WAY_INTERSECTION,OTHER_97,GLENDALE,2013-03-13 07:59:00,UNKNOWN_99,UNKNOWN_99
2719016,2,ANGLE_FRONT_TO_SIDE,-112.177385621742,33.5384162559313,2,NOT_AT_INTERSECTION_0,ANGLE_FRONT_TO_SIDE,GLENDALE,2013-03-08 12:34:00,FAILED_TO_YIELD_RIGHT_OF_WAY_103,NO_IMPROPER_ACTION
2719053,2,OTHER_97,-112.186338245548,33.5095640197042,3,FOUR_WAY_INTERSECTION,OTHER_97,GLENDALE,2013-03-19 20:17:00,DISREGARDED_TRAFFIC_SIGNAL,FAILED_TO_YIELD_RIGHT_OF_WAY_103
2719235,2,ANGLE_FRONT_TO_SIDE,-111.943876320531,33.3782149043716,2,T_INTERSECTION,ANGLE_FRONT_TO_SIDE,TEMPE,2013-04-24 17:37:00,DROVE_RODE_IN_OPPOSING_TRAFFIC_LANE,NO_IMPROPER_ACTION
2719241,2,ANGLE_FRONT_TO_SIDE,-112.358531475223,33.6092417529357,2,UNKNOWN_99,ANGLE_FRONT_TO_SIDE,SURPRISE,2013-04-28 02:11:00,NO_IMPROPER_ACTION,INATTENTION_DISTRACTION
2719269,2,ANGLE_FRONT_TO_SIDE,-112.186498078356,33.6613669032566,1,FOUR_WAY_INTERSECTION,ANGLE_FRONT_TO_SIDE,GLENDALE,2013-03-14 20:15:00,UNKNOWN_99,INATTENTION_DISTRACTION
2719380,2,ANGLE_FRONT_TO_SIDE,-111.995711319697,33.5971348520343,1,FOUR_WAY_INTERSECTION,ANGLE_FRONT_TO_SIDE,PHOENIX,2013-05-07 15:27:00,DROVE_RODE_IN_OPPOSING_TRAFFIC_LANE,NO_IMPROPER_ACTION
2719497,2,SIDESWIPE_SAME_DIRECTION,-110.887790817857,32.1342819457588,1,NOT_AT_INTERSECTION_0,SIDESWIPE_SAME_DIRECTION,UNSPECIFIED_999,2013-04-22 04:44:00,NO_IMPROPER_ACTION,NOT_APPLICABLE_MINUS_1+OTHER_UNSAFE_PASSING
2719505,2,SIDESWIPE_SAME_DIRECTION,-111.258054592144,32.2917278017257,2,NOT_AT_INTERSECTION_0,SIDESWIPE_SAME_DIRECTION,UNSPECIFIED_999,2013-04-22 18:16:00,NO_IMPROPER_ACTION,INATTENTION_DISTRACTION
2719633,2,ANGLE_FRONT_TO_SIDE,-112.220332499928,33.5813939253308,3,FOUR_WAY_INTERSECTION,ANGLE_FRONT_TO_SIDE,PEORIA,2013-04-20 15:24:00,DISREGARDED_TRAFFIC_SIGNAL,NO_IMPROPER_ACTION
2719652,2,ANGLE_FRONT_TO_SIDE,-111.65531565485,35.1952708259463,2,FIVE_POINT_OR_MORE,ANGLE_FRONT_TO_SIDE,FLAGSTAFF,2013-03-29 21:30:00,NO_IMPROPER_ACTION,INATTENTION_DISTRACTION
2719673,2,ANGLE_FRONT_TO_SIDE,-111.583506463537,35.224082084723,1,NOT_REPORTED_255,ANGLE_FRONT_TO_SIDE,FLAGSTAFF,2013-04-08 08:00:00,NO_IMPROPER_ACTION,FAILED_TO_YIELD_RIGHT_OF_WAY_103
2719815,2,ANGLE_FRONT_TO_SIDE,-112.117801554029,33.5675880562373,3,NOT_REPORTED_255,ANGLE_FRONT_TO_SIDE,PHOENIX,2013-04-11 08:33:00,OTHER_97,SPEED_TOO_FAST_FOR_CONDITIONS
2719965,2,SIDESWIPE_SAME_DIRECTION,-112.268137654628,33.6526118982023,3,T_INTERSECTION,SIDESWIPE_SAME_DIRECTION,UNSPECIFIED_999,2013-03-21 12:11:00,NO_IMPROPER_ACTION,INATTENTION_DISTRACTION
2719993,2,SIDESWIPE_SAME_DIRECTION,-111.657095697817,35.1849519373337,1,UNKNOWN_99,SIDESWIPE_SAME_DIRECTION,FLAGSTAFF,2013-02-25 15:05:00,INATTENTION_DISTRACTION,INATTENTION_DISTRACTION
2720104,2,ANGLE_FRONT_TO_SIDE,0,0,2,FOUR_WAY_INTERSECTION,ANGLE_FRONT_TO_SIDE,GOODYEAR,2013-03-27 14:20:00,OTHER_97,NO_IMPROPER_ACTION
2720325,2,ANGLE_FRONT_TO_SIDE,-111.830118431066,33.45146675104,2,NOT_AT_INTERSECTION_0,ANGLE_FRONT_TO_SIDE,MESA,2013-04-02 17:07:00,OTHER_97,OTHER_97
2720369,2,LEFT_TURN,-112.091515985062,33.6546175061896,3,FOUR_WAY_INTERSECTION,LEFT_TURN,PHOENIX,2013-05-13 17:31:00,NO_IMPROPER_ACTION,FAILED_TO_YIELD_RIGHT_OF_WAY_103
2720380,2,ANGLE_FRONT_TO_SIDE,-112.091457961386,33.6410905642927,4,NOT_AT_INTERSECTION_0,ANGLE_FRONT_TO_SIDE,PHOENIX,2013-05-09 17:13:00,FAILED_TO_YIELD_RIGHT_OF_WAY_103,NO_IMPROPER_ACTION
2720498,2,REAR_END,-111.777189305903,33.4226632902646,4,FOUR_WAY_INTERSECTION,REAR_END,MESA,2013-04-25 07:10:00,NO_IMPROPER_ACTION,FAILED_TO_KEEP_IN_PROPER_LANE
2720572,2,HEAD_ON,-111.909077912255,33.4239004145936,3,NOT_AT_INTERSECTION_0,HEAD_ON,TEMPE,2013-04-20 20:10:00,DROVE_RODE_IN_OPPOSING_TRAFFIC_LANE,FAILED_TO_YIELD_RIGHT_OF_WAY_103
2720597,2,ANGLE_FRONT_TO_SIDE,-111.926502479219,33.3929559979041,3,FOUR_WAY_INTERSECTION,ANGLE_FRONT_TO_SIDE,TEMPE,2013-05-02 12:38:00,FAILED_TO_YIELD_RIGHT_OF_WAY_103,NO_IMPROPER_ACTION
2720608,2,ANGLE_FRONT_TO_SIDE,-111.909187011133,33.3876749597559,2,T_INTERSECTION,ANGLE_FRONT_TO_SIDE,TEMPE,2013-05-03 15:54:00,DROVE_RODE_IN_OPPOSING_TRAFFIC_LANE,NO_IMPROPER_ACTION
2720643,2,ANGLE_FRONT_TO_SIDE,-111.942323309072,33.4219285909187,3,FOUR_WAY_INTERSECTION,ANGLE_FRONT_TO_SIDE,TEMPE,2013-05-03 16:28:00,NO_IMPROPER_ACTION,FAILED_TO_YIELD_RIGHT_OF_WAY_103
2720648,2,ANGLE_FRONT_TO_SIDE,-111.926334688661,33.3919825546845,4,NOT_REPORTED_255,ANGLE_FRONT_TO_SIDE,TEMPE,2013-04-24 08:08:00,NO_IMPROPER_ACTION,FAILED_TO_YIELD_RIGHT_OF_WAY_103
2720655,2,LEFT_TURN,-111.952499152013,33.3782886940232,3,FOUR_WAY_INTERSECTION,LEFT_TURN,TEMPE,2013-05-05 20:07:00,NO_IMPROPER_ACTION,FAILED_TO_YIELD_RIGHT_OF_WAY_103
2720661,2,ANGLE_FRONT_TO_SIDE,-111.909990035697,33.4219810336123,3,UNKNOWN_99,ANGLE_FRONT_TO_SIDE,TEMPE,2013-05-02 18:29:00,NO_IMPROPER_ACTION,FAILED_TO_YIELD_RIGHT_OF_WAY_103
2720819,2,SIDESWIPE_OPPOSITE_DIRECTION,-112.238635461186,33.4229536763313,2,FOUR_WAY_INTERSECTION,SIDESWIPE_OPPOSITE_DIRECTION,PHOENIX,2013-03-06 09:55:00,NO_IMPROPER_ACTION,FAILED_TO_YIELD_RIGHT_OF_WAY_103
2720869,2,ANGLE_FRONT_TO_SIDE,-112.203946320336,33.4210514352015,2,T_INTERSECTION,ANGLE_FRONT_TO_SIDE,PHOENIX,2013-03-01 07:30:00,DROVE_RODE_IN_OPPOSING_TRAFFIC_LANE,NOT_APPLICABLE_MINUS_1+FAILED_TO_YIELD_RIGHT_OF_WAY_103
2720922,2,OTHER_97,-112.002041653687,33.4804453211288,3,NOT_REPORTED_255,OTHER_97,PHOENIX,2013-03-09 15:25:00,NO_IMPROPER_ACTION,NO_IMPROPER_ACTION
2721246,2,ANGLE_FRONT_TO_SIDE,-112.08342718029,33.493784972026,2,UNKNOWN_99,ANGLE_FRONT_TO_SIDE,PHOENIX,2013-02-26 19:10:00,INATTENTION_DISTRACTION,NO_IMPROPER_ACTION
2721355,2,ANGLE_FRONT_TO_SIDE,-112.100790767181,33.5676005845725,1,UNKNOWN_99,ANGLE_FRONT_TO_SIDE,PHOENIX,2013-03-01 22:16:00,DROVE_RODE_IN_OPPOSING_TRAFFIC_LANE,NO_IMPROPER_ACTION
2721361,2,SIDESWIPE_SAME_DIRECTION,-112.065077300365,33.4471799735556,2,FOUR_WAY_INTERSECTION,SIDESWIPE_SAME_DIRECTION,PHOENIX,2013-03-04 09:10:00,MADE_IMPROPER_TURN,NO_IMPROPER_ACTION+NOT_APPLICABLE_MINUS_1
2721381,2,LEFT_TURN,-112.116919875037,33.516779426693,2,FOUR_WAY_INTERSECTION,LEFT_TURN,PHOENIX,2013-03-10 19:06:00,OTHER_97,NOT_APPLICABLE_MINUS_1+NOT_APPLICABLE_MINUS_1+FAILED_TO_YIELD_RIGHT_OF_WAY_103+NOT_APPLICABLE_MINUS_1
2721497,2,ANGLE_FRONT_TO_SIDE,-112.102157255367,33.4950424241106,3,T_INTERSECTION,ANGLE_FRONT_TO_SIDE,PHOENIX,2013-03-13 13:05:00,OTHER_97,NO_IMPROPER_ACTION
2721523,2,ANGLE_FRONT_TO_SIDE,-112.003767010163,33.4804531498668,3,UNKNOWN_99,ANGLE_FRONT_TO_SIDE,PHOENIX,2013-03-13 10:46:00,NO_IMPROPER_ACTION,FAILED_TO_YIELD_RIGHT_OF_WAY_103
2721559,2,ANGLE_FRONT_TO_SIDE,-112.186575455233,33.4675906163419,1,FOUR_WAY_INTERSECTION,ANGLE_FRONT_TO_SIDE,PHOENIX,2013-03-11 10:20:00,FAILED_TO_YIELD_RIGHT_OF_WAY_103,NO_IMPROPER_ACTION
2721564,2,OTHER_97,-111.99022187312,33.7666913261029,3,NOT_AT_INTERSECTION_0,OTHER_97,PHOENIX,2013-03-04 15:39:00,OTHER_97,NOT_APPLICABLE_MINUS_1+NO_IMPROPER_ACTION
2721631,2,ANGLE_FRONT_TO_SIDE,-112.03020714163,33.4949728953888,3,FOUR_WAY_INTERSECTION,ANGLE_FRONT_TO_SIDE,PHOENIX,2013-03-15 16:25:00,NO_IMPROPER_ACTION,FAILED_TO_YIELD_RIGHT_OF_WAY_103
2721835,2,OTHER_97,-111.807237970392,33.3772739003062,2,NOT_AT_INTERSECTION_0,OTHER_97,GILBERT,2013-05-11 13:48:00,DISREGARDED_PAVEMENT_MARKINGS,NO_IMPROPER_ACTION+NOT_APPLICABLE_MINUS_1
2721887,2,ANGLE_FRONT_TO_SIDE,-112.14250670976,33.3920781084747,4,UNKNOWN_99,ANGLE_FRONT_TO_SIDE,UNSPECIFIED_999,2013-03-05 16:33:00,NO_IMPROPER_ACTION,PASSED_IN_NO_PASSING_ZONE
2721899,2,ANGLE_FRONT_TO_SIDE,-112.004953156071,33.043780047861,4,FOUR_WAY_INTERSECTION,ANGLE_FRONT_TO_SIDE,MARICOPA,2013-04-09 17:40:00,DISREGARDED_TRAFFIC_SIGNAL,NO_IMPROPER_ACTION
2721971,2,ANGLE_FRONT_TO_SIDE,-111.914587693324,33.4657983746385,3,FOUR_WAY_INTERSECTION,ANGLE_FRONT_TO_SIDE,SCOTTSDALE,2013-03-29 13:09:00,DROVE_RODE_IN_OPPOSING_TRAFFIC_LANE,INATTENTION_DISTRACTION
2722100,2,ANGLE_FRONT_TO_SIDE,-112.116969047914,33.5511214000756,2,FOUR_WAY_INTERSECTION,ANGLE_FRONT_TO_SIDE,PHOENIX,2013-02-19 20:08:00,DROVE_RODE_IN_OPPOSING_TRAFFIC_LANE,NO_IMPROPER_ACTION
2722159,2,OTHER_97,-112.255173784584,33.4872569462144,1,UNKNOWN_99,OTHER_97,PHOENIX,2013-03-05 15:24:00,NO_IMPROPER_ACTION,OTHER_97
2722281,2,ANGLE_FRONT_TO_SIDE,-112.056105091134,33.5237246795617,3,FOUR_WAY_INTERSECTION,ANGLE_FRONT_TO_SIDE,PHOENIX,2013-05-17 07:12:00,OTHER_97,DISREGARDED_TRAFFIC_SIGNAL
2722415,2,ANGLE_FRONT_TO_SIDE,-110.971981790083,32.2576059822019,2,FOUR_WAY_INTERSECTION,ANGLE_FRONT_TO_SIDE,TUCSON,2013-04-24 19:20:00,DROVE_RODE_IN_OPPOSING_TRAFFIC_LANE,NOT_APPLICABLE_MINUS_1+NO_IMPROPER_ACTION
2722427,2,ANGLE_FRONT_TO_SIDE,-110.956170752505,32.1661786839163,3,FOUR_WAY_INTERSECTION,ANGLE_FRONT_TO_SIDE,TUCSON,2013-04-23 14:32:00,DROVE_RODE_IN_OPPOSING_TRAFFIC_LANE,NO_IMPROPER_ACTION
2722457,2,OTHER_97,-110.971741468093,32.2277087139119,1,FOUR_WAY_INTERSECTION,OTHER_97,TUCSON,2013-04-25 16:30:00,OTHER_97,NO_IMPROPER_ACTION
2722459,2,ANGLE_FRONT_TO_SIDE,-110.969774959572,32.2558217700918,3,FOUR_WAY_INTERSECTION,ANGLE_FRONT_TO_SIDE,TUCSON,2013-04-25 14:27:00,UNKNOWN_99,NOT_APPLICABLE_MINUS_1+UNKNOWN_99
2722547,2,OTHER_97,-110.994958506564,32.2794056570215,3,FOUR_WAY_INTERSECTION,OTHER_97,UNSPECIFIED_999,2013-04-30 18:50:00,NO_IMPROPER_ACTION,NOT_APPLICABLE_MINUS_1+FAILED_TO_YIELD_RIGHT_OF_WAY_103
2722681,2,ANGLE_FRONT_TO_SIDE,-110.96107015982,32.2790854168316,1,UNKNOWN_99,ANGLE_FRONT_TO_SIDE,TUCSON,2013-04-19 17:09:00,NO_IMPROPER_ACTION,UNSAFE_LANE_CHANGE
2722694,2,OTHER_97,-110.928961974486,32.2486239163313,3,FOUR_WAY_INTERSECTION,OTHER_97,TUCSON,2013-04-20 15:00:00,NO_IMPROPER_ACTION,NO_IMPROPER_ACTION