IncidentID,num_vehicles_involved,eCollisionManner,Longitude,Latitude,InjurySeverity,eIntersectionType,eCollisionManner,city_name,IncidentDateTime,cyclist_citations,driver_citations
2722710,2,ANGLE_FRONT_TO_SIDE,-110.875199318013,32.2579308950504,1,FOUR_WAY_INTERSECTION,ANGLE_FRONT_TO_SIDE,TUCSON,2013-04-17 11:08:00,FAILED_TO_YIELD_RIGHT_OF_WAY_103,NO_IMPROPER_ACTION+NOT_APPLICABLE_MINUS_1
2722711,2,ANGLE_FRONT_TO_SIDE,-110.892315688689,32.2214825042406,1,FOUR_WAY_INTERSECTION,ANGLE_FRONT_TO_SIDE,TUCSON,2013-04-17 12:35:00,UNSAFE_LANE_CHANGE,NO_IMPROPER_ACTION
2722715,2,SIDESWIPE_SAME_DIRECTION,-110.97421852036,32.15415968261,3,UNKNOWN_99,SIDESWIPE_SAME_DIRECTION,TUCSON,2013-04-16 17:56:00,INATTENTION_DISTRACTION,NO_IMPROPER_ACTION
2722729,2,ANGLE_FRONT_TO_SIDE,-110.914244807279,32.2651240743366,1,FOUR_WAY_INTERSECTION,ANGLE_FRONT_TO_SIDE,TUCSON,2013-04-18 11:59:00,NO_IMPROPER_ACTION,INATTENTION_DISTRACTION
2722733,2,REAR_END,-110.95246536345,32.2545507665448,1,UNKNOWN_99,REAR_END,TUCSON,2013-04-18 15:16:00,INATTENTION_DISTRACTION,NO_IMPROPER_ACTION+NOT_APPLICABLE_MINUS_1+NOT_APPLICABLE_MINUS_1
2722735,2,SIDESWIPE_SAME_DIRECTION,-110.85789590573,32.2395578720649,2,UNKNOWN_99,SIDESWIPE_SAME_DIRECTION,TUCSON,2013-04-18 17:04:00,UNKNOWN_99,UNKNOWN_99
2722879,2,LEFT_TURN,-111.855023136691,34.5705384650965,1,T_INTERSECTION,LEFT_TURN,CAMP VERDE,2013-04-20 09:55:00,NO_IMPROPER_ACTION,FAILED_TO_YIELD_RIGHT_OF_WAY_103
2722902,2,ANGLE_FRONT_TO_SIDE,-111.940037622711,33.4296219032996,3,FOUR_WAY_INTERSECTION,ANGLE_FRONT_TO_SIDE,TEMPE,2013-05-14 05:14:00,OTHER_97,NO_IMPROPER_ACTION
2722905,2,LEFT_TURN,-111.909096201837,33.4175498300502,3,FOUR_WAY_INTERSECTION,LEFT_TURN,TEMPE,2013-05-10 10:44:00,FAILED_TO_YIELD_RIGHT_OF_WAY_103,NO_IMPROPER_ACTION
2722984,2,SIDESWIPE_SAME_DIRECTION,-111.876409781947,33.3278698944281,1,T_INTERSECTION,SIDESWIPE_SAME_DIRECTION,CHANDLER,2013-01-19 03:25:00,NO_IMPROPER_ACTION,FAILED_TO_KEEP_IN_PROPER_LANE
2722990,2,SIDESWIPE_SAME_DIRECTION,-111.92505671,33.4220238468587,3,FOUR_WAY_INTERSECTION,SIDESWIPE_SAME_DIRECTION,TEMPE,2013-05-10 07:33:00,NO_IMPROPER_ACTION,UNSAFE_LANE_CHANGE
2723048,2,LEFT_TURN,-111.91558641322,33.30542281469,2,T_INTERSECTION,LEFT_TURN,CHANDLER,2013-01-06 00:15:00,NO_IMPROPER_ACTION,UNKNOWN_99
2723100,2,OTHER_97,-111.843742252881,33.2952871257652,3,T_INTERSECTION,OTHER_97,CHANDLER,2013-01-16 19:16:00,OTHER_97,NO_IMPROPER_ACTION
2723167,2,ANGLE_FRONT_TO_SIDE,-111.919877684974,33.3054255365603,1,FOUR_WAY_INTERSECTION,ANGLE_FRONT_TO_SIDE,CHANDLER,2013-01-18 12:35:00,FAILED_TO_KEEP_IN_PROPER_LANE,NO_IMPROPER_ACTION
2723247,2,ANGLE_FRONT_TO_SIDE,-112.091360047041,33.4662521967654,2,NOT_REPORTED_255,ANGLE_FRONT_TO_SIDE,PHOENIX,2013-05-19 09:45:00,OTHER_97,FAILED_TO_YIELD_RIGHT_OF_WAY_103
2723350,2,ANGLE_FRONT_TO_SIDE,-112.583578194419,33.3704953911599,2,T_INTERSECTION,ANGLE_FRONT_TO_SIDE,BUCKEYE,2013-05-09 13:31:00,DROVE_RODE_IN_OPPOSING_TRAFFIC_LANE,FAILED_TO_YIELD_RIGHT_OF_WAY_103
2723363,2,ANGLE_FRONT_TO_SIDE,0,0,3,FOUR_WAY_INTERSECTION,ANGLE_FRONT_TO_SIDE,SCOTTSDALE,2013-03-30 11:17:00,DROVE_RODE_IN_OPPOSING_TRAFFIC_LANE,NOT_APPLICABLE_MINUS_1+INATTENTION_DISTRACTION
2723382,2,ANGLE_FRONT_TO_SIDE,-111.907632486627,33.5021419265122,1,UNKNOWN_99,ANGLE_FRONT_TO_SIDE,SCOTTSDALE,2013-03-31 10:39:00,NO_IMPROPER_ACTION,SPEED_TOO_FAST_FOR_CONDITIONS
2723388,2,ANGLE_FRONT_TO_SIDE,-111.934770840286,33.4802727718751,3,FOUR_WAY_INTERSECTION,ANGLE_FRONT_TO_SIDE,SCOTTSDALE,2013-04-02 23:57:00,DROVE_RODE_IN_OPPOSING_TRAFFIC_LANE,NOT_APPLICABLE_MINUS_1+NO_IMPROPER_ACTION
2723393,2,ANGLE_FRONT_TO_SIDE,-111.655317675874,35.1952686465108,1,FOUR_WAY_INTERSECTION,ANGLE_FRONT_TO_SIDE,FLAGSTAFF,2013-05-19 22:24:00,DISREGARDED_TRAFFIC_SIGNAL,NOT_APPLICABLE_MINUS_1+NO_IMPROPER_ACTION
2723585,2,SIDESWIPE_SAME_DIRECTION,-110.836158192342,32.1377407687614,2,UNKNOWN_99,SIDESWIPE_SAME_DIRECTION,UNSPECIFIED_999,2013-04-18 08:07:00,NO_IMPROPER_ACTION,UNKNOWN_99
2723660,2,OTHER_97,-112.293331670414,33.4935066968709,1,T_INTERSECTION,OTHER_97,UNSPECIFIED_999,2013-05-01 17:32:00,INATTENTION_DISTRACTION,INATTENTION_DISTRACTION
2723741,2,ANGLE_FRONT_TO_SIDE,-112.361344192027,33.6569452682965,1,T_INTERSECTION,ANGLE_FRONT_TO_SIDE,UNSPECIFIED_999,2013-04-29 09:56:00,NO_IMPROPER_ACTION,FAILED_TO_YIELD_RIGHT_OF_WAY_103
2723807,2,ANGLE_FRONT_TO_SIDE,-112.284954686566,33.4936637974318,3,FOUR_WAY_INTERSECTION,ANGLE_FRONT_TO_SIDE,UNSPECIFIED_999,2013-05-06 07:26:00,NO_IMPROPER_ACTION,FAILED_TO_YIELD_RIGHT_OF_WAY_103+NOT_APPLICABLE_MINUS_1
2723834,2,ANGLE_FRONT_TO_SIDE,-110.971911535636,32.2500383719649,3,UNKNOWN_99,ANGLE_FRONT_TO_SIDE,TUCSON,2013-05-09 15:43:00,UNKNOWN_99,UNKNOWN_99
2723854,2,ANGLE_FRONT_TO_SIDE,-110.961072161713,32.2955881088772,3,UNKNOWN_99,ANGLE_FRONT_TO_SIDE,TUCSON,2013-05-10 15:05:00,OTHER_97,NO_IMPROPER_ACTION
2724207,2,ANGLE_FRONT_TO_SIDE,-110.972022347335,32.2630598028371,4,FOUR_WAY_INTERSECTION,ANGLE_FRONT_TO_SIDE,TUCSON,2013-05-01 13:34:00,OTHER_97,NOT_APPLICABLE_MINUS_1+NO_IMPROPER_ACTION
2724234,3,LEFT_TURN,-110.850299628553,32.2355791803547,1,FOUR_WAY_INTERSECTION,LEFT_TURN,TUCSON,2013-05-02 11:53:00,FAILED_TO_YIELD_RIGHT_OF_WAY_103,NOT_APPLICABLE_MINUS_1+NO_IMPROPER_ACTION+NO_IMPROPER_ACTION
2724267,2,ANGLE_FRONT_TO_SIDE,-110.875601325186,32.2506781669999,4,UNKNOWN_99,ANGLE_FRONT_TO_SIDE,TUCSON,2013-05-06 08:17:00,OTHER_97,NO_IMPROPER_ACTION
2724285,2,ANGLE_FRONT_TO_SIDE,-110.944245063238,32.2722057838538,1,FOUR_WAY_INTERSECTION,ANGLE_FRONT_TO_SIDE,TUCSON,2013-05-14 10:29:00,INATTENTION_DISTRACTION,NO_IMPROPER_ACTION
2724305,2,LEFT_TURN,-110.939149469657,32.2214952092762,3,UNKNOWN_99,LEFT_TURN,TUCSON,2013-05-11 10:09:00,NO_IMPROPER_ACTION,FAILED_TO_YIELD_RIGHT_OF_WAY_103
2724387,2,OTHER_97,-111.84447524914,33.3787740619404,3,FOUR_WAY_INTERSECTION,OTHER_97,MESA,2013-04-02 12:14:00,INATTENTION_DISTRACTION,NOT_APPLICABLE_MINUS_1+INATTENTION_DISTRACTION
2724429,2,ANGLE_FRONT_TO_SIDE,-111.771176896913,33.4021867115505,3,T_INTERSECTION,ANGLE_FRONT_TO_SIDE,MESA,2013-04-04 11:56:00,DROVE_RODE_IN_OPPOSING_TRAFFIC_LANE,NO_IMPROPER_ACTION+NOT_APPLICABLE_MINUS_1
2724448,2,OTHER_97,-110.908939957215,32.1900467528498,3,FOUR_WAY_INTERSECTION,OTHER_97,TUCSON,2013-05-06 15:23:00,DISREGARDED_TRAFFIC_SIGNAL,NO_IMPROPER_ACTION
2724574,2,ANGLE_FRONT_TO_SIDE,-111.803161432917,33.4124688898004,3,FOUR_WAY_INTERSECTION,ANGLE_FRONT_TO_SIDE,MESA,2013-04-10 16:00:00,UNKNOWN_99,UNKNOWN_99
2724590,2,OTHER_97,-111.749815826584,33.3937048674671,2,T_INTERSECTION,OTHER_97,MESA,2013-04-09 13:59:00,DROVE_RODE_IN_OPPOSING_TRAFFIC_LANE,SPEED_TOO_FAST_FOR_CONDITIONS
2724594,2,SIDESWIPE_SAME_DIRECTION,-111.796993762907,33.3789792239408,3,T_INTERSECTION,SIDESWIPE_SAME_DIRECTION,MESA,2013-04-08 21:55:00,NO_IMPROPER_ACTION,NO_IMPROPER_ACTION
2724607,2,ANGLE_FRONT_TO_SIDE,-111.839736467379,33.4514417075223,2,FOUR_WAY_INTERSECTION,ANGLE_FRONT_TO_SIDE,MESA,2013-04-08 04:44:00,DISREGARDED_TRAFFIC_SIGNAL,NO_IMPROPER_ACTION
2724753,2,ANGLE_FRONT_TO_SIDE,-111.648066135692,35.1971672877998,1,FOUR_WAY_INTERSECTION,ANGLE_FRONT_TO_SIDE,FLAGSTAFF,2013-05-20 20:42:00,DISREGARDED_TRAFFIC_SIGNAL,NO_IMPROPER_ACTION+NOT_APPLICABLE_MINUS_1
2724810,2,ANGLE_FRONT_TO_SIDE,-111.91026609218,33.4147594678031,2,UNKNOWN_99,ANGLE_FRONT_TO_SIDE,TEMPE,2013-05-14 15:32:00,OTHER_97,NO_IMPROPER_ACTION
2724824,2,OTHER_97,-111.939482970487,33.3782110736748,3,UNKNOWN_99,OTHER_97,TEMPE,2013-05-20 08:57:00,OTHER_97,NO_IMPROPER_ACTION
2724828,2,ANGLE_FRONT_TO_SIDE,-111.928912122654,33.4218851745013,2,UNKNOWN_99,ANGLE_FRONT_TO_SIDE,TEMPE,2013-05-16 17:20:00,OTHER_97,NO_IMPROPER_ACTION
2724864,2,OTHER_97,-110.94233982676,31.3339006898811,3,UNKNOWN_99,OTHER_97,NOGALES,2013-05-06 13:23:00,UNKNOWN_99,NOT_APPLICABLE_MINUS_1+NO_IMPROPER_ACTION+NOT_APPLICABLE_MINUS_1
2724881,2,ANGLE_FRONT_TO_SIDE,-111.820715526413,33.3357363572925,1,FOUR_WAY_INTERSECTION,ANGLE_FRONT_TO_SIDE,GILBERT,2013-05-21 17:57:00,NO_IMPROPER_ACTION,DISREGARDED_TRAFFIC_SIGNAL
2725047,2,ANGLE_FRONT_TO_SIDE,-112.013514762823,33.6435194332466,3,NOT_AT_INTERSECTION_0,ANGLE_FRONT_TO_SIDE,PHOENIX,2013-05-22 15:04:00,MADE_IMPROPER_TURN,NO_IMPROPER_ACTION
2725209,2,ANGLE_FRONT_TO_SIDE,-111.90876582013,33.5160298037495,2,T_INTERSECTION,ANGLE_FRONT_TO_SIDE,SCOTTSDALE,2013-04-01 12:28:00,NO_IMPROPER_ACTION,NO_IMPROPER_ACTION
2725210,2,LEFT_TURN,-111.824984347799,33.589693150498,3,FOUR_WAY_INTERSECTION,LEFT_TURN,SCOTTSDALE,2013-03-31 08:12:00,NO_IMPROPER_ACTION,OTHER_97
2725244,2,ANGLE_FRONT_TO_SIDE,-111.452323182266,36.9234981177356,2,T_INTERSECTION,ANGLE_FRONT_TO_SIDE,PAGE,2013-04-27 14:03:00,NO_IMPROPER_ACTION,FAILED_TO_YIELD_RIGHT_OF_WAY_103
2725252,2,ANGLE_FRONT_TO_SIDE,-111.741260309769,32.8747345270797,1,FOUR_WAY_INTERSECTION,ANGLE_FRONT_TO_SIDE,CASA GRANDE,2013-05-24 19:40:00,OTHER_97,RAN_STOP_SIGN
2725263,2,SIDESWIPE_SAME_DIRECTION,-112.211746625864,33.4802678792741,3,FOUR_WAY_INTERSECTION,SIDESWIPE_SAME_DIRECTION,PHOENIX,2013-05-29 16:41:00,INATTENTION_DISTRACTION,NO_IMPROPER_ACTION
2725335,2,ANGLE_FRONT_TO_SIDE,-111.559060059632,33.4223448418854,2,FOUR_WAY_INTERSECTION,ANGLE_FRONT_TO_SIDE,APACHE JUNCTION,2013-05-09 10:26:00,OTHER_97,NO_IMPROPER_ACTION
2725345,2,ANGLE_FRONT_TO_SIDE,-111.127389035731,32.3579309107305,3,T_INTERSECTION,ANGLE_FRONT_TO_SIDE,MARANA,2013-05-13 10:40:00,NO_IMPROPER_ACTION,FAILED_TO_YIELD_RIGHT_OF_WAY_103
2725423,2,OTHER_97,-111.571367460622,33.4150727868943,1,UNKNOWN_99,OTHER_97,APACHE JUNCTION,2013-05-12 12:42:00,MADE_IMPROPER_TURN,NO_IMPROPER_ACTION
2725445,2,ANGLE_FRONT_TO_SIDE,-110.922520871556,32.1780129558544,3,FOUR_WAY_INTERSECTION,ANGLE_FRONT_TO_SIDE,UNSPECIFIED_999,2013-05-13 06:18:00,NO_IMPROPER_ACTION,INATTENTION_DISTRACTION
2725447,2,HEAD_ON,-111.128766757951,32.2217271086658,3,UNKNOWN_99,HEAD_ON,UNSPECIFIED_999,2013-05-14 07:27:00,DROVE_RODE_IN_OPPOSING_TRAFFIC_LANE,NO_IMPROPER_ACTION
2725462,2,ANGLE_FRONT_TO_SIDE,-111.033552801593,32.3231529669991,1,T_INTERSECTION,ANGLE_FRONT_TO_SIDE,UNSPECIFIED_999,2013-05-15 07:39:00,SPEED_TOO_FAST_FOR_CONDITIONS,NO_IMPROPER_ACTION
2725467,2,REAR_END,-110.971777872686,32.3368449300194,4,T_INTERSECTION,REAR_END,UNSPECIFIED_999,2013-05-16 06:19:00,NO_IMPROPER_ACTION,FAILED_TO_KEEP_IN_PROPER_LANE
2725483,3,OTHER_97,-112.06462280391,33.3995893005748,5,UNKNOWN_99,OTHER_97,PHOENIX,2013-03-08 20:54:00,UNKNOWN_99,UNKNOWN_99+UNKNOWN_99
2725699,2,ANGLE_FRONT_TO_SIDE,-111.921942089899,33.4075091740268,3,NOT_AT_INTERSECTION_0,ANGLE_FRONT_TO_SIDE,TEMPE,2013-05-14 21:15:00,DROVE_RODE_IN_OPPOSING_TRAFFIC_LANE,NO_IMPROPER_ACTION
2725707,2,ANGLE_FRONT_TO_SIDE,-111.942388835049,33.4219286721596,3,FOUR_WAY_INTERSECTION,ANGLE_FRONT_TO_SIDE,TEMPE,2013-05-18 20:38:00,NO_IMPROPER_ACTION,NOT_APPLICABLE_MINUS_1+FAILED_TO_YIELD_RIGHT_OF_WAY_103+NOT_APPLICABLE_MINUS_1
2725720,2,ANGLE_FRONT_TO_SIDE,-111.917676195824,33.4220027941502,3,FOUR_WAY_INTERSECTION,ANGLE_FRONT_TO_SIDE,TEMPE,2013-05-14 22:41:00,DROVE_RODE_IN_OPPOSING_TRAFFIC_LANE,NO_IMPROPER_ACTION
2725723,2,ANGLE_FRONT_TO_SIDE,-111.917784187968,33.4147613435289,3,T_INTERSECTION,ANGLE_FRONT_TO_SIDE,TEMPE,2013-05-23 20:37:00,INATTENTION_DISTRACTION,INATTENTION_DISTRACTION
2725749,2,ANGLE_FRONT_TO_SIDE,-111.926413997899,33.4220260239773,2,FOUR_WAY_INTERSECTION,ANGLE_FRONT_TO_SIDE,TEMPE,2013-05-23 20:00:00,FAILED_TO_YIELD_RIGHT_OF_WAY_103,NO_IMPROPER_ACTION
2725772,2,SIDESWIPE_SAME_DIRECTION,-112.051146433067,33.4067609293624,4,NOT_AT_INTERSECTION_0,SIDESWIPE_SAME_DIRECTION,PHOENIX,2013-05-22 07:31:00,FAILED_TO_YIELD_RIGHT_OF_WAY_103,NO_IMPROPER_ACTION+NOT_APPLICABLE_MINUS_1
2725782,2,ANGLE_FRONT_TO_SIDE,-111.995410560891,33.378073024071,4,T_INTERSECTION,ANGLE_FRONT_TO_SIDE,PHOENIX,2013-05-28 07:39:00,DISREGARDED_TRAFFIC_SIGNAL,NO_IMPROPER_ACTION
2725787,2,OTHER_97,-112.129860911517,33.4949514329874,4,T_INTERSECTION,OTHER_97,PHOENIX,2013-05-01 14:42:00,OTHER_97,DISREGARDED_TRAFFIC_SIGNAL
2725995,2,REAR_END,-110.963895360404,32.3830838704703,4,NOT_AT_INTERSECTION_0,REAR_END,ORO VALLEY,2013-05-10 10:42:00,INATTENTION_DISTRACTION,NOT_APPLICABLE_MINUS_1+NOT_APPLICABLE_MINUS_1+NOT_APPLICABLE_MINUS_1+NO_IMPROPER_ACTION+NOT_APPLICABLE_MINUS_1
2726237,2,ANGLE_FRONT_TO_SIDE,-112.242147471867,33.6815810627814,3,FOUR_WAY_INTERSECTION,ANGLE_FRONT_TO_SIDE,PEORIA,2013-04-17 06:45:00,OTHER_97,NO_IMPROPER_ACTION
2726256,2,ANGLE_FRONT_TO_SIDE,-112.284733011396,33.6672475338945,3,T_INTERSECTION,ANGLE_FRONT_TO_SIDE,PEORIA,2013-05-15 06:43:00,NO_IMPROPER_ACTION,FAILED_TO_YIELD_RIGHT_OF_WAY_103+NOT_APPLICABLE_MINUS_1+NOT_APPLICABLE_MINUS_1
2726264,2,ANGLE_FRONT_TO_SIDE,-112.121394760109,33.638606892729,3,NOT_AT_INTERSECTION_0,ANGLE_FRONT_TO_SIDE,PHOENIX,2013-06-03 06:15:00,NO_IMPROPER_ACTION,FAILED_TO_YIELD_RIGHT_OF_WAY_103
2726308,2,SIDESWIPE_OPPOSITE_DIRECTION,-111.987049184522,33.4713761719433,3,T_INTERSECTION,SIDESWIPE_OPPOSITE_DIRECTION,PHOENIX,2013-06-03 16:44:00,DROVE_RODE_IN_OPPOSING_TRAFFIC_LANE,NO_IMPROPER_ACTION
2726485,2,ANGLE_FRONT_TO_SIDE,-112.188158513122,33.5891132401057,2,T_INTERSECTION,ANGLE_FRONT_TO_SIDE,GLENDALE,2013-04-25 07:39:00,DROVE_RODE_IN_OPPOSING_TRAFFIC_LANE,INATTENTION_DISTRACTION
2726537,2,OTHER_97,-112.169285659119,33.6643514690792,4,FOUR_WAY_INTERSECTION,OTHER_97,GLENDALE,2013-02-28 16:37:00,DROVE_RODE_IN_OPPOSING_TRAFFIC_LANE,NOT_APPLICABLE_MINUS_1+INATTENTION_DISTRACTION
2726616,2,LEFT_TURN,-112.18606680876,33.6543433579471,3,FOUR_WAY_INTERSECTION,LEFT_TURN,GLENDALE,2013-03-28 14:33:00,NO_IMPROPER_ACTION,NOT_APPLICABLE_MINUS_1+FAILED_TO_YIELD_RIGHT_OF_WAY_103+NOT_APPLICABLE_MINUS_1
2726704,2,ANGLE_FRONT_TO_SIDE,-112.186429838171,33.6435196432493,1,T_INTERSECTION,ANGLE_FRONT_TO_SIDE,GLENDALE,2013-04-20 12:06:00,INATTENTION_DISTRACTION,INATTENTION_DISTRACTION
2726707,2,ANGLE_FRONT_TO_SIDE,-112.199379806042,33.5238951506614,2,FOUR_WAY_INTERSECTION,ANGLE_FRONT_TO_SIDE,GLENDALE,2013-04-20 13:42:00,NO_IMPROPER_ACTION,SPEED_TOO_FAST_FOR_CONDITIONS+NOT_APPLICABLE_MINUS_1
2726716,2,ANGLE_FRONT_TO_SIDE,-112.173159691001,33.5819171691266,2,FOUR_WAY_INTERSECTION,ANGLE_FRONT_TO_SIDE,GLENDALE,2013-04-16 18:08:00,FAILED_TO_YIELD_RIGHT_OF_WAY_103,NO_IMPROPER_ACTION
2726754,2,OTHER_97,-112.203168173338,33.5093503482041,2,FOUR_WAY_INTERSECTION,OTHER_97,GLENDALE,2013-04-09 06:00:00,INATTENTION_DISTRACTION,NO_IMPROPER_ACTION
2726853,2,ANGLE_FRONT_TO_SIDE,-112.18614679074,33.5422224678448,2,FOUR_WAY_INTERSECTION,ANGLE_FRONT_TO_SIDE,GLENDALE,2013-04-10 17:04:00,UNKNOWN_99,FAILED_TO_YIELD_RIGHT_OF_WAY_103
2726903,2,LEFT_TURN,-112.194948491508,33.5673424691919,2,FOUR_WAY_INTERSECTION,LEFT_TURN,GLENDALE,2013-04-11 20:22:00,OTHER_97,NO_IMPROPER_ACTION
2726915,2,LEFT_TURN,-111.755212899341,33.2776685046545,1,FOUR_WAY_INTERSECTION,LEFT_TURN,GILBERT,2013-05-31 22:33:00,NO_IMPROPER_ACTION,INATTENTION_DISTRACTION
2726920,2,LEFT_TURN,-111.838676754138,33.3642231612371,1,FOUR_WAY_INTERSECTION,LEFT_TURN,GILBERT,2013-05-30 07:15:00,NO_IMPROPER_ACTION,MADE_IMPROPER_TURN
2726926,2,ANGLE_FRONT_TO_SIDE,-111.824407244814,33.3550429108909,1,FOUR_WAY_INTERSECTION,ANGLE_FRONT_TO_SIDE,GILBERT,2013-06-01 18:02:00,NO_IMPROPER_ACTION,NOT_APPLICABLE_MINUS_1+INATTENTION_DISTRACTION
2726951,2,ANGLE_FRONT_TO_SIDE,-111.87640967441,33.3273214257388,1,T_INTERSECTION,ANGLE_FRONT_TO_SIDE,CHANDLER,2013-02-05 07:59:00,NO_IMPROPER_ACTION,UNKNOWN_99
2726974,2,ANGLE_FRONT_TO_SIDE,-111.863164174569,33.2987628054532,3,T_INTERSECTION,ANGLE_FRONT_TO_SIDE,CHANDLER,2013-02-04 16:27:00,DROVE_RODE_IN_OPPOSING_TRAFFIC_LANE,OTHER_97
2727002,2,LEFT_TURN,-111.841673744069,33.2915809764487,4,FOUR_WAY_INTERSECTION,LEFT_TURN,CHANDLER,2013-01-30 17:47:00,WALKED_ON_WRONG_SIDE_OF_ROAD,NO_IMPROPER_ACTION+NOT_APPLICABLE_MINUS_1
2727113,2,ANGLE_FRONT_TO_SIDE,-111.585537300258,33.4150856594792,4,T_INTERSECTION,ANGLE_FRONT_TO_SIDE,UNSPECIFIED_999,2013-03-26 09:49:00,UNKNOWN_99,UNKNOWN_99
2727125,2,ANGLE_FRONT_TO_SIDE,-110.857926216448,32.2212898315153,2,FOUR_WAY_INTERSECTION,ANGLE_FRONT_TO_SIDE,TUCSON,2013-05-27 00:56:00,DISREGARDED_TRAFFIC_SIGNAL,DISREGARDED_TRAFFIC_SIGNAL
2727128,2,ANGLE_FRONT_TO_SIDE,-110.978212756943,32.2720008481466,1,FOUR_WAY_INTERSECTION,ANGLE_FRONT_TO_SIDE,TUCSON,2013-05-27 15:49:00,NO_IMPROPER_ACTION,INATTENTION_DISTRACTION
2727229,2,SIDESWIPE_SAME_DIRECTION,-110.978128214348,32.2786880087329,4,NOT_REPORTED_255,SIDESWIPE_SAME_DIRECTION,TUCSON,2013-05-16 13:34:00,NO_IMPROPER_ACTION,FAILED_TO_YIELD_RIGHT_OF_WAY_103
2727252,2,OTHER_97,-110.857953700839,32.1979890901808,2,T_INTERSECTION,OTHER_97,TUCSON,2013-05-31 08:02:00,OTHER_97,OTHER_97
2727255,3,LEFT_TURN,-110.965416724019,32.2068531201429,3,FOUR_WAY_INTERSECTION,LEFT_TURN,TUCSON,2013-05-31 09:17:00,NO_IMPROPER_ACTION,FAILED_TO_YIELD_RIGHT_OF_WAY_103+NO_IMPROPER_ACTION
2727291,2,OTHER_97,-110.152483176593,34.917237878664,2,NOT_REPORTED_255,OTHER_97,HOLBROOK,2013-05-24 12:54:00,NO_IMPROPER_ACTION,FAILED_TO_YIELD_RIGHT_OF_WAY_103
2727308,2,REAR_TO_SIDE,-110.823815421294,32.2353507823422,3,NOT_AT_INTERSECTION_0,REAR_TO_SIDE,TUCSON,2013-05-25 21:10:00,REQUIRED_MOTORCYCLE_SAFETY_EQUIPMENT_NOT_USED,NO_IMPROPER_ACTION
2727323,2,OTHER_97,-110.893206893289,32.2578795542371,1,UNKNOWN_99,OTHER_97,TUCSON,2013-05-20 04:30:00,NO_IMPROPER_ACTION,FAILED_TO_KEEP_IN_PROPER_LANE
2727455,2,OTHER_97,-110.901522784313,32.2361862124808,2,FOUR_WAY_INTERSECTION,OTHER_97,TUCSON,2013-05-13 19:54:00,NO_IMPROPER_ACTION,FAILED_TO_YIELD_RIGHT_OF_WAY_103
2727519,2,OTHER_97,-112.359000912685,33.5729843525543,5,NOT_AT_INTERSECTION_0,OTHER_97,UNSPECIFIED_999,2013-02-17 20:26:00,MADE_IMPROPER_TURN,NO_IMPROPER_ACTION
2727783,3,LEFT_TURN,-112.125167602944,33.6108316500401,4,FOUR_WAY_INTERSECTION,LEFT_TURN,PHOENIX,2013-03-30 10:40:00,NO_IMPROPER_ACTION,NOT_APPLICABLE_MINUS_1+NO_IMPROPER_ACTION+FAILED_TO_YIELD_RIGHT_OF_WAY_103
2727851,2,LEFT_TURN,-112.108799169379,33.5422324798512,4,FOUR_WAY_INTERSECTION,LEFT_TURN,PHOENIX,2013-03-26 18:05:00,NO_IMPROPER_ACTION,MADE_IMPROPER_TURN
2727855,2,ANGLE_FRONT_TO_SIDE,-112.281282177895,33.5104120622921,3,T_INTERSECTION,ANGLE_FRONT_TO_SIDE,PHOENIX,2013-03-31 16:26:00,OTHER_97,NO_IMPROPER_ACTION
2727862,2,ANGLE_FRONT_TO_SIDE,-112.133861999449,33.6252521403528,3,FOUR_WAY_INTERSECTION,ANGLE_FRONT_TO_SIDE,PHOENIX,2013-03-05 16:39:00,UNKNOWN_99,UNKNOWN_99
2728038,2,ANGLE_FRONT_TO_SIDE,-112.226910765642,33.4655221294646,3,UNKNOWN_99,ANGLE_FRONT_TO_SIDE,PHOENIX,2013-02-13 18:42:00,NO_IMPROPER_ACTION,UNKNOWN_99
2728049,2,ANGLE_FRONT_TO_SIDE,-112.061132430174,33.5237352266668,2,UNKNOWN_99,ANGLE_FRONT_TO_SIDE,PHOENIX,2013-03-26 17:24:00,FAILED_TO_YIELD_RIGHT_OF_WAY_103,NOT_APPLICABLE_MINUS_1+NO_IMPROPER_ACTION
2728159,2,OTHER_97,-111.9795703271,33.5008940861569,2,FOUR_WAY_INTERSECTION,OTHER_97,PHOENIX,2013-03-23 15:01:00,RAN_STOP_SIGN,NOT_APPLICABLE_MINUS_1+NO_IMPROPER_ACTION
2728161,2,ANGLE_FRONT_TO_SIDE,-112.099678243894,33.5531022325176,2,FOUR_WAY_INTERSECTION,ANGLE_FRONT_TO_SIDE,PHOENIX,2013-03-16 18:00:00,DISREGARDED_TRAFFIC_SIGNAL,NO_IMPROPER_ACTION
2728202,2,OTHER_97,-112.056455721415,33.5824492463234,1,NOT_REPORTED_255,OTHER_97,PHOENIX,2013-06-03 10:45:00,FAILED_TO_YIELD_RIGHT_OF_WAY_103,NO_IMPROPER_ACTION
2728262,2,ANGLE_FRONT_TO_SIDE,-112.030203951513,33.4946208202104,3,UNKNOWN_99,ANGLE_FRONT_TO_SIDE,PHOENIX,2013-03-14 06:36:00,INATTENTION_DISTRACTION,INATTENTION_DISTRACTION