IncidentID,num_vehicles_involved,eCollisionManner,Longitude,Latitude,InjurySeverity,eIntersectionType,eCollisionManner,city_name,IncidentDateTime,cyclist_citations,driver_citations
2733916,2,SIDESWIPE_SAME_DIRECTION,-112.255151159769,33.4483766897126,2,T_INTERSECTION,SIDESWIPE_SAME_DIRECTION,UNSPECIFIED_999,2013-06-20 11:56:00,UNKNOWN_99,UNKNOWN_99+NOT_APPLICABLE_MINUS_1+NOT_APPLICABLE_MINUS_1
2733948,2,ANGLE_FRONT_TO_SIDE,-112.291666021095,33.5947352099295,3,FOUR_WAY_INTERSECTION,ANGLE_FRONT_TO_SIDE,UNSPECIFIED_999,2013-05-25 14:03:00,FAILED_TO_YIELD_RIGHT_OF_WAY_103,ELECTRONIC_COMMUNICATIONS_DEVICE
2734218,2,OTHER_97,-111.534780410022,33.1374738063132,1,T_INTERSECTION,OTHER_97,UNSPECIFIED_999,2013-05-12 16:51:00,OTHER_97,INATTENTION_DISTRACTION
2734227,2,HEAD_ON,-111.668088471751,35.1787819067334,2,FOUR_WAY_INTERSECTION,HEAD_ON,FLAGSTAFF,2013-06-11 09:00:00,DROVE_RODE_IN_OPPOSING_TRAFFIC_LANE,NO_IMPROPER_ACTION
2734297,2,LEFT_TURN,-111.59695054014,33.1858272856416,1,T_INTERSECTION,LEFT_TURN,UNSPECIFIED_999,2013-05-21 07:52:00,INATTENTION_DISTRACTION,NO_IMPROPER_ACTION
2734302,2,ANGLE_FRONT_TO_SIDE,-111.593611607663,33.1755722988638,2,T_INTERSECTION,ANGLE_FRONT_TO_SIDE,UNSPECIFIED_999,2013-05-21 20:42:00,INATTENTION_DISTRACTION,FAILED_TO_YIELD_RIGHT_OF_WAY_103
2734325,2,SIDESWIPE_OPPOSITE_DIRECTION,-111.891193331958,33.8138216000216,1,T_INTERSECTION,SIDESWIPE_OPPOSITE_DIRECTION,SCOTTSDALE,2013-06-07 07:17:00,NO_IMPROPER_ACTION,MADE_IMPROPER_TURN
2734352,2,ANGLE_FRONT_TO_SIDE,-111.645688516348,33.4223774369735,2,T_INTERSECTION,ANGLE_FRONT_TO_SIDE,MESA,2013-06-10 07:18:00,DROVE_RODE_IN_OPPOSING_TRAFFIC_LANE,NO_IMPROPER_ACTION+NOT_APPLICABLE_MINUS_1
2734389,2,ANGLE_FRONT_TO_SIDE,-111.909249734399,33.419517090012,3,FOUR_WAY_INTERSECTION,ANGLE_FRONT_TO_SIDE,TEMPE,2013-06-04 13:48:00,FAILED_TO_YIELD_RIGHT_OF_WAY_103,NO_IMPROPER_ACTION
2734390,2,ANGLE_FRONT_TO_SIDE,-111.94547409261,33.325446011505,3,T_INTERSECTION,ANGLE_FRONT_TO_SIDE,TEMPE,2013-06-04 08:35:00,DROVE_RODE_IN_OPPOSING_TRAFFIC_LANE,NO_IMPROPER_ACTION
2734396,2,LEFT_TURN,-111.909095968611,33.417475950328,3,FOUR_WAY_INTERSECTION,LEFT_TURN,TEMPE,2013-06-06 06:45:00,NO_IMPROPER_ACTION,FAILED_TO_YIELD_RIGHT_OF_WAY_103
2734403,2,ANGLE_FRONT_TO_SIDE,-111.911209514594,33.3578622750642,3,UNKNOWN_99,ANGLE_FRONT_TO_SIDE,TEMPE,2013-05-31 08:46:00,NO_IMPROPER_ACTION,DISREGARDED_TRAFFIC_SIGNAL
2734415,2,LEFT_TURN,-112.063408296314,33.2909452985217,4,T_INTERSECTION,LEFT_TURN,PHOENIX,2013-06-25 05:59:00,NO_IMPROPER_ACTION,FAILED_TO_YIELD_RIGHT_OF_WAY_103
2734539,2,SIDESWIPE_SAME_DIRECTION,-111.910956919206,33.3346403405893,1,UNKNOWN_99,SIDESWIPE_SAME_DIRECTION,TEMPE,2013-06-15 08:15:00,NO_IMPROPER_ACTION,FAILED_TO_KEEP_IN_PROPER_LANE
2734553,2,ANGLE_FRONT_TO_SIDE,-111.904914031049,33.3929683920182,3,FOUR_WAY_INTERSECTION,ANGLE_FRONT_TO_SIDE,TEMPE,2013-06-13 05:52:00,DISREGARDED_TRAFFIC_SIGNAL,NO_IMPROPER_ACTION
2734582,2,SIDESWIPE_SAME_DIRECTION,-111.939723723128,33.4019017026391,3,T_INTERSECTION,SIDESWIPE_SAME_DIRECTION,TEMPE,2013-05-21 21:51:00,NO_IMPROPER_ACTION,UNKNOWN_99
2734589,2,ANGLE_FRONT_TO_SIDE,-111.924827310878,33.4220235845443,1,T_INTERSECTION,ANGLE_FRONT_TO_SIDE,TEMPE,2013-06-03 14:17:00,OTHER_97,NO_IMPROPER_ACTION
2734593,2,OTHER_97,-111.944281558732,33.4253033368455,3,FOUR_WAY_INTERSECTION,OTHER_97,TEMPE,2013-05-30 14:12:00,FAILED_TO_KEEP_IN_PROPER_LANE,NO_IMPROPER_ACTION
2734594,3,ANGLE_FRONT_TO_SIDE,-111.939595035229,33.3930074372851,2,FOUR_WAY_INTERSECTION,ANGLE_FRONT_TO_SIDE,TEMPE,2013-05-29 13:59:00,OTHER_97+OTHER_97,NOT_APPLICABLE_MINUS_1+NO_IMPROPER_ACTION+NOT_APPLICABLE_MINUS_1
2734603,2,ANGLE_FRONT_TO_SIDE,-111.928642551751,33.3721103185595,2,FOUR_WAY_INTERSECTION,ANGLE_FRONT_TO_SIDE,TEMPE,2013-05-30 16:45:00,NO_IMPROPER_ACTION,SPEED_TOO_FAST_FOR_CONDITIONS
2734605,2,ANGLE_FRONT_TO_SIDE,-111.909120303928,33.4292500468922,3,FOUR_WAY_INTERSECTION,ANGLE_FRONT_TO_SIDE,TEMPE,2013-05-27 17:53:00,DROVE_RODE_IN_OPPOSING_TRAFFIC_LANE,NO_IMPROPER_ACTION
2734609,2,REAR_END,-111.939451799112,33.3835528845194,1,UNKNOWN_99,REAR_END,TEMPE,2013-06-11 10:15:00,NO_IMPROPER_ACTION,MADE_IMPROPER_TURN
2734614,2,ANGLE_FRONT_TO_SIDE,-111.917728440084,33.4075022895437,3,FOUR_WAY_INTERSECTION,ANGLE_FRONT_TO_SIDE,TEMPE,2013-06-08 09:05:00,NO_IMPROPER_ACTION,OTHER_97
2734628,2,ANGLE_FRONT_TO_SIDE,-112.233798834371,34.3985677128398,3,T_INTERSECTION,ANGLE_FRONT_TO_SIDE,UNSPECIFIED_999,2013-06-15 12:27:00,SPEED_TOO_FAST_FOR_CONDITIONS,NO_IMPROPER_ACTION
2734661,2,ANGLE_FRONT_TO_SIDE,-111.900495304256,33.4219942193993,1,FOUR_WAY_INTERSECTION,ANGLE_FRONT_TO_SIDE,TEMPE,2013-06-06 13:42:00,OTHER_97,NO_IMPROPER_ACTION
2734689,2,OTHER_97,-112.091285719751,33.5012750187722,3,T_INTERSECTION,OTHER_97,PHOENIX,2013-04-20 12:18:00,DROVE_RODE_IN_OPPOSING_TRAFFIC_LANE,NO_IMPROPER_ACTION
2734870,2,ANGLE_FRONT_TO_SIDE,-112.011505629556,33.480480954373,3,UNKNOWN_99,ANGLE_FRONT_TO_SIDE,PHOENIX,2013-04-04 12:23:00,FAILED_TO_YIELD_RIGHT_OF_WAY_103,NO_IMPROPER_ACTION
2735139,2,ANGLE_FRONT_TO_SIDE,-112.133774607252,33.6270370554014,3,T_INTERSECTION,ANGLE_FRONT_TO_SIDE,PHOENIX,2013-04-08 08:08:00,FAILED_TO_YIELD_RIGHT_OF_WAY_103,INATTENTION_DISTRACTION
2735151,2,ANGLE_FRONT_TO_SIDE,-112.114832308437,33.5094489322095,2,T_INTERSECTION,ANGLE_FRONT_TO_SIDE,PHOENIX,2013-04-09 11:40:00,INATTENTION_DISTRACTION,NO_IMPROPER_ACTION
2735170,2,ANGLE_FRONT_TO_SIDE,-112.012915373016,33.4805289855527,1,FOUR_WAY_INTERSECTION,ANGLE_FRONT_TO_SIDE,PHOENIX,2013-04-10 18:34:00,DISREGARDED_TRAFFIC_SIGNAL,NOT_APPLICABLE_MINUS_1+NOT_APPLICABLE_MINUS_1+NOT_APPLICABLE_MINUS_1+NO_IMPROPER_ACTION
2735175,2,OTHER_97,-111.928155192496,33.3194536283692,2,UNKNOWN_99,OTHER_97,CHANDLER,2013-03-06 13:24:00,WALKED_ON_WRONG_SIDE_OF_ROAD,INATTENTION_DISTRACTION
2735176,2,ANGLE_FRONT_TO_SIDE,-111.837445375148,33.3061698916583,3,FOUR_WAY_INTERSECTION,ANGLE_FRONT_TO_SIDE,CHANDLER,2013-03-06 12:50:00,DROVE_RODE_IN_OPPOSING_TRAFFIC_LANE,NO_IMPROPER_ACTION
2735193,2,ANGLE_FRONT_TO_SIDE,-111.878103693119,33.3495188552857,1,UNKNOWN_99,ANGLE_FRONT_TO_SIDE,CHANDLER,2013-03-05 13:56:00,NO_IMPROPER_ACTION,MADE_IMPROPER_TURN
2735209,2,OTHER_97,-111.841606301164,33.3206485446828,3,FOUR_WAY_INTERSECTION,OTHER_97,CHANDLER,2013-03-01 22:59:00,NO_IMPROPER_ACTION,INATTENTION_DISTRACTION
2735230,2,SIDESWIPE_SAME_DIRECTION,-112.00660300977,33.3052028008225,3,UNKNOWN_99,SIDESWIPE_SAME_DIRECTION,PHOENIX,2013-04-18 18:30:00,NO_IMPROPER_ACTION,INATTENTION_DISTRACTION
2735248,2,ANGLE_FRONT_TO_SIDE,-112.142690047663,33.6003110717717,2,T_INTERSECTION,ANGLE_FRONT_TO_SIDE,PHOENIX,2013-04-18 07:54:00,INATTENTION_DISTRACTION,NO_IMPROPER_ACTION+NOT_APPLICABLE_MINUS_1
2735297,2,LEFT_TURN,-112.124511595592,33.5166777305412,2,T_INTERSECTION,LEFT_TURN,PHOENIX,2013-04-11 17:54:00,OTHER_97,NO_IMPROPER_ACTION
2735481,2,ANGLE_FRONT_TO_SIDE,-111.648066135692,35.1971672877998,3,T_INTERSECTION,ANGLE_FRONT_TO_SIDE,FLAGSTAFF,2013-06-19 20:33:00,NO_IMPROPER_ACTION,INATTENTION_DISTRACTION
2735507,2,ANGLE_FRONT_TO_SIDE,-111.753967483264,33.3791584066522,1,FOUR_WAY_INTERSECTION,ANGLE_FRONT_TO_SIDE,GILBERT,2013-06-24 14:25:00,NO_IMPROPER_ACTION,OTHER_97
2735512,2,ANGLE_FRONT_TO_SIDE,-111.738086007659,33.3357472197724,1,FOUR_WAY_INTERSECTION,ANGLE_FRONT_TO_SIDE,GILBERT,2013-06-26 14:24:00,INATTENTION_DISTRACTION,NOT_APPLICABLE_MINUS_1+NO_IMPROPER_ACTION+NOT_APPLICABLE_MINUS_1
2735558,2,SIDESWIPE_SAME_DIRECTION,-110.844519840691,32.3103105276958,1,FOUR_WAY_INTERSECTION,SIDESWIPE_SAME_DIRECTION,UNSPECIFIED_999,2013-06-12 18:49:00,NO_IMPROPER_ACTION,FAILED_TO_KEEP_IN_PROPER_LANE
2735816,2,ANGLE_FRONT_TO_SIDE,-110.909213715133,32.1631330590445,3,FOUR_WAY_INTERSECTION,ANGLE_FRONT_TO_SIDE,UNSPECIFIED_999,2013-06-14 05:44:00,NO_IMPROPER_ACTION,FAILED_TO_YIELD_RIGHT_OF_WAY_103
2735857,2,ANGLE_FRONT_TO_SIDE,-112.263850126296,33.5085410505181,2,FOUR_WAY_INTERSECTION,ANGLE_FRONT_TO_SIDE,UNSPECIFIED_999,2013-05-09 22:17:00,DISREGARDED_TRAFFIC_SIGNAL,NO_IMPROPER_ACTION
2735872,2,ANGLE_FRONT_TO_SIDE,-112.16024645903,33.5530993524399,3,FOUR_WAY_INTERSECTION,ANGLE_FRONT_TO_SIDE,GLENDALE,2013-05-01 07:20:00,NO_IMPROPER_ACTION,FAILED_TO_YIELD_RIGHT_OF_WAY_103
2735920,2,ANGLE_FRONT_TO_SIDE,-112.177382360396,33.5385394898918,1,FOUR_WAY_INTERSECTION,ANGLE_FRONT_TO_SIDE,GLENDALE,2013-04-29 15:24:00,FAILED_TO_YIELD_RIGHT_OF_WAY_103,NO_IMPROPER_ACTION
2735938,2,ANGLE_FRONT_TO_SIDE,-112.195174104091,33.638569824696,2,T_INTERSECTION,ANGLE_FRONT_TO_SIDE,GLENDALE,2013-04-26 10:28:00,INATTENTION_DISTRACTION,INATTENTION_DISTRACTION
2735996,2,ANGLE_FRONT_TO_SIDE,-112.185838332959,33.6107584870465,3,FOUR_WAY_INTERSECTION,ANGLE_FRONT_TO_SIDE,GLENDALE,2013-05-21 11:14:00,FAILED_TO_YIELD_RIGHT_OF_WAY_103,NOT_APPLICABLE_MINUS_1+NO_IMPROPER_ACTION
2736010,2,UNKNOWN_99,-112.186047018876,33.5891398358988,2,FOUR_WAY_INTERSECTION,UNKNOWN_99,GLENDALE,2013-05-06 08:41:00,NO_IMPROPER_ACTION,INATTENTION_DISTRACTION
2736016,2,ANGLE_FRONT_TO_SIDE,-112.195016188512,33.5239571468791,3,FOUR_WAY_INTERSECTION,ANGLE_FRONT_TO_SIDE,GLENDALE,2013-05-02 13:40:00,UNKNOWN_99,UNKNOWN_99
2736087,2,ANGLE_FRONT_TO_SIDE,-112.203098706881,33.5310789054339,1,FOUR_WAY_INTERSECTION,ANGLE_FRONT_TO_SIDE,GLENDALE,2013-05-12 06:28:00,NO_IMPROPER_ACTION,FAILED_TO_YIELD_RIGHT_OF_WAY_103
2736110,2,HEAD_ON,-112.199324757014,33.5383840876766,1,UNKNOWN_99,HEAD_ON,GLENDALE,2013-05-13 18:00:00,INATTENTION_DISTRACTION,NO_IMPROPER_ACTION+NOT_APPLICABLE_MINUS_1+NOT_APPLICABLE_MINUS_1
2736124,2,ANGLE_FRONT_TO_SIDE,-112.22459300312,33.6381977536984,3,FOUR_WAY_INTERSECTION,ANGLE_FRONT_TO_SIDE,GLENDALE,2013-05-17 21:28:00,DISREGARDED_TRAFFIC_SIGNAL,NO_IMPROPER_ACTION
2736183,2,LEFT_TURN,-112.147738719629,33.5870352927683,3,NOT_AT_INTERSECTION_0,LEFT_TURN,PHOENIX,2013-03-17 17:37:00,INATTENTION_DISTRACTION,NO_IMPROPER_ACTION
2736199,2,OTHER_97,-112.190277893033,33.5421881735731,2,FOUR_WAY_INTERSECTION,OTHER_97,GLENDALE,2013-05-23 00:42:00,NO_IMPROPER_ACTION,UNKNOWN_99
2736200,2,ANGLE_FRONT_TO_SIDE,0,0,1,T_INTERSECTION,ANGLE_FRONT_TO_SIDE,SIERRA VISTA,2013-06-07 12:14:00,NO_IMPROPER_ACTION,FAILED_TO_YIELD_RIGHT_OF_WAY_103
2736243,2,ANGLE_FRONT_TO_SIDE,-112.133786738111,33.6106987406474,2,FOUR_WAY_INTERSECTION,ANGLE_FRONT_TO_SIDE,PHOENIX,2013-06-28 06:21:00,UNKNOWN_99,UNKNOWN_99
2736317,2,REAR_END,-110.973044685821,32.1995325754631,3,FOUR_WAY_INTERSECTION,REAR_END,SOUTH TUCSON,2013-06-23 22:02:00,NO_IMPROPER_ACTION,INATTENTION_DISTRACTION
2736323,2,ANGLE_FRONT_TO_SIDE,-111.939593298264,33.3929278595834,3,FOUR_WAY_INTERSECTION,ANGLE_FRONT_TO_SIDE,TEMPE,2013-06-18 22:19:00,DISREGARDED_TRAFFIC_SIGNAL,NO_IMPROPER_ACTION
2736345,2,ANGLE_FRONT_TO_SIDE,-111.99436773554,33.7265375180126,2,FOUR_WAY_INTERSECTION,ANGLE_FRONT_TO_SIDE,PHOENIX,2013-03-23 09:38:00,UNKNOWN_99,NOT_APPLICABLE_MINUS_1+FAILED_TO_YIELD_RIGHT_OF_WAY_103
2736349,2,ANGLE_FRONT_TO_SIDE,-112.093372981475,33.5860000934144,2,UNKNOWN_99,ANGLE_FRONT_TO_SIDE,PHOENIX,2013-03-24 14:35:00,FAILED_TO_YIELD_RIGHT_OF_WAY_103,NO_IMPROPER_ACTION
2736424,2,ANGLE_FRONT_TO_SIDE,-111.646470253501,35.2060357047006,2,FOUR_WAY_INTERSECTION,ANGLE_FRONT_TO_SIDE,FLAGSTAFF,2013-06-20 13:08:00,DISREGARDED_TRAFFIC_SIGNAL,NO_IMPROPER_ACTION
2736435,2,ANGLE_FRONT_TO_SIDE,-111.938617911868,33.3782099149675,3,UNKNOWN_99,ANGLE_FRONT_TO_SIDE,TEMPE,2013-06-12 06:45:00,NO_IMPROPER_ACTION,FAILED_TO_YIELD_RIGHT_OF_WAY_103
2736457,2,ANGLE_FRONT_TO_SIDE,-111.962101918145,33.3491094895628,2,UNKNOWN_99,ANGLE_FRONT_TO_SIDE,TEMPE,2013-06-19 15:33:00,INATTENTION_DISTRACTION,NOT_APPLICABLE_MINUS_1+NO_IMPROPER_ACTION
2736494,2,UNKNOWN_99,0,0,1,UNKNOWN_99,UNKNOWN_99,UNSPECIFIED_999,2013-04-06 22:51:00,NO_IMPROPER_ACTION,UNKNOWN_99
2736507,2,ANGLE_FRONT_TO_SIDE,-112.342729155955,34.5830520001233,1,FOUR_WAY_INTERSECTION,ANGLE_FRONT_TO_SIDE,PRESCOTT VALLEY,2013-06-06 14:33:00,UNKNOWN_99,UNKNOWN_99
2736511,2,ANGLE_FRONT_TO_SIDE,-111.915234767058,33.4075011097851,2,UNKNOWN_99,ANGLE_FRONT_TO_SIDE,TEMPE,2013-06-17 10:33:00,OTHER_97,NO_IMPROPER_ACTION
2736821,2,ANGLE_FRONT_TO_SIDE,-112.202832928559,33.5811544431056,2,FOUR_WAY_INTERSECTION,ANGLE_FRONT_TO_SIDE,GLENDALE,2013-05-17 21:54:00,OTHER_97,UNKNOWN_99
2736867,2,ANGLE_FRONT_TO_SIDE,-111.734647947281,32.8795874148736,2,T_INTERSECTION,ANGLE_FRONT_TO_SIDE,CASA GRANDE,2013-06-30 15:09:00,NO_IMPROPER_ACTION,NO_IMPROPER_ACTION
2736910,2,SIDESWIPE_SAME_DIRECTION,-110.891966619682,32.3083890160827,2,FOUR_WAY_INTERSECTION,SIDESWIPE_SAME_DIRECTION,UNSPECIFIED_999,2013-06-19 09:41:00,NO_IMPROPER_ACTION,FAILED_TO_YIELD_RIGHT_OF_WAY_103
2736998,2,OTHER_97,-110.974813471984,32.320668017109,3,NOT_AT_INTERSECTION_0,OTHER_97,UNSPECIFIED_999,2013-07-05 11:52:00,NO_IMPROPER_ACTION,INATTENTION_DISTRACTION
2737060,2,OTHER_97,-111.563392927354,33.4223517603264,4,FOUR_WAY_INTERSECTION,OTHER_97,APACHE JUNCTION,2013-06-19 20:16:00,DROVE_RODE_IN_OPPOSING_TRAFFIC_LANE,NO_IMPROPER_ACTION
2737123,2,OTHER_97,-112.018161767694,33.6405787367362,2,T_INTERSECTION,OTHER_97,PHOENIX,2013-04-17 18:25:00,NO_IMPROPER_ACTION,OTHER_97
2737128,2,LEFT_TURN,-112.082261956955,33.5093568733143,1,FOUR_WAY_INTERSECTION,LEFT_TURN,PHOENIX,2013-03-20 21:05:00,DISREGARDED_TRAFFIC_SIGNAL,NO_IMPROPER_ACTION
2737171,2,ANGLE_FRONT_TO_SIDE,-111.969569019036,33.480020972081,3,FOUR_WAY_INTERSECTION,ANGLE_FRONT_TO_SIDE,PHOENIX,2013-04-25 16:59:00,NO_IMPROPER_ACTION,INATTENTION_DISTRACTION
2737197,2,ANGLE_FRONT_TO_SIDE,-112.05892144831,33.4599286889124,3,FOUR_WAY_INTERSECTION,ANGLE_FRONT_TO_SIDE,PHOENIX,2013-04-24 06:58:00,NO_IMPROPER_ACTION,OTHER_97
2737206,2,OTHER_97,-112.083536031847,33.4513929520831,1,NOT_REPORTED_255,OTHER_97,PHOENIX,2013-04-23 09:27:00,UNKNOWN_99,UNKNOWN_99+NOT_APPLICABLE_MINUS_1
2737248,2,ANGLE_FRONT_TO_SIDE,-112.056239150145,33.5175754997695,3,UNKNOWN_99,ANGLE_FRONT_TO_SIDE,PHOENIX,2013-04-12 19:44:00,NO_IMPROPER_ACTION,FAILED_TO_YIELD_RIGHT_OF_WAY_103
2737257,2,ANGLE_FRONT_TO_SIDE,-112.077954638881,33.568535937952,3,UNKNOWN_99,ANGLE_FRONT_TO_SIDE,PHOENIX,2013-04-12 18:28:00,OTHER_97,NO_IMPROPER_ACTION
2737305,2,ANGLE_FRONT_TO_SIDE,-111.995806381707,33.3203442999474,3,UNKNOWN_99,ANGLE_FRONT_TO_SIDE,PHOENIX,2013-04-24 17:13:00,OTHER_97,NO_IMPROPER_ACTION+NOT_APPLICABLE_MINUS_1
2737324,2,HEAD_ON,-112.134521631407,33.4224173884896,2,T_INTERSECTION,HEAD_ON,PHOENIX,2013-04-21 09:50:00,OTHER_97,NO_IMPROPER_ACTION
2737330,2,ANGLE_FRONT_TO_SIDE,-111.980283074722,33.6405765431104,2,FOUR_WAY_INTERSECTION,ANGLE_FRONT_TO_SIDE,PHOENIX,2013-03-20 14:41:00,UNKNOWN_99,UNKNOWN_99
2737332,2,HEAD_ON,-112.099127837121,33.3779240340691,3,FOUR_WAY_INTERSECTION,HEAD_ON,PHOENIX,2013-04-20 17:59:00,DID_NOT_USE_CROSSWALK,NO_IMPROPER_ACTION
2737369,2,ANGLE_FRONT_TO_SIDE,-112.046933330968,33.4947015210676,3,UNKNOWN_99,ANGLE_FRONT_TO_SIDE,PHOENIX,2013-04-16 15:09:00,OTHER_97,NOT_APPLICABLE_MINUS_1+NOT_APPLICABLE_MINUS_1+OTHER_97
2737396,2,ANGLE_FRONT_TO_SIDE,-112.139636762213,33.4663589569508,3,UNKNOWN_99,ANGLE_FRONT_TO_SIDE,PHOENIX,2013-04-25 08:29:00,INATTENTION_DISTRACTION,NO_IMPROPER_ACTION+NOT_APPLICABLE_MINUS_1
2737403,2,SIDESWIPE_SAME_DIRECTION,-111.950251248215,33.5969350783378,2,NOT_AT_INTERSECTION_0,SIDESWIPE_SAME_DIRECTION,SCOTTSDALE,2013-04-26 17:13:00,NO_IMPROPER_ACTION,OTHER_97
2737613,2,OTHER_97,-112.115970654472,33.6253281116944,1,FOUR_WAY_INTERSECTION,OTHER_97,PHOENIX,2013-07-08 10:23:00,DISREGARDED_TRAFFIC_SIGNAL,NO_IMPROPER_ACTION
2737857,2,ANGLE_FRONT_TO_SIDE,-111.778443321823,33.429958253956,3,UNKNOWN_99,ANGLE_FRONT_TO_SIDE,MESA,2013-05-16 08:01:00,NO_IMPROPER_ACTION,NOT_APPLICABLE_MINUS_1+NO_IMPROPER_ACTION
2737999,2,ANGLE_FRONT_TO_SIDE,-111.635930104224,33.3646503454808,3,FOUR_WAY_INTERSECTION,ANGLE_FRONT_TO_SIDE,MESA,2013-05-07 06:06:00,NO_IMPROPER_ACTION,NO_IMPROPER_ACTION
2738011,2,ANGLE_FRONT_TO_SIDE,-111.88305171258,33.4148139222806,2,FOUR_WAY_INTERSECTION,ANGLE_FRONT_TO_SIDE,MESA,2013-05-28 19:06:00,OTHER_97,NO_IMPROPER_ACTION
2738024,2,SIDESWIPE_SAME_DIRECTION,-111.81353684495,33.3933527790299,3,FOUR_WAY_INTERSECTION,SIDESWIPE_SAME_DIRECTION,MESA,2013-05-21 16:03:00,OTHER_97,OTHER_UNSAFE_PASSING
2738045,2,ANGLE_FRONT_TO_SIDE,-111.796193117654,33.4298239472685,3,FOUR_WAY_INTERSECTION,ANGLE_FRONT_TO_SIDE,MESA,2013-05-22 07:14:00,DROVE_RODE_IN_OPPOSING_TRAFFIC_LANE,NO_IMPROPER_ACTION
2738158,2,ANGLE_FRONT_TO_SIDE,-111.848539560699,33.3990081810926,3,FOUR_WAY_INTERSECTION,ANGLE_FRONT_TO_SIDE,MESA,2013-05-23 11:55:00,OTHER_97,OTHER_97
2738162,2,SIDESWIPE_SAME_DIRECTION,-111.840060193769,33.3932610936504,3,FOUR_WAY_INTERSECTION,SIDESWIPE_SAME_DIRECTION,MESA,2013-05-22 14:22:00,NO_IMPROPER_ACTION,OTHER_97+NOT_APPLICABLE_MINUS_1
2738194,2,ANGLE_FRONT_TO_SIDE,-111.835224357055,33.4060352681052,2,UNKNOWN_99,ANGLE_FRONT_TO_SIDE,MESA,2013-05-11 19:19:00,INATTENTION_DISTRACTION,NO_IMPROPER_ACTION+NOT_APPLICABLE_MINUS_1
2738365,2,ANGLE_FRONT_TO_SIDE,-112.345393236656,33.4498531598664,1,FOUR_WAY_INTERSECTION,ANGLE_FRONT_TO_SIDE,AVONDALE,2013-07-03 11:37:00,INATTENTION_DISTRACTION,INATTENTION_DISTRACTION
2738621,2,ANGLE_FRONT_TO_SIDE,-111.846160095606,33.4222878416215,1,FOUR_WAY_INTERSECTION,ANGLE_FRONT_TO_SIDE,MESA,2013-05-03 15:35:00,NO_IMPROPER_ACTION,NO_IMPROPER_ACTION
2738723,2,ANGLE_FRONT_TO_SIDE,-111.820483226903,33.4077865062701,2,FOUR_WAY_INTERSECTION,ANGLE_FRONT_TO_SIDE,MESA,2013-06-21 15:40:00,DROVE_RODE_IN_OPPOSING_TRAFFIC_LANE,NOT_APPLICABLE_MINUS_1+NO_IMPROPER_ACTION
2738737,2,ANGLE_FRONT_TO_SIDE,-111.754444823225,33.3936938439216,3,UNKNOWN_99,ANGLE_FRONT_TO_SIDE,MESA,2013-06-01 17:53:00,OTHER_97,NO_IMPROPER_ACTION
2738903,2,OTHER_97,-112.255670835853,33.5087799281449,2,FOUR_WAY_INTERSECTION,OTHER_97,GLENDALE,2013-05-21 08:42:00,INATTENTION_DISTRACTION,NO_IMPROPER_ACTION
2738955,2,UNKNOWN_99,-110.909093043814,32.2506197011977,2,UNKNOWN_99,UNKNOWN_99,TUCSON,2013-06-18 15:10:00,NO_IMPROPER_ACTION,FAILED_TO_YIELD_RIGHT_OF_WAY_103
2738964,2,ANGLE_FRONT_TO_SIDE,-110.890552175494,32.2506514637065,3,FOUR_WAY_INTERSECTION,ANGLE_FRONT_TO_SIDE,TUCSON,2013-06-13 12:35:00,DROVE_RODE_IN_OPPOSING_TRAFFIC_LANE,NO_IMPROPER_ACTION
2738977,2,OTHER_97,-110.909593713688,32.2215619536171,4,FOUR_WAY_INTERSECTION,OTHER_97,TUCSON,2013-06-27 06:49:00,NO_IMPROPER_ACTION,FAILED_TO_YIELD_RIGHT_OF_WAY_103
2739028,2,SIDESWIPE_SAME_DIRECTION,-110.892620887002,32.2533702446618,2,FOUR_WAY_INTERSECTION,SIDESWIPE_SAME_DIRECTION,TUCSON,2013-06-14 10:24:00,UNKNOWN_99,UNKNOWN_99
2739046,2,ANGLE_FRONT_TO_SIDE,-110.875096885063,32.2025019646538,3,FOUR_WAY_INTERSECTION,ANGLE_FRONT_TO_SIDE,TUCSON,2013-06-14 08:22:00,UNKNOWN_99,NO_IMPROPER_ACTION
2739131,2,LEFT_TURN,-111.799343082344,33.60000518199,4,T_INTERSECTION,LEFT_TURN,SCOTTSDALE,2013-04-13 08:48:00,NO_IMPROPER_ACTION,OTHER_97
2739133,2,OTHER_97,-110.875408275304,32.2466683624054,4,T_INTERSECTION,OTHER_97,TUCSON,2013-06-25 20:10:00,NO_IMPROPER_ACTION,FAILED_TO_YIELD_RIGHT_OF_WAY_103
2739244,2,OTHER_97,-110.978240090197,32.2828229288281,1,FOUR_WAY_INTERSECTION,OTHER_97,TUCSON,2013-06-20 14:57:00,NO_IMPROPER_ACTION,NO_IMPROPER_ACTION
2739323,2,ANGLE_FRONT_TO_SIDE,-112.151828583276,33.6409625428997,2,NOT_AT_INTERSECTION_0,ANGLE_FRONT_TO_SIDE,PHOENIX,2013-07-18 10:45:00,OTHER_97,FAILED_TO_YIELD_RIGHT_OF_WAY_103
2739327,2,LEFT_TURN,-112.065582984698,33.6548372953191,2,FOUR_WAY_INTERSECTION,LEFT_TURN,PHOENIX,2013-06-08 06:18:00,NO_IMPROPER_ACTION,NOT_APPLICABLE_MINUS_1+FAILED_TO_YIELD_RIGHT_OF_WAY_103