IncidentID,num_vehicles_involved,eCollisionManner,Longitude,Latitude,InjurySeverity,eIntersectionType,eCollisionManner,city_name,IncidentDateTime,cyclist_citations,driver_citations
2739537,2,ANGLE_FRONT_TO_SIDE,-112.117260578667,33.6677428087589,3,NOT_AT_INTERSECTION_0,ANGLE_FRONT_TO_SIDE,PHOENIX,2013-04-28 19:54:00,DISREGARDED_TRAFFIC_SIGNAL,NOT_APPLICABLE_MINUS_1+NO_IMPROPER_ACTION+NOT_APPLICABLE_MINUS_1
2739594,3,HEAD_ON,-111.972369695623,33.465581488872,3,UNKNOWN_99,HEAD_ON,PHOENIX,2013-04-01 19:51:00,KNOWINGLY_OPERATED_WITH_FAULTY_MISSING_EQUIPMENT+KNOWINGLY_OPERATED_WITH_FAULTY_MISSING_EQUIPMENT,NO_IMPROPER_ACTION
2739654,2,ANGLE_FRONT_TO_SIDE,-112.162304292065,33.4659718586781,2,T_INTERSECTION,ANGLE_FRONT_TO_SIDE,PHOENIX,2013-04-18 18:03:00,FAILED_TO_YIELD_RIGHT_OF_WAY_103,NO_IMPROPER_ACTION
2739734,2,OTHER_97,-112.045816865435,33.4067860138934,2,UNKNOWN_99,OTHER_97,PHOENIX,2013-04-25 21:56:00,DROVE_RODE_IN_OPPOSING_TRAFFIC_LANE,NO_IMPROPER_ACTION
2739740,2,OTHER_97,-112.112731069311,33.5422289889509,4,UNKNOWN_99,OTHER_97,PHOENIX,2013-04-25 17:31:00,UNKNOWN_99,UNKNOWN_99
2739793,2,ANGLE_FRONT_TO_SIDE,-112.05628564598,33.5378809785377,3,UNKNOWN_99,ANGLE_FRONT_TO_SIDE,PHOENIX,2013-04-30 07:17:00,NO_IMPROPER_ACTION,FAILED_TO_YIELD_RIGHT_OF_WAY_103
2739822,2,ANGLE_FRONT_TO_SIDE,-112.030191475942,33.4803018057421,2,FOUR_WAY_INTERSECTION,ANGLE_FRONT_TO_SIDE,PHOENIX,2013-07-10 08:46:00,NO_IMPROPER_ACTION,UNKNOWN_99
2739913,2,OTHER_97,-110.943928965514,32.2215109148232,5,FOUR_WAY_INTERSECTION,OTHER_97,TUCSON,2013-07-03 17:32:00,INATTENTION_DISTRACTION,NO_IMPROPER_ACTION
2739980,2,OTHER_97,-110.985677907566,32.2865155631143,4,UNKNOWN_99,OTHER_97,TUCSON,2013-07-02 12:51:00,DROVE_RODE_IN_OPPOSING_TRAFFIC_LANE,NO_IMPROPER_ACTION
2740008,2,OTHER_97,-110.960988691114,32.264812964072,1,FOUR_WAY_INTERSECTION,OTHER_97,TUCSON,2013-07-14 17:10:00,DISREGARDED_TRAFFIC_SIGNAL,NO_IMPROPER_ACTION
2740035,2,ANGLE_FRONT_TO_SIDE,-110.968473341011,32.2048084081075,2,UNKNOWN_99,ANGLE_FRONT_TO_SIDE,TUCSON,2013-07-06 17:21:00,DID_NOT_USE_CROSSWALK,NOT_APPLICABLE_MINUS_1+NOT_APPLICABLE_MINUS_1+NOT_APPLICABLE_MINUS_1+NO_IMPROPER_ACTION+NOT_APPLICABLE_MINUS_1
2740073,2,ANGLE_FRONT_TO_SIDE,-111.967367563642,33.3783366858666,1,FOUR_WAY_INTERSECTION,ANGLE_FRONT_TO_SIDE,TEMPE,2013-06-17 18:54:00,NO_IMPROPER_ACTION,NO_IMPROPER_ACTION
2740081,2,OTHER_97,-110.972030658235,32.2647558419813,2,FOUR_WAY_INTERSECTION,OTHER_97,TUCSON,2013-07-07 20:33:00,FAILED_TO_KEEP_IN_PROPER_LANE,NOT_APPLICABLE_MINUS_1+FAILED_TO_YIELD_RIGHT_OF_WAY_103
2740100,2,ANGLE_FRONT_TO_SIDE,-110.996650656806,32.1778759842128,4,UNKNOWN_99,ANGLE_FRONT_TO_SIDE,TUCSON,2013-07-08 20:12:00,OTHER_UNSAFE_PASSING,NO_IMPROPER_ACTION
2740128,2,ANGLE_FRONT_TO_SIDE,-111.939615237009,33.394518078452,3,UNKNOWN_99,ANGLE_FRONT_TO_SIDE,TEMPE,2013-06-19 17:39:00,NO_IMPROPER_ACTION,FAILED_TO_YIELD_RIGHT_OF_WAY_103
2740151,2,LEFT_TURN,-110.961768758016,32.1195376500121,3,UNKNOWN_99,LEFT_TURN,TUCSON,2013-07-09 18:45:00,NO_IMPROPER_ACTION,FAILED_TO_YIELD_RIGHT_OF_WAY_103
2740158,2,ANGLE_FRONT_TO_SIDE,-111.945973544138,33.3780744469986,2,NOT_AT_INTERSECTION_0,ANGLE_FRONT_TO_SIDE,TEMPE,2013-07-01 10:40:00,OTHER_97,NO_IMPROPER_ACTION
2740175,2,HEAD_ON,-111.929247258329,33.3637487008459,2,T_INTERSECTION,HEAD_ON,TEMPE,2013-06-21 12:54:00,OTHER_97,NO_IMPROPER_ACTION
2740206,2,ANGLE_FRONT_TO_SIDE,-111.912650027104,33.4585288568882,2,FOUR_WAY_INTERSECTION,ANGLE_FRONT_TO_SIDE,SCOTTSDALE,2013-05-01 12:22:00,NO_IMPROPER_ACTION,INATTENTION_DISTRACTION
2740254,2,ANGLE_FRONT_TO_SIDE,-111.646470253501,35.2060357047006,3,FOUR_WAY_INTERSECTION,ANGLE_FRONT_TO_SIDE,FLAGSTAFF,2013-05-20 08:01:00,NO_IMPROPER_ACTION,INATTENTION_DISTRACTION
2740456,2,OTHER_97,-112.257904491945,33.5663050872058,2,NOT_AT_INTERSECTION_0,OTHER_97,PEORIA,2013-07-18 10:03:00,DROVE_RODE_IN_OPPOSING_TRAFFIC_LANE,DISREGARDED_TRAFFIC_SIGNAL
2740544,2,ANGLE_FRONT_TO_SIDE,-111.876439644162,33.3404727138052,1,T_INTERSECTION,ANGLE_FRONT_TO_SIDE,CHANDLER,2013-03-12 14:18:00,OTHER_97,NOT_APPLICABLE_MINUS_1+SPEED_TOO_FAST_FOR_CONDITIONS+NOT_APPLICABLE_MINUS_1+NOT_APPLICABLE_MINUS_1
2740564,2,ANGLE_FRONT_TO_SIDE,-111.564880994924,33.1605536394744,3,FOUR_WAY_INTERSECTION,ANGLE_FRONT_TO_SIDE,UNSPECIFIED_999,2013-06-05 16:40:00,NO_IMPROPER_ACTION,FAILED_TO_YIELD_RIGHT_OF_WAY_103
2740577,2,UNKNOWN_99,-111.841778433596,33.3451753691931,3,T_INTERSECTION,UNKNOWN_99,CHANDLER,2013-03-14 23:34:00,NO_IMPROPER_ACTION,RAN_STOP_SIGN
2740656,2,OTHER_97,-111.841615986202,33.2951924837344,3,UNKNOWN_99,OTHER_97,CHANDLER,2013-03-16 11:17:00,NO_IMPROPER_ACTION,OTHER_97
2740823,2,ANGLE_FRONT_TO_SIDE,-111.841479845604,33.311600584881,3,FOUR_WAY_INTERSECTION,ANGLE_FRONT_TO_SIDE,CHANDLER,2013-03-21 17:05:00,UNKNOWN_99,UNKNOWN_99
2740857,2,REAR_END,-111.941977921957,33.3053658706672,3,UNKNOWN_99,REAR_END,CHANDLER,2013-03-23 12:13:00,NO_IMPROPER_ACTION,INATTENTION_DISTRACTION
2740948,2,LEFT_TURN,-111.859090008504,33.3097075116978,3,FOUR_WAY_INTERSECTION,LEFT_TURN,CHANDLER,2013-03-09 20:03:00,MADE_IMPROPER_TURN,NO_IMPROPER_ACTION
2740975,2,REAR_END,-112.224375589041,33.6350782487385,3,UNKNOWN_99,REAR_END,PEORIA,2013-06-23 00:10:00,NO_IMPROPER_ACTION,FAILED_TO_KEEP_IN_PROPER_LANE
2741008,2,ANGLE_FRONT_TO_SIDE,-111.840073762043,33.3061632941698,3,T_INTERSECTION,ANGLE_FRONT_TO_SIDE,CHANDLER,2013-03-08 11:30:00,UNKNOWN_99,UNKNOWN_99
2741025,2,ANGLE_FRONT_TO_SIDE,-111.87625892503,33.2942836933067,1,FOUR_WAY_INTERSECTION,ANGLE_FRONT_TO_SIDE,CHANDLER,2013-03-23 08:39:00,NO_IMPROPER_ACTION,NOT_APPLICABLE_MINUS_1+OTHER_97
2741045,2,OTHER_97,-111.815306669813,33.2371398583125,2,UNKNOWN_99,OTHER_97,CHANDLER,2013-03-27 08:53:00,OTHER_97,NO_IMPROPER_ACTION
2741059,2,ANGLE_FRONT_TO_SIDE,-111.859075305178,33.3346723908719,1,UNKNOWN_99,ANGLE_FRONT_TO_SIDE,CHANDLER,2013-03-13 15:59:00,DROVE_RODE_IN_OPPOSING_TRAFFIC_LANE,INATTENTION_DISTRACTION
2741102,2,SIDESWIPE_OPPOSITE_DIRECTION,-111.876377069296,33.3182543563043,1,T_INTERSECTION,SIDESWIPE_OPPOSITE_DIRECTION,CHANDLER,2013-04-03 16:23:00,INATTENTION_DISTRACTION,NO_IMPROPER_ACTION
2741110,2,ANGLE_FRONT_TO_SIDE,-111.832965148683,33.2916386314,2,FOUR_WAY_INTERSECTION,ANGLE_FRONT_TO_SIDE,CHANDLER,2013-03-18 13:17:00,OTHER_97,OTHER_97
2741114,2,UNKNOWN_99,-111.928613791632,33.3054387459964,3,UNKNOWN_99,UNKNOWN_99,CHANDLER,2013-03-18 17:18:00,INATTENTION_DISTRACTION,INATTENTION_DISTRACTION
2741125,2,ANGLE_FRONT_TO_SIDE,-111.841696990257,33.3306865504545,1,UNKNOWN_99,ANGLE_FRONT_TO_SIDE,CHANDLER,2013-03-13 14:41:00,OTHER_97,INATTENTION_DISTRACTION
2741139,2,SIDESWIPE_SAME_DIRECTION,-111.796700835682,33.3064389845086,4,UNKNOWN_99,SIDESWIPE_SAME_DIRECTION,CHANDLER,2013-04-02 11:17:00,NO_IMPROPER_ACTION,FAILED_TO_KEEP_IN_PROPER_LANE+NOT_APPLICABLE_MINUS_1
2741391,2,ANGLE_FRONT_TO_SIDE,-112.131289722636,33.6108224390825,4,NOT_AT_INTERSECTION_0,ANGLE_FRONT_TO_SIDE,PHOENIX,2013-07-18 11:34:00,NO_IMPROPER_ACTION,NO_IMPROPER_ACTION
2741459,2,UNKNOWN_99,-112.177635582046,33.4949011559787,2,FOUR_WAY_INTERSECTION,UNKNOWN_99,PHOENIX,2013-04-22 19:09:00,INATTENTION_DISTRACTION,NO_IMPROPER_ACTION
2741472,2,ANGLE_FRONT_TO_SIDE,-112.015795368428,33.6226116798721,3,UNKNOWN_99,ANGLE_FRONT_TO_SIDE,PHOENIX,2013-05-01 08:03:00,INATTENTION_DISTRACTION,NO_IMPROPER_ACTION
2741524,2,ANGLE_FRONT_TO_SIDE,-112.14320843296,33.6544896987096,3,FOUR_WAY_INTERSECTION,ANGLE_FRONT_TO_SIDE,PHOENIX,2013-05-02 07:01:00,DROVE_RODE_IN_OPPOSING_TRAFFIC_LANE,KNOWINGLY_OPERATED_WITH_FAULTY_MISSING_EQUIPMENT
2741567,2,SIDESWIPE_SAME_DIRECTION,-111.744231264588,33.3791939017793,4,UNKNOWN_99,SIDESWIPE_SAME_DIRECTION,MESA,2013-07-17 20:52:00,FAILED_TO_KEEP_IN_PROPER_LANE,NO_IMPROPER_ACTION
2741593,2,ANGLE_FRONT_TO_SIDE,-112.358164821811,33.4572179312522,3,Y_INTERSECTION,ANGLE_FRONT_TO_SIDE,GOODYEAR,2013-07-16 15:43:00,NO_IMPROPER_ACTION,NOT_APPLICABLE_MINUS_1+NOT_APPLICABLE_MINUS_1+FAILED_TO_YIELD_RIGHT_OF_WAY_103
2741600,2,ANGLE_FRONT_TO_SIDE,-112.161605530757,33.4840672976809,3,UNKNOWN_99,ANGLE_FRONT_TO_SIDE,PHOENIX,2013-05-06 16:31:00,UNSAFE_LANE_CHANGE,NO_IMPROPER_ACTION
2741757,2,ANGLE_FRONT_TO_SIDE,-111.978404272246,33.3781805463173,1,FOUR_WAY_INTERSECTION,ANGLE_FRONT_TO_SIDE,PHOENIX,2013-05-12 06:37:00,MADE_IMPROPER_TURN,SPEED_TOO_FAST_FOR_CONDITIONS
2741758,2,OTHER_97,-112.133811956159,33.6097195760372,3,UNKNOWN_99,OTHER_97,PHOENIX,2013-04-29 21:30:00,DID_NOT_USE_CROSSWALK,NO_IMPROPER_ACTION+NOT_APPLICABLE_MINUS_1
2741759,2,LEFT_TURN,-111.995901897104,33.4804322376249,2,UNKNOWN_99,LEFT_TURN,PHOENIX,2013-05-11 14:29:00,NO_IMPROPER_ACTION,UNKNOWN_99
2742135,2,ANGLE_FRONT_TO_SIDE,-112.06456392823,33.4874612301378,2,NOT_AT_INTERSECTION_0,ANGLE_FRONT_TO_SIDE,PHOENIX,2013-05-14 11:24:00,DROVE_RODE_IN_OPPOSING_TRAFFIC_LANE,INATTENTION_DISTRACTION
2742181,2,LEFT_TURN,-111.701520848571,33.4518643263247,2,FOUR_WAY_INTERSECTION,LEFT_TURN,MESA,2013-06-10 13:01:00,NO_IMPROPER_ACTION,OTHER_97
2742239,2,ANGLE_FRONT_TO_SIDE,-112.186440234957,33.5022612092518,2,FOUR_WAY_INTERSECTION,ANGLE_FRONT_TO_SIDE,PHOENIX,2013-05-15 21:19:00,NO_IMPROPER_ACTION,DISREGARDED_TRAFFIC_SIGNAL
2742279,2,ANGLE_FRONT_TO_SIDE,-111.784409223249,33.4081251231231,4,UNKNOWN_99,ANGLE_FRONT_TO_SIDE,MESA,2013-06-21 18:22:00,NO_IMPROPER_ACTION,UNSAFE_LANE_CHANGE
2742303,2,ANGLE_FRONT_TO_SIDE,-112.099865862938,33.6837537188485,2,FOUR_WAY_INTERSECTION,ANGLE_FRONT_TO_SIDE,PHOENIX,2013-05-04 12:22:00,UNKNOWN_99,UNKNOWN_99+NOT_APPLICABLE_MINUS_1
2742310,2,LEFT_TURN,0,0,3,NOT_REPORTED_255,LEFT_TURN,PRESCOTT,2013-07-21 08:04:00,NO_IMPROPER_ACTION,INATTENTION_DISTRACTION
2742330,2,HEAD_ON,-111.67827733702,33.4079108413057,2,T_INTERSECTION,HEAD_ON,MESA,2013-06-09 08:38:00,NO_IMPROPER_ACTION,NOT_APPLICABLE_MINUS_1+DROVE_RODE_IN_OPPOSING_TRAFFIC_LANE+NOT_APPLICABLE_MINUS_1+NOT_APPLICABLE_MINUS_1
2742336,2,ANGLE_FRONT_TO_SIDE,-111.841375146406,33.4514260593221,3,UNKNOWN_99,ANGLE_FRONT_TO_SIDE,MESA,2013-06-10 14:41:00,DROVE_RODE_IN_OPPOSING_TRAFFIC_LANE,NO_IMPROPER_ACTION
2742412,2,ANGLE_FRONT_TO_SIDE,-112.075122724177,33.4512819295532,3,FOUR_WAY_INTERSECTION,ANGLE_FRONT_TO_SIDE,PHOENIX,2013-05-12 08:10:00,OTHER_97,FAILED_TO_YIELD_RIGHT_OF_WAY_103+NOT_APPLICABLE_MINUS_1
2742485,2,ANGLE_FRONT_TO_SIDE,-111.840072863325,33.396941187806,2,T_INTERSECTION,ANGLE_FRONT_TO_SIDE,MESA,2013-06-22 18:31:00,NO_IMPROPER_ACTION,NOT_APPLICABLE_MINUS_1+NOT_APPLICABLE_MINUS_1+INATTENTION_DISTRACTION
2742493,2,SIDESWIPE_OPPOSITE_DIRECTION,-111.757318740845,32.8955135549579,1,UNKNOWN_99,SIDESWIPE_OPPOSITE_DIRECTION,CASA GRANDE,2013-07-16 09:39:00,FAILED_TO_YIELD_RIGHT_OF_WAY_103,NO_IMPROPER_ACTION
2742527,2,OTHER_97,-112.115522159303,33.6465497709563,2,NOT_AT_INTERSECTION_0,OTHER_97,PHOENIX,2013-07-27 04:37:00,UNKNOWN_99,UNKNOWN_99
2742666,2,LEFT_TURN,-110.248821218647,31.5602369841045,1,FOUR_WAY_INTERSECTION,LEFT_TURN,SIERRA VISTA,2013-06-24 18:16:00,NO_IMPROPER_ACTION,FAILED_TO_YIELD_RIGHT_OF_WAY_103+NOT_APPLICABLE_MINUS_1+NOT_APPLICABLE_MINUS_1
2742684,2,ANGLE_FRONT_TO_SIDE,-110.244194093085,31.5546223905206,3,NOT_AT_INTERSECTION_0,ANGLE_FRONT_TO_SIDE,SIERRA VISTA,2013-06-21 17:33:00,FAILED_TO_YIELD_RIGHT_OF_WAY_103,NO_IMPROPER_ACTION
2742696,2,LEFT_TURN,-110.929719278618,31.9576500941747,2,T_INTERSECTION,LEFT_TURN,UNSPECIFIED_999,2013-07-03 08:43:00,FAILED_TO_YIELD_RIGHT_OF_WAY_103,NO_IMPROPER_ACTION
2742741,2,ANGLE_FRONT_TO_SIDE,-112.431225694754,33.4343255726059,1,FOUR_WAY_INTERSECTION,ANGLE_FRONT_TO_SIDE,GOODYEAR,2013-07-22 13:23:00,DROVE_RODE_IN_OPPOSING_TRAFFIC_LANE,NOT_APPLICABLE_MINUS_1+NO_IMPROPER_ACTION
2742774,2,ANGLE_FRONT_TO_SIDE,-111.325698068722,34.2325360672953,3,T_INTERSECTION,ANGLE_FRONT_TO_SIDE,PAYSON,2013-07-08 09:10:00,NO_IMPROPER_ACTION,OTHER_97
2742784,2,REAR_END,-110.961141704362,32.3227001344121,2,FOUR_WAY_INTERSECTION,REAR_END,UNSPECIFIED_999,2013-07-11 16:24:00,NO_IMPROPER_ACTION,FOLLOWED_TOO_CLOSELY+NOT_APPLICABLE_MINUS_1
2742848,3,ANGLE_FRONT_TO_SIDE,-111.943769452672,33.3928339707072,1,UNKNOWN_99,ANGLE_FRONT_TO_SIDE,TEMPE,2013-07-10 16:45:00,UNKNOWN_99+UNKNOWN_99,UNKNOWN_99
2742859,2,ANGLE_FRONT_TO_SIDE,-111.931471547865,33.4424059995635,4,T_INTERSECTION,ANGLE_FRONT_TO_SIDE,TEMPE,2013-07-11 10:43:00,NO_IMPROPER_ACTION,FAILED_TO_YIELD_RIGHT_OF_WAY_103
2742926,2,ANGLE_FRONT_TO_SIDE,-111.943876320531,33.3782149043716,3,FOUR_WAY_INTERSECTION,ANGLE_FRONT_TO_SIDE,TEMPE,2013-07-13 13:06:00,DISREGARDED_TRAFFIC_SIGNAL,NO_IMPROPER_ACTION
2742935,2,ANGLE_FRONT_TO_SIDE,-111.684787275254,33.3903664728799,2,FOUR_WAY_INTERSECTION,ANGLE_FRONT_TO_SIDE,MESA,2013-06-21 21:32:00,DISREGARDED_TRAFFIC_SIGNAL,NO_IMPROPER_ACTION
2742988,2,ANGLE_FRONT_TO_SIDE,-111.833139883491,33.3933326525242,1,FOUR_WAY_INTERSECTION,ANGLE_FRONT_TO_SIDE,MESA,2013-06-07 11:23:00,OTHER_97,OTHER_97
2742994,2,ANGLE_FRONT_TO_SIDE,-111.938282729037,33.3928713281612,2,UNKNOWN_99,ANGLE_FRONT_TO_SIDE,TEMPE,2013-06-28 11:05:00,DROVE_RODE_IN_OPPOSING_TRAFFIC_LANE,FAILED_TO_YIELD_RIGHT_OF_WAY_103
2743001,2,ANGLE_FRONT_TO_SIDE,-112.142906288069,33.5094368137004,2,FOUR_WAY_INTERSECTION,ANGLE_FRONT_TO_SIDE,PHOENIX,2013-04-19 07:36:00,OTHER_97,FAILED_TO_YIELD_RIGHT_OF_WAY_103
2743016,2,ANGLE_FRONT_TO_SIDE,-111.863742085765,33.3930920217688,2,FOUR_WAY_INTERSECTION,ANGLE_FRONT_TO_SIDE,MESA,2013-06-08 20:23:00,OTHER_97,OTHER_97
2743038,2,ANGLE_FRONT_TO_SIDE,-111.952444399017,33.383243974121,1,T_INTERSECTION,ANGLE_FRONT_TO_SIDE,TEMPE,2013-07-02 10:15:00,DROVE_RODE_IN_OPPOSING_TRAFFIC_LANE,NO_IMPROPER_ACTION
2743113,2,ANGLE_FRONT_TO_SIDE,-112.159697431958,33.4949333755027,3,FOUR_WAY_INTERSECTION,ANGLE_FRONT_TO_SIDE,PHOENIX,2013-07-29 14:20:00,UNSAFE_LANE_CHANGE,NO_IMPROPER_ACTION
2743191,2,ANGLE_FRONT_TO_SIDE,0,0,2,FOUR_WAY_INTERSECTION,ANGLE_FRONT_TO_SIDE,FLAGSTAFF,2013-07-12 16:03:00,NO_IMPROPER_ACTION,INATTENTION_DISTRACTION+NOT_APPLICABLE_MINUS_1+NOT_APPLICABLE_MINUS_1
2743194,2,OTHER_97,-111.630395225743,35.191428290369,2,NOT_AT_INTERSECTION_0,OTHER_97,FLAGSTAFF,2013-07-06 16:47:00,UNKNOWN_99,NOT_APPLICABLE_MINUS_1+OTHER_97
2743215,2,ANGLE_FRONT_TO_SIDE,-111.645517949518,35.1974473585303,4,FOUR_WAY_INTERSECTION,ANGLE_FRONT_TO_SIDE,FLAGSTAFF,2013-07-15 07:12:00,RAN_STOP_SIGN,NO_IMPROPER_ACTION
2743324,2,LEFT_TURN,-112.069445636561,33.4801250400054,3,FOUR_WAY_INTERSECTION,LEFT_TURN,PHOENIX,2013-07-25 11:19:00,FAILED_TO_YIELD_RIGHT_OF_WAY_103,NO_IMPROPER_ACTION
2743349,2,ANGLE_FRONT_TO_SIDE,-112.11394592594,33.6545330429482,3,FOUR_WAY_INTERSECTION,ANGLE_FRONT_TO_SIDE,PHOENIX,2013-07-25 17:04:00,NO_IMPROPER_ACTION,FAILED_TO_YIELD_RIGHT_OF_WAY_103
2743441,2,ANGLE_FRONT_TO_SIDE,-111.763311368139,33.335640760177,3,T_INTERSECTION,ANGLE_FRONT_TO_SIDE,GILBERT,2013-07-25 16:12:00,NO_IMPROPER_ACTION,NO_IMPROPER_ACTION
2743489,2,ANGLE_FRONT_TO_SIDE,-112.298509407367,33.5655355200355,2,FOUR_WAY_INTERSECTION,ANGLE_FRONT_TO_SIDE,UNSPECIFIED_999,2013-05-31 06:24:00,SPEED_TOO_FAST_FOR_CONDITIONS,NO_IMPROPER_ACTION
2743534,2,ANGLE_FRONT_TO_SIDE,-111.61733620523,33.2486091806015,2,T_INTERSECTION,ANGLE_FRONT_TO_SIDE,UNSPECIFIED_999,2013-07-01 11:56:00,OTHER_UNSAFE_PASSING,NOT_APPLICABLE_MINUS_1+INATTENTION_DISTRACTION+NOT_APPLICABLE_MINUS_1+NOT_APPLICABLE_MINUS_1
2743587,2,ANGLE_FRONT_TO_SIDE,-112.272631659308,33.5803188569704,1,FOUR_WAY_INTERSECTION,ANGLE_FRONT_TO_SIDE,UNSPECIFIED_999,2013-06-23 14:00:00,OTHER_97,NO_IMPROPER_ACTION
2743654,2,ANGLE_FRONT_TO_SIDE,-112.124977599794,33.6396289082045,3,T_INTERSECTION,ANGLE_FRONT_TO_SIDE,PHOENIX,2013-07-31 07:29:00,UNKNOWN_99,UNKNOWN_99
2743656,2,OTHER_97,-112.065708311163,33.6376127820279,3,FOUR_WAY_INTERSECTION,OTHER_97,PHOENIX,2013-07-31 11:19:00,OTHER_97,NO_IMPROPER_ACTION+NOT_APPLICABLE_MINUS_1+NOT_APPLICABLE_MINUS_1
2743962,2,ANGLE_FRONT_TO_SIDE,-112.299079387639,33.5063705667928,2,T_INTERSECTION,ANGLE_FRONT_TO_SIDE,PHOENIX,2013-05-18 06:49:00,NO_IMPROPER_ACTION,FAILED_TO_YIELD_RIGHT_OF_WAY_103
2743981,2,OTHER_97,-112.056225523084,33.5238254472851,2,FOUR_WAY_INTERSECTION,OTHER_97,PHOENIX,2013-05-21 15:00:00,NO_IMPROPER_ACTION,FAILED_TO_YIELD_RIGHT_OF_WAY_103
2744121,2,SIDESWIPE_SAME_DIRECTION,-112.126059156479,33.4504235886496,3,NOT_AT_INTERSECTION_0,SIDESWIPE_SAME_DIRECTION,PHOENIX,2013-08-01 07:40:00,NO_IMPROPER_ACTION,SPEED_TOO_FAST_FOR_CONDITIONS
2744137,2,OTHER_97,-112.015529998524,33.6263364085207,2,T_INTERSECTION,OTHER_97,PHOENIX,2013-07-12 07:27:00,DROVE_RODE_IN_OPPOSING_TRAFFIC_LANE,OTHER_97
2744396,2,ANGLE_FRONT_TO_SIDE,-112.354980835133,33.6236919245221,2,UNKNOWN_99,ANGLE_FRONT_TO_SIDE,SURPRISE,2013-07-10 06:40:00,UNKNOWN_99,UNKNOWN_99
2744409,2,ANGLE_FRONT_TO_SIDE,-111.785537448857,33.291979665839,1,T_INTERSECTION,ANGLE_FRONT_TO_SIDE,GILBERT,2013-07-29 16:15:00,NO_IMPROPER_ACTION,INATTENTION_DISTRACTION
2744446,2,REAR_END,-112.026934749523,33.08477669274,3,FOUR_WAY_INTERSECTION,REAR_END,MARICOPA,2013-02-28 18:44:00,INATTENTION_DISTRACTION,NO_IMPROPER_ACTION
2744505,2,SIDESWIPE_OPPOSITE_DIRECTION,-111.550273799959,33.4143636539078,3,UNKNOWN_99,SIDESWIPE_OPPOSITE_DIRECTION,APACHE JUNCTION,2013-07-21 10:56:00,DROVE_RODE_IN_OPPOSING_TRAFFIC_LANE,UNKNOWN_99
2744666,2,LEFT_TURN,-110.661969406365,31.7351935788523,3,NOT_AT_INTERSECTION_0,LEFT_TURN,UNSPECIFIED_999,2013-07-12 13:26:00,MADE_IMPROPER_TURN,NO_IMPROPER_ACTION+NOT_APPLICABLE_MINUS_1
2744728,2,ANGLE_FRONT_TO_SIDE,-110.994941557405,31.8740822479335,2,UNKNOWN_99,ANGLE_FRONT_TO_SIDE,UNSPECIFIED_999,2013-07-13 14:05:00,OTHER_97,NO_IMPROPER_ACTION
2744806,2,ANGLE_FRONT_TO_SIDE,-112.317829893706,33.6089224517303,3,UNKNOWN_99,ANGLE_FRONT_TO_SIDE,EL MIRAGE,2013-07-13 11:07:00,OTHER_97,NO_IMPROPER_ACTION+NOT_APPLICABLE_MINUS_1
2744889,2,SIDESWIPE_SAME_DIRECTION,-111.529138592255,32.9806825550159,4,UNKNOWN_99,SIDESWIPE_SAME_DIRECTION,COOLIDGE,2013-06-11 18:46:00,SPEED_TOO_FAST_FOR_CONDITIONS,MADE_IMPROPER_TURN
2744995,2,ANGLE_FRONT_TO_SIDE,0,0,3,FOUR_WAY_INTERSECTION,ANGLE_FRONT_TO_SIDE,TEMPE,2013-07-18 14:29:00,OTHER_97,NO_IMPROPER_ACTION
2745015,2,ANGLE_FRONT_TO_SIDE,-111.934893349913,33.4074321745227,2,FOUR_WAY_INTERSECTION,ANGLE_FRONT_TO_SIDE,TEMPE,2013-07-15 15:03:00,DISREGARDED_TRAFFIC_SIGNAL,NO_IMPROPER_ACTION
2745093,2,ANGLE_FRONT_TO_SIDE,-111.917535685221,33.4657764019834,3,FOUR_WAY_INTERSECTION,ANGLE_FRONT_TO_SIDE,SCOTTSDALE,2013-05-29 13:43:00,NO_IMPROPER_ACTION,NOT_APPLICABLE_MINUS_1+NOT_APPLICABLE_MINUS_1+DISREGARDED_TRAFFIC_SIGNAL+NOT_APPLICABLE_MINUS_1
2745115,2,ANGLE_FRONT_TO_SIDE,-111.824975891483,33.4172499091725,1,FOUR_WAY_INTERSECTION,ANGLE_FRONT_TO_SIDE,MESA,2013-06-19 16:53:00,KNOWINGLY_OPERATED_WITH_FAULTY_MISSING_EQUIPMENT,NO_IMPROPER_ACTION
2745146,2,ANGLE_FRONT_TO_SIDE,-111.904177014343,33.4147647695239,3,T_INTERSECTION,ANGLE_FRONT_TO_SIDE,TEMPE,2013-07-06 15:44:00,DROVE_RODE_IN_OPPOSING_TRAFFIC_LANE,INATTENTION_DISTRACTION
2745249,2,ANGLE_FRONT_TO_SIDE,-110.252211820635,31.5586223655043,3,FOUR_WAY_INTERSECTION,ANGLE_FRONT_TO_SIDE,SIERRA VISTA,2013-07-26 12:38:00,NO_IMPROPER_ACTION,FAILED_TO_YIELD_RIGHT_OF_WAY_103+NOT_APPLICABLE_MINUS_1+NOT_APPLICABLE_MINUS_1
2745250,2,ANGLE_FRONT_TO_SIDE,-110.260124527322,31.5327716429175,3,T_INTERSECTION,ANGLE_FRONT_TO_SIDE,SIERRA VISTA,2013-08-01 07:47:00,NO_IMPROPER_ACTION,FAILED_TO_YIELD_RIGHT_OF_WAY_103
2745409,2,HEAD_ON,-110.964821307861,32.2264555773084,3,FOUR_WAY_INTERSECTION,HEAD_ON,TUCSON,2013-07-28 02:08:00,NO_IMPROPER_ACTION,SPEED_TOO_FAST_FOR_CONDITIONS