IncidentID,num_vehicles_involved,eCollisionManner,Longitude,Latitude,InjurySeverity,eIntersectionType,eCollisionManner,city_name,IncidentDateTime,cyclist_citations,driver_citations
2745412,2,ANGLE_FRONT_TO_SIDE,-110.913075354505,32.2505744520214,2,FOUR_WAY_INTERSECTION,ANGLE_FRONT_TO_SIDE,TUCSON,2013-07-20 09:50:00,OTHER_97,UNKNOWN_99+NOT_APPLICABLE_MINUS_1
2745450,3,ANGLE_FRONT_TO_SIDE,-110.969633472496,32.2865519024044,3,FOUR_WAY_INTERSECTION,ANGLE_FRONT_TO_SIDE,TUCSON,2013-07-22 19:00:00,NO_IMPROPER_ACTION,NO_IMPROPER_ACTION+DISREGARDED_TRAFFIC_SIGNAL
2745453,2,ANGLE_FRONT_TO_SIDE,-110.857937455783,32.2002291714975,3,T_INTERSECTION,ANGLE_FRONT_TO_SIDE,TUCSON,2013-07-23 12:40:00,FAILED_TO_YIELD_RIGHT_OF_WAY_103,UNKNOWN_99
2745536,2,ANGLE_FRONT_TO_SIDE,-112.168604307472,33.5397506825001,3,T_INTERSECTION,ANGLE_FRONT_TO_SIDE,GLENDALE,2013-06-13 16:22:00,OTHER_97,DISREGARDED_TRAFFIC_SIGNAL
2745595,2,OTHER_97,-111.979047143295,33.4801017388021,3,NOT_AT_INTERSECTION_0,OTHER_97,PHOENIX,2013-04-19 07:49:00,INATTENTION_DISTRACTION,NO_IMPROPER_ACTION
2745601,2,HEAD_ON,-112.114401945061,33.5385892685824,3,NOT_AT_INTERSECTION_0,HEAD_ON,PHOENIX,2013-05-06 05:40:00,DROVE_RODE_IN_OPPOSING_TRAFFIC_LANE,NO_IMPROPER_ACTION
2745632,2,SIDESWIPE_SAME_DIRECTION,-112.073529345987,33.480255701705,3,FOUR_WAY_INTERSECTION,SIDESWIPE_SAME_DIRECTION,PHOENIX,2013-04-30 09:40:00,NO_IMPROPER_ACTION,MADE_IMPROPER_TURN
2745676,2,UNKNOWN_99,-112.216165833564,33.5090805023091,2,T_INTERSECTION,UNKNOWN_99,GLENDALE,2013-06-08 06:21:00,DROVE_RODE_IN_OPPOSING_TRAFFIC_LANE,NO_IMPROPER_ACTION
2745703,2,SIDESWIPE_SAME_DIRECTION,-112.12172103182,33.4421906320182,3,T_INTERSECTION,SIDESWIPE_SAME_DIRECTION,PHOENIX,2013-05-23 17:39:00,NO_IMPROPER_ACTION,FAILED_TO_YIELD_RIGHT_OF_WAY_103
2745706,2,ANGLE_FRONT_TO_SIDE,-112.064662884634,33.3922452155392,1,FOUR_WAY_INTERSECTION,ANGLE_FRONT_TO_SIDE,PHOENIX,2013-04-26 17:29:00,NO_IMPROPER_ACTION,FAILED_TO_YIELD_RIGHT_OF_WAY_103
2745709,2,ANGLE_FRONT_TO_SIDE,-112.233424798324,33.638158955762,2,FOUR_WAY_INTERSECTION,ANGLE_FRONT_TO_SIDE,GLENDALE,2013-06-06 09:12:00,DROVE_RODE_IN_OPPOSING_TRAFFIC_LANE,NO_IMPROPER_ACTION
2745725,2,ANGLE_FRONT_TO_SIDE,-112.099690191068,33.5164082599978,3,T_INTERSECTION,ANGLE_FRONT_TO_SIDE,PHOENIX,2013-05-16 03:52:00,OTHER_97,NO_IMPROPER_ACTION
2745841,2,ANGLE_FRONT_TO_SIDE,-112.109204765499,33.5240829414466,3,UNKNOWN_99,ANGLE_FRONT_TO_SIDE,PHOENIX,2013-06-01 17:00:00,NO_IMPROPER_ACTION,SPEED_TOO_FAST_FOR_CONDITIONS
2746002,2,OTHER_97,-112.073782401458,33.4765961411316,2,T_INTERSECTION,OTHER_97,PHOENIX,2013-05-20 18:16:00,NO_IMPROPER_ACTION,NO_IMPROPER_ACTION
2746003,2,OTHER_97,-112.03886592349,33.5056692178065,1,FOUR_WAY_INTERSECTION,OTHER_97,PHOENIX,2013-05-19 15:10:00,OTHER_97,NO_IMPROPER_ACTION+NOT_APPLICABLE_MINUS_1+NOT_APPLICABLE_MINUS_1
2746074,2,ANGLE_FRONT_TO_SIDE,-112.2205309047,33.4801886573458,2,UNKNOWN_99,ANGLE_FRONT_TO_SIDE,PHOENIX,2013-05-15 15:12:00,FAILED_TO_YIELD_RIGHT_OF_WAY_103,NO_IMPROPER_ACTION
2746102,2,ANGLE_FRONT_TO_SIDE,-112.099130520006,33.3890114645922,3,T_INTERSECTION,ANGLE_FRONT_TO_SIDE,PHOENIX,2013-05-20 16:12:00,SPEED_TOO_FAST_FOR_CONDITIONS,INATTENTION_DISTRACTION
2746118,2,SIDESWIPE_OPPOSITE_DIRECTION,-112.083584106294,33.3886611974739,3,UNKNOWN_99,SIDESWIPE_OPPOSITE_DIRECTION,PHOENIX,2013-05-10 16:42:00,OTHER_97,NO_IMPROPER_ACTION
2746126,2,OTHER_97,-111.007097009803,32.1594105653442,5,FOUR_WAY_INTERSECTION,OTHER_97,UNSPECIFIED_999,2013-05-23 03:30:00,NO_IMPROPER_ACTION,DISREGARDED_TRAFFIC_SIGNAL
2746134,2,ANGLE_FRONT_TO_SIDE,-112.128595872724,33.4949502982186,2,UNKNOWN_99,ANGLE_FRONT_TO_SIDE,PHOENIX,2013-05-21 16:40:00,UNKNOWN_99,NOT_APPLICABLE_MINUS_1+NOT_APPLICABLE_MINUS_1+NO_IMPROPER_ACTION
2746167,2,UNKNOWN_99,-112.34105834276,33.4389488382574,3,FOUR_WAY_INTERSECTION,UNKNOWN_99,AVONDALE,2013-07-24 14:00:00,UNKNOWN_99,UNKNOWN_99
2746225,2,ANGLE_FRONT_TO_SIDE,-112.349660606501,33.448607666454,4,UNKNOWN_99,ANGLE_FRONT_TO_SIDE,AVONDALE,2013-08-01 15:07:00,NO_IMPROPER_ACTION,FAILED_TO_YIELD_RIGHT_OF_WAY_103
2746244,2,ANGLE_FRONT_TO_SIDE,-112.152224422407,33.8711741700188,3,FOUR_WAY_INTERSECTION,ANGLE_FRONT_TO_SIDE,PHOENIX,2013-08-07 09:45:00,FAILED_TO_YIELD_RIGHT_OF_WAY_103,NO_IMPROPER_ACTION
2746468,2,LEFT_TURN,-111.680917553029,35.1877711949647,2,UNKNOWN_99,LEFT_TURN,FLAGSTAFF,2013-06-27 17:01:00,NO_IMPROPER_ACTION,FAILED_TO_YIELD_RIGHT_OF_WAY_103
2746483,2,ANGLE_FRONT_TO_SIDE,-111.978931832935,33.6017374879964,1,FOUR_WAY_INTERSECTION,ANGLE_FRONT_TO_SIDE,PHOENIX,2013-04-20 16:01:00,INATTENTION_DISTRACTION,NO_IMPROPER_ACTION
2746489,2,OTHER_97,-112.140168080887,33.5239610747603,5,UNKNOWN_99,OTHER_97,PHOENIX,2013-05-24 20:26:00,DROVE_RODE_IN_OPPOSING_TRAFFIC_LANE,UNKNOWN_99
2746536,2,ANGLE_FRONT_TO_SIDE,-112.069423904256,33.465830659605,2,FOUR_WAY_INTERSECTION,ANGLE_FRONT_TO_SIDE,PHOENIX,2013-08-05 06:44:00,FAILED_TO_YIELD_RIGHT_OF_WAY_103,NO_IMPROPER_ACTION
2746549,2,ANGLE_FRONT_TO_SIDE,-112.099995267481,33.4459522149136,2,FOUR_WAY_INTERSECTION,ANGLE_FRONT_TO_SIDE,PHOENIX,2013-07-30 08:53:00,INATTENTION_DISTRACTION,NO_IMPROPER_ACTION
2746686,2,OTHER_97,-111.416993505914,33.020152436007,5,NOT_AT_INTERSECTION_0,OTHER_97,FLORENCE,2013-07-25 10:29:00,NO_IMPROPER_ACTION,FOLLOWED_TOO_CLOSELY
2746708,2,REAR_END,-112.445755043821,34.6143336733068,3,UNKNOWN_99,REAR_END,PRESCOTT,2013-07-31 10:00:00,FOLLOWED_TOO_CLOSELY,NO_IMPROPER_ACTION
2746920,2,OTHER_97,-112.073793435731,33.4427357656303,3,NOT_AT_INTERSECTION_0,OTHER_97,PHOENIX,2013-07-31 09:39:00,OTHER_97,NO_IMPROPER_ACTION
2747258,2,REAR_END,-112.540779351024,34.6956207343806,1,T_INTERSECTION,REAR_END,UNSPECIFIED_999,2013-07-20 08:07:00,INATTENTION_DISTRACTION,FAILED_TO_YIELD_RIGHT_OF_WAY_103
2747280,3,ANGLE_FRONT_TO_SIDE,-112.151129542399,33.6205973229342,4,NOT_AT_INTERSECTION_0,ANGLE_FRONT_TO_SIDE,PHOENIX,2013-06-02 13:41:00,UNSAFE_LANE_CHANGE,NOT_APPLICABLE_MINUS_1+NO_IMPROPER_ACTION+NO_IMPROPER_ACTION
2747295,2,ANGLE_FRONT_TO_SIDE,-111.980649109552,33.3300735512659,2,NOT_AT_INTERSECTION_0,ANGLE_FRONT_TO_SIDE,PHOENIX,2013-06-06 17:23:00,NO_IMPROPER_ACTION,FAILED_TO_YIELD_RIGHT_OF_WAY_103
2747325,2,ANGLE_FRONT_TO_SIDE,-112.056354687425,33.4765400621561,2,FOUR_WAY_INTERSECTION,ANGLE_FRONT_TO_SIDE,PHOENIX,2013-05-31 10:43:00,UNKNOWN_99,UNKNOWN_99
2747335,2,OTHER_97,-111.979437683631,33.34895690955,4,NOT_AT_INTERSECTION_0,OTHER_97,PHOENIX,2013-05-29 23:50:00,NO_IMPROPER_ACTION,FAILED_TO_KEEP_IN_PROPER_LANE
2747381,2,ANGLE_FRONT_TO_SIDE,-112.100077139862,33.4512557185591,2,FOUR_WAY_INTERSECTION,ANGLE_FRONT_TO_SIDE,PHOENIX,2013-06-02 13:40:00,DID_NOT_USE_CROSSWALK,NO_IMPROPER_ACTION+NOT_APPLICABLE_MINUS_1
2747446,2,OTHER_97,-112.065583932335,33.654971908144,4,FOUR_WAY_INTERSECTION,OTHER_97,PHOENIX,2013-06-25 14:43:00,NO_IMPROPER_ACTION,FAILED_TO_YIELD_RIGHT_OF_WAY_103
2747552,2,REAR_END,-111.951761033789,33.8449707237409,4,UNKNOWN_99,REAR_END,CAVECREEK,2013-05-04 14:26:00,NO_IMPROPER_ACTION,FAILED_TO_KEEP_IN_PROPER_LANE
2747565,2,UNKNOWN_99,-112.087230589636,33.6546420416532,3,FOUR_WAY_INTERSECTION,UNKNOWN_99,PHOENIX,2013-05-30 10:28:00,OTHER_97,INATTENTION_DISTRACTION
2747637,2,SIDESWIPE_SAME_DIRECTION,-110.917443504625,32.1880480170012,2,UNKNOWN_99,SIDESWIPE_SAME_DIRECTION,UNSPECIFIED_999,2013-07-16 17:12:00,NO_IMPROPER_ACTION,FAILED_TO_KEEP_IN_PROPER_LANE+NOT_APPLICABLE_MINUS_1
2747676,2,ANGLE_FRONT_TO_SIDE,-112.116953223619,33.516517151789,3,UNKNOWN_99,ANGLE_FRONT_TO_SIDE,PHOENIX,2013-06-01 21:20:00,NO_IMPROPER_ACTION,NOT_APPLICABLE_MINUS_1+NOT_APPLICABLE_MINUS_1+INATTENTION_DISTRACTION
2747852,2,ANGLE_FRONT_TO_SIDE,-111.799903760742,34.8635657657534,3,FOUR_WAY_INTERSECTION,ANGLE_FRONT_TO_SIDE,SEDONA,2013-07-26 20:25:00,UNKNOWN_99,NO_IMPROPER_ACTION
2747891,2,ANGLE_FRONT_TO_SIDE,-111.613544634281,35.2143956506033,4,Y_INTERSECTION,ANGLE_FRONT_TO_SIDE,FLAGSTAFF,2013-07-19 16:24:00,SPEED_TOO_FAST_FOR_CONDITIONS,FAILED_TO_YIELD_RIGHT_OF_WAY_103
2747892,2,SIDESWIPE_SAME_DIRECTION,-112.342076742009,33.6270074353262,1,T_INTERSECTION,SIDESWIPE_SAME_DIRECTION,SURPRISE,2013-06-22 21:15:00,FAILED_TO_YIELD_RIGHT_OF_WAY_103,NO_IMPROPER_ACTION+NOT_APPLICABLE_MINUS_1
2747908,2,OTHER_97,-111.665039395619,35.1842509535533,3,T_INTERSECTION,OTHER_97,FLAGSTAFF,2013-07-19 22:44:00,KNOWINGLY_OPERATED_WITH_FAULTY_MISSING_EQUIPMENT,OTHER_97
2747970,2,ANGLE_FRONT_TO_SIDE,-112.099525747017,33.6068760487015,1,T_INTERSECTION,ANGLE_FRONT_TO_SIDE,PHOENIX,2013-08-13 15:26:00,FAILED_TO_YIELD_RIGHT_OF_WAY_103,NO_IMPROPER_ACTION
2747983,2,ANGLE_FRONT_TO_SIDE,-112.065627567743,33.6610824117804,3,NOT_AT_INTERSECTION_0,ANGLE_FRONT_TO_SIDE,PHOENIX,2013-08-08 08:06:00,DROVE_RODE_IN_OPPOSING_TRAFFIC_LANE,NO_IMPROPER_ACTION
2747995,2,ANGLE_FRONT_TO_SIDE,-112.099413632176,33.5676151735448,1,FOUR_WAY_INTERSECTION,ANGLE_FRONT_TO_SIDE,PHOENIX,2013-08-09 13:20:00,DISREGARDED_TRAFFIC_SIGNAL,NOT_APPLICABLE_MINUS_1+NO_IMPROPER_ACTION+NOT_APPLICABLE_MINUS_1
2747999,2,ANGLE_FRONT_TO_SIDE,-112.131594027896,33.5094498415686,2,NOT_AT_INTERSECTION_0,ANGLE_FRONT_TO_SIDE,PHOENIX,2013-08-16 09:55:00,NO_IMPROPER_ACTION,NO_IMPROPER_ACTION
2748253,2,REAR_END,-111.977447114053,33.2499549740941,2,T_INTERSECTION,REAR_END,UNSPECIFIED_999,2013-06-20 08:08:00,NO_IMPROPER_ACTION,FAILED_TO_YIELD_RIGHT_OF_WAY_103
2748554,2,OTHER_97,-111.546071528003,33.4130117010411,1,FOUR_WAY_INTERSECTION,OTHER_97,APACHE JUNCTION,2013-07-22 16:49:00,DROVE_RODE_IN_OPPOSING_TRAFFIC_LANE,FAILED_TO_YIELD_RIGHT_OF_WAY_103
2748590,2,LEFT_TURN,-112.065449466145,33.6225102579602,3,FOUR_WAY_INTERSECTION,LEFT_TURN,PHOENIX,2013-08-15 07:49:00,UNKNOWN_99,FAILED_TO_YIELD_RIGHT_OF_WAY_103
2748594,2,ANGLE_FRONT_TO_SIDE,-112.169103326645,33.6390270459753,1,FOUR_WAY_INTERSECTION,ANGLE_FRONT_TO_SIDE,PHOENIX,2013-08-06 20:56:00,FAILED_TO_YIELD_RIGHT_OF_WAY_103,NO_IMPROPER_ACTION
2748769,2,ANGLE_FRONT_TO_SIDE,-111.819919547727,33.2989798540105,3,UNKNOWN_99,ANGLE_FRONT_TO_SIDE,CHANDLER,2013-04-19 10:05:00,UNKNOWN_99,UNKNOWN_99
2748815,2,ANGLE_FRONT_TO_SIDE,-111.795423201406,33.216772294239,2,FOUR_WAY_INTERSECTION,ANGLE_FRONT_TO_SIDE,CHANDLER,2013-04-13 08:37:00,DROVE_RODE_IN_OPPOSING_TRAFFIC_LANE,INATTENTION_DISTRACTION+NOT_APPLICABLE_MINUS_1+NOT_APPLICABLE_MINUS_1
2748823,2,ANGLE_FRONT_TO_SIDE,-111.857567509456,33.2619194001863,3,NOT_AT_INTERSECTION_0,ANGLE_FRONT_TO_SIDE,CHANDLER,2013-04-14 11:50:00,NO_IMPROPER_ACTION,INATTENTION_DISTRACTION
2748830,2,ANGLE_FRONT_TO_SIDE,-111.876386494425,33.3205657525433,2,T_INTERSECTION,ANGLE_FRONT_TO_SIDE,CHANDLER,2013-04-13 10:05:00,OTHER_97,NOT_APPLICABLE_MINUS_1+NO_IMPROPER_ACTION
2748831,2,ANGLE_FRONT_TO_SIDE,-111.871573429157,33.3474658068832,1,T_INTERSECTION,ANGLE_FRONT_TO_SIDE,CHANDLER,2013-04-15 17:52:00,NO_IMPROPER_ACTION,RAN_STOP_SIGN
2748862,2,SIDESWIPE_OPPOSITE_DIRECTION,-112.121840622321,33.451213371632,3,T_INTERSECTION,SIDESWIPE_OPPOSITE_DIRECTION,PHOENIX,2013-08-15 07:10:00,UNKNOWN_99,NO_IMPROPER_ACTION
2748896,2,ANGLE_FRONT_TO_SIDE,-112.005037392939,33.4951737958839,3,NOT_AT_INTERSECTION_0,ANGLE_FRONT_TO_SIDE,PHOENIX,2013-08-19 08:42:00,OTHER_97,INATTENTION_DISTRACTION
2748924,2,OTHER_97,-112.157448862245,33.4949312861226,3,NOT_AT_INTERSECTION_0,OTHER_97,PHOENIX,2013-08-13 09:30:00,DID_NOT_USE_CROSSWALK,NO_IMPROPER_ACTION
2748928,2,ANGLE_FRONT_TO_SIDE,-112.255016002474,33.5086919468041,3,FOUR_WAY_INTERSECTION,ANGLE_FRONT_TO_SIDE,GLENDALE,2013-08-14 08:21:00,DROVE_RODE_IN_OPPOSING_TRAFFIC_LANE,INATTENTION_DISTRACTION
2748967,2,ANGLE_FRONT_TO_SIDE,-110.968802798,32.2438246666707,3,T_INTERSECTION,ANGLE_FRONT_TO_SIDE,TUCSON,2013-08-13 15:30:00,NO_IMPROPER_ACTION,OTHER_97
2749018,2,SIDESWIPE_SAME_DIRECTION,-110.901522784313,32.2361862124808,3,FOUR_WAY_INTERSECTION,SIDESWIPE_SAME_DIRECTION,TUCSON,2013-08-09 08:32:00,NO_IMPROPER_ACTION,OTHER_97
2749019,2,HEAD_ON,-110.909450004693,32.1994982842139,4,UNKNOWN_99,HEAD_ON,TUCSON,2013-08-03 14:02:00,FAILED_TO_YIELD_RIGHT_OF_WAY_103,UNKNOWN_99
2749021,2,ANGLE_FRONT_TO_SIDE,-110.972068396831,32.2679831521573,2,T_INTERSECTION,ANGLE_FRONT_TO_SIDE,TUCSON,2013-08-03 15:00:00,NO_IMPROPER_ACTION,NO_IMPROPER_ACTION
2749034,2,ANGLE_FRONT_TO_SIDE,-110.909634237915,32.2352856586862,2,T_INTERSECTION,ANGLE_FRONT_TO_SIDE,TUCSON,2013-08-09 15:56:00,INATTENTION_DISTRACTION,NOT_APPLICABLE_MINUS_1+NOT_APPLICABLE_MINUS_1+NO_IMPROPER_ACTION
2749113,2,ANGLE_FRONT_TO_SIDE,-110.789702748967,32.2281104333118,3,FOUR_WAY_INTERSECTION,ANGLE_FRONT_TO_SIDE,TUCSON,2013-07-28 08:23:00,NO_IMPROPER_ACTION,FAILED_TO_YIELD_RIGHT_OF_WAY_103
2749132,2,OTHER_97,-110.892690386635,32.2508443338423,3,UNKNOWN_99,OTHER_97,TUCSON,2013-07-26 07:32:00,OTHER_97,UNKNOWN_99
2749173,2,ANGLE_FRONT_TO_SIDE,-111.798870645955,33.3427100636792,2,T_INTERSECTION,ANGLE_FRONT_TO_SIDE,GILBERT,2013-08-08 18:00:00,NO_IMPROPER_ACTION,RAN_STOP_SIGN
2749182,2,SIDESWIPE_SAME_DIRECTION,-110.894889839753,32.2361870874046,3,NOT_AT_INTERSECTION_0,SIDESWIPE_SAME_DIRECTION,TUCSON,2013-08-08 18:30:00,NO_IMPROPER_ACTION,FAILED_TO_YIELD_RIGHT_OF_WAY_103
2749196,2,SIDESWIPE_SAME_DIRECTION,-111.721442891722,33.3503324371722,2,FOUR_WAY_INTERSECTION,SIDESWIPE_SAME_DIRECTION,GILBERT,2013-08-10 09:25:00,NO_IMPROPER_ACTION,INATTENTION_DISTRACTION
2749201,2,ANGLE_FRONT_TO_SIDE,-111.720495106117,33.2266372249996,2,FOUR_WAY_INTERSECTION,ANGLE_FRONT_TO_SIDE,GILBERT,2013-07-24 06:45:00,NO_IMPROPER_ACTION,FAILED_TO_YIELD_RIGHT_OF_WAY_103
2749204,2,SIDESWIPE_OPPOSITE_DIRECTION,-111.744542963469,33.3357315995062,3,T_INTERSECTION,SIDESWIPE_OPPOSITE_DIRECTION,GILBERT,2013-08-05 14:21:00,DROVE_RODE_IN_OPPOSING_TRAFFIC_LANE,NO_IMPROPER_ACTION
2749244,2,ANGLE_FRONT_TO_SIDE,-111.746676844913,33.2617718851781,3,T_INTERSECTION,ANGLE_FRONT_TO_SIDE,GILBERT,2013-08-14 07:30:00,UNKNOWN_99,INATTENTION_DISTRACTION
2749370,2,LEFT_TURN,-112.118168852498,33.5758731068306,4,FOUR_WAY_INTERSECTION,LEFT_TURN,PHOENIX,2013-05-31 18:15:00,DROVE_RODE_IN_OPPOSING_TRAFFIC_LANE,NO_IMPROPER_ACTION
2749395,2,ANGLE_FRONT_TO_SIDE,-111.972197223794,33.4466280551376,2,UNKNOWN_99,ANGLE_FRONT_TO_SIDE,PHOENIX,2013-06-14 17:50:00,NO_IMPROPER_ACTION,OTHER_97
2749455,2,ANGLE_FRONT_TO_SIDE,-112.257595254075,33.4503455171482,2,T_INTERSECTION,ANGLE_FRONT_TO_SIDE,TOLLESON,2013-08-17 09:08:00,DROVE_RODE_IN_OPPOSING_TRAFFIC_LANE,RAN_STOP_SIGN
2749498,2,ANGLE_FRONT_TO_SIDE,-111.977725576326,33.6188154961452,2,FOUR_WAY_INTERSECTION,ANGLE_FRONT_TO_SIDE,PHOENIX,2013-08-07 12:55:00,SPEED_TOO_FAST_FOR_CONDITIONS,NO_IMPROPER_ACTION+NOT_APPLICABLE_MINUS_1
2749633,2,OTHER_97,-112.107575530221,33.4337361490428,3,NOT_AT_INTERSECTION_0,OTHER_97,PHOENIX,2013-08-13 18:41:00,NO_IMPROPER_ACTION,INATTENTION_DISTRACTION
2749637,2,ANGLE_FRONT_TO_SIDE,-112.042429869909,33.3928609373872,3,T_INTERSECTION,ANGLE_FRONT_TO_SIDE,PHOENIX,2013-06-12 06:20:00,OTHER_97,NO_IMPROPER_ACTION
2749665,2,ANGLE_FRONT_TO_SIDE,-112.149164627877,33.4659621957052,2,UNKNOWN_99,ANGLE_FRONT_TO_SIDE,PHOENIX,2013-06-07 12:49:00,OTHER_97,INATTENTION_DISTRACTION
2749764,2,OTHER_97,-110.959451860344,32.2290620791789,1,FOUR_WAY_INTERSECTION,OTHER_97,TUCSON,2013-08-14 08:08:00,UNSAFE_LANE_CHANGE,NO_IMPROPER_ACTION
2749792,2,LEFT_TURN,-112.091309174333,33.4949510023364,4,FOUR_WAY_INTERSECTION,LEFT_TURN,PHOENIX,2013-08-19 20:27:00,KNOWINGLY_OPERATED_WITH_FAULTY_MISSING_EQUIPMENT,FAILED_TO_YIELD_RIGHT_OF_WAY_103
2749809,2,ANGLE_FRONT_TO_SIDE,-112.117178039549,33.4821003125106,2,T_INTERSECTION,ANGLE_FRONT_TO_SIDE,PHOENIX,2013-08-22 16:28:00,FAILED_TO_YIELD_RIGHT_OF_WAY_103,NO_IMPROPER_ACTION
2749812,2,OTHER_97,-112.099652170433,33.5910678266613,5,NOT_AT_INTERSECTION_0,OTHER_97,PHOENIX,2013-08-19 17:27:00,FAILED_TO_YIELD_RIGHT_OF_WAY_103,NO_IMPROPER_ACTION
2750094,2,ANGLE_FRONT_TO_SIDE,-111.874501793438,33.4075808961783,3,FOUR_WAY_INTERSECTION,ANGLE_FRONT_TO_SIDE,MESA,2013-08-08 13:22:00,DROVE_RODE_IN_OPPOSING_TRAFFIC_LANE,NOT_APPLICABLE_MINUS_1+NO_IMPROPER_ACTION
2750126,2,OTHER_97,-112.342729155955,34.5830520001233,1,FOUR_WAY_INTERSECTION,OTHER_97,PRESCOTT VALLEY,2013-08-04 10:21:00,NO_IMPROPER_ACTION,NOT_APPLICABLE_MINUS_1+FAILED_TO_YIELD_RIGHT_OF_WAY_103+NOT_APPLICABLE_MINUS_1
2750274,2,ANGLE_FRONT_TO_SIDE,-112.12673948908,33.4949482218171,4,T_INTERSECTION,ANGLE_FRONT_TO_SIDE,PHOENIX,2013-08-22 07:30:00,FAILED_TO_YIELD_RIGHT_OF_WAY_103,NO_IMPROPER_ACTION
2750297,2,ANGLE_FRONT_TO_SIDE,-112.099989348155,33.4481009807,4,NOT_AT_INTERSECTION_0,ANGLE_FRONT_TO_SIDE,PHOENIX,2013-08-13 13:18:00,FAILED_TO_YIELD_RIGHT_OF_WAY_103,NO_IMPROPER_ACTION+NOT_APPLICABLE_MINUS_1
2750414,2,ANGLE_FRONT_TO_SIDE,-111.774322940887,32.8975735430469,1,UNKNOWN_99,ANGLE_FRONT_TO_SIDE,CASA GRANDE,2013-08-14 17:30:00,UNKNOWN_99,NO_IMPROPER_ACTION
2750444,2,OTHER_97,-112.324666050023,33.5971657177447,5,NOT_AT_INTERSECTION_0,OTHER_97,EL MIRAGE,2013-08-07 22:38:00,NO_IMPROPER_ACTION,OTHER_97
2750468,2,ANGLE_FRONT_TO_SIDE,-112.392491802554,33.4563687772998,4,NOT_REPORTED_255,ANGLE_FRONT_TO_SIDE,GOODYEAR,2013-07-31 10:16:00,DROVE_RODE_IN_OPPOSING_TRAFFIC_LANE,NO_IMPROPER_ACTION
2750525,2,OTHER_97,-111.328889537503,34.227556750104,2,FOUR_WAY_INTERSECTION,OTHER_97,PAYSON,2013-07-20 19:28:00,UNKNOWN_99,RAN_STOP_SIGN
2750576,2,ANGLE_FRONT_TO_SIDE,-111.970936473359,33.3490289326386,3,FOUR_WAY_INTERSECTION,ANGLE_FRONT_TO_SIDE,GUADALUPE,2013-08-23 08:50:00,OTHER_97,DISREGARDED_TRAFFIC_SIGNAL
2750645,2,ANGLE_FRONT_TO_SIDE,-111.928203612161,33.3224516755081,2,T_INTERSECTION,ANGLE_FRONT_TO_SIDE,TEMPE,2013-04-24 15:43:00,DROVE_RODE_IN_OPPOSING_TRAFFIC_LANE,NO_IMPROPER_ACTION
2750647,2,ANGLE_FRONT_TO_SIDE,-111.849340396279,33.2675473161972,2,T_INTERSECTION,ANGLE_FRONT_TO_SIDE,CHANDLER,2013-04-25 09:00:00,NO_IMPROPER_ACTION,INATTENTION_DISTRACTION
2750693,2,ANGLE_FRONT_TO_SIDE,-112.24632760896,33.6381362237787,3,FOUR_WAY_INTERSECTION,ANGLE_FRONT_TO_SIDE,PEORIA,2013-08-05 16:52:00,OTHER_97,FAILED_TO_YIELD_RIGHT_OF_WAY_103
2750710,2,ANGLE_FRONT_TO_SIDE,-111.84178864349,33.3501335697763,1,NOT_REPORTED_255,ANGLE_FRONT_TO_SIDE,CHANDLER,2013-04-23 14:14:00,NO_IMPROPER_ACTION,NOT_APPLICABLE_MINUS_1+INATTENTION_DISTRACTION
2750751,2,ANGLE_FRONT_TO_SIDE,-112.220256365971,33.5886758731891,3,FOUR_WAY_INTERSECTION,ANGLE_FRONT_TO_SIDE,PEORIA,2013-07-31 20:45:00,UNKNOWN_99,UNKNOWN_99
2750755,2,ANGLE_FRONT_TO_SIDE,-112.245676484577,33.6098525337736,3,FOUR_WAY_INTERSECTION,ANGLE_FRONT_TO_SIDE,PEORIA,2013-07-30 11:20:00,DROVE_RODE_IN_OPPOSING_TRAFFIC_LANE,NO_IMPROPER_ACTION
2750802,2,ANGLE_FRONT_TO_SIDE,-111.841604897508,33.3206751601507,3,FOUR_WAY_INTERSECTION,ANGLE_FRONT_TO_SIDE,CHANDLER,2013-05-02 18:49:00,DISREGARDED_TRAFFIC_SIGNAL,NO_IMPROPER_ACTION
2750830,2,ANGLE_FRONT_TO_SIDE,-111.84399507403,33.3061436616843,3,FOUR_WAY_INTERSECTION,ANGLE_FRONT_TO_SIDE,CHANDLER,2013-05-01 12:03:00,DROVE_RODE_IN_OPPOSING_TRAFFIC_LANE,OTHER_97
2750859,2,LEFT_TURN,-111.858953423334,33.2915077475225,4,FOUR_WAY_INTERSECTION,LEFT_TURN,CHANDLER,2013-04-30 10:36:00,NO_IMPROPER_ACTION,INATTENTION_DISTRACTION
2750897,2,ANGLE_FRONT_TO_SIDE,-111.716855451494,33.3142221110684,3,FOUR_WAY_INTERSECTION,ANGLE_FRONT_TO_SIDE,GILBERT,2013-08-22 15:18:00,NO_IMPROPER_ACTION,EXCEEDED_LAWFUL_SPEED
2750919,2,HEAD_ON,-111.877001606673,33.3059778215201,4,UNKNOWN_99,HEAD_ON,CHANDLER,2013-04-26 20:40:00,FAILED_TO_KEEP_IN_PROPER_LANE,NOT_APPLICABLE_MINUS_1+NO_IMPROPER_ACTION